state,district,market,commodity,variety,arrival_date,arrival_date_parsed,arrivals_quintal,min_price,max_price,modal_price
Maharashtra,Nashik,Lasalgaon,Onion,Other,1/1/2016,1/1/2016,5424,1160,2170,1670
Maharashtra,Nashik,Lasalgaon,Onion,Red,1/1/2016,1/1/2016,9405,1080,2170,1860
Maharashtra,Nashik,Lasalgaon,Onion,Other,2/1/2016,1/2/2016,9348,970,2450,1760
Maharashtra,Nashik,Lasalgaon,Onion,Red,2/1/2016,1/2/2016,5308,1190,2400,2010
Maharashtra,Nashik,Lasalgaon,Onion,Other,4/1/2016,1/4/2016,8236,1020,1950,1600
Maharashtra,Nashik,Lasalgaon,Onion,Red,4/1/2016,1/4/2016,6654,980,2070,1700
Maharashtra,Nashik,Lasalgaon,Onion,Other,5/1/2016,1/5/2016,8001,1000,2170,1700
Maharashtra,Nashik,Lasalgaon,Onion,Red,5/1/2016,1/5/2016,5332,1060,2460,1890
Maharashtra,Nashik,Lasalgaon,Onion,Other,6/1/2016,1/6/2016,5359,1020,1870,1490
Maharashtra,Nashik,Lasalgaon,Onion,Red,6/1/2016,1/6/2016,9963,1070,1910,1650
Maharashtra,Nashik,Lasalgaon,Onion,Other,7/1/2016,1/7/2016,7843,980,2050,1600
Maharashtra,Nashik,Lasalgaon,Onion,Red,7/1/2016,1/7/2016,9036,1020,2420,1740
Maharashtra,Nashik,Lasalgaon,Onion,Other,8/1/2016,1/8/2016,4824,900,1890,1580
Maharashtra,Nashik,Lasalgaon,Onion,Red,8/1/2016,1/8/2016,6015,1090,2220,1780
Maharashtra,Nashik,Lasalgaon,Onion,Other,9/1/2016,1/9/2016,5506,880,1870,1450
Maharashtra,Nashik,Lasalgaon,Onion,Red,9/1/2016,1/9/2016,10382,1190,1960,1680
Maharashtra,Nashik,Lasalgaon,Onion,Other,11/1/2016,1/11/2016,9055,770,1900,1410
Maharashtra,Nashik,Lasalgaon,Onion,Red,11/1/2016,1/11/2016,4984,1110,2150,1600
Maharashtra,Nashik,Lasalgaon,Onion,Other,12/1/2016,1/12/2016,6747,990,1800,1380
Maharashtra,Nashik,Lasalgaon,Onion,Red,12/1/2016,1/12/2016,6569,860,1880,1530
Maharashtra,Nashik,Lasalgaon,Onion,Other,13/01/2016,1/13/2016,5336,1090,1910,1500
Maharashtra,Nashik,Lasalgaon,Onion,Red,13/01/2016,1/13/2016,7758,1210,2340,1750
Maharashtra,Nashik,Lasalgaon,Onion,Other,14/01/2016,1/14/2016,4813,930,1780,1420
Maharashtra,Nashik,Lasalgaon,Onion,Red,14/01/2016,1/14/2016,8324,940,1910,1650
Maharashtra,Nashik,Lasalgaon,Onion,Other,15/01/2016,1/15/2016,7212,1030,1710,1410
Maharashtra,Nashik,Lasalgaon,Onion,Red,15/01/2016,1/15/2016,5074,1050,1810,1500
Maharashtra,Nashik,Lasalgaon,Onion,Other,16/01/2016,1/16/2016,8708,970,1790,1320
Maharashtra,Nashik,Lasalgaon,Onion,Red,16/01/2016,1/16/2016,5780,1060,1970,1460
Maharashtra,Nashik,Lasalgaon,Onion,Other,18/01/2016,1/18/2016,6675,970,1880,1370
Maharashtra,Nashik,Lasalgaon,Onion,Red,18/01/2016,1/18/2016,7150,900,1890,1570
Maharashtra,Nashik,Lasalgaon,Onion,Other,19/01/2016,1/19/2016,7297,750,1750,1370
Maharashtra,Nashik,Lasalgaon,Onion,Red,19/01/2016,1/19/2016,6635,920,1820,1540
Maharashtra,Nashik,Lasalgaon,Onion,Other,20/01/2016,1/20/2016,7019,860,1740,1310
Maharashtra,Nashik,Lasalgaon,Onion,Red,20/01/2016,1/20/2016,6156,1110,2070,1490
Maharashtra,Nashik,Lasalgaon,Onion,Other,21/01/2016,1/21/2016,8749,700,1350,1160
Maharashtra,Nashik,Lasalgaon,Onion,Red,21/01/2016,1/21/2016,6493,850,1510,1300
Maharashtra,Nashik,Lasalgaon,Onion,Other,22/01/2016,1/22/2016,10986,740,1630,1280
Maharashtra,Nashik,Lasalgaon,Onion,Red,22/01/2016,1/22/2016,9342,870,1910,1450
Maharashtra,Nashik,Lasalgaon,Onion,Other,23/01/2016,1/23/2016,8684,840,1760,1340
Maharashtra,Nashik,Lasalgaon,Onion,Red,23/01/2016,1/23/2016,9769,960,1720,1470
Maharashtra,Nashik,Lasalgaon,Onion,Other,25/01/2016,1/25/2016,9162,660,1530,1180
Maharashtra,Nashik,Lasalgaon,Onion,Red,25/01/2016,1/25/2016,6164,720,1660,1300
Maharashtra,Nashik,Lasalgaon,Onion,Other,26/01/2016,1/26/2016,10854,800,1440,1160
Maharashtra,Nashik,Lasalgaon,Onion,Red,26/01/2016,1/26/2016,5443,760,1620,1310
Maharashtra,Nashik,Lasalgaon,Onion,Other,27/01/2016,1/27/2016,8100,910,1650,1280
Maharashtra,Nashik,Lasalgaon,Onion,Red,27/01/2016,1/27/2016,10267,830,1630,1390
Maharashtra,Nashik,Lasalgaon,Onion,Other,28/01/2016,1/28/2016,9407,760,1520,1230
Maharashtra,Nashik,Lasalgaon,Onion,Red,28/01/2016,1/28/2016,9522,1020,1920,1400
Maharashtra,Nashik,Lasalgaon,Onion,Other,29/01/2016,1/29/2016,8753,670,1570,1140
Maharashtra,Nashik,Lasalgaon,Onion,Red,29/01/2016,1/29/2016,8934,710,1520,1290
Maharashtra,Nashik,Lasalgaon,Onion,Other,30/01/2016,1/30/2016,9216,890,1580,1310
Maharashtra,Nashik,Lasalgaon,Onion,Red,30/01/2016,1/30/2016,9196,890,1830,1490
Maharashtra,Nashik,Lasalgaon,Onion,Other,1/2/2016,2/1/2016,5385,830,1570,1220
Maharashtra,Nashik,Lasalgaon,Onion,Red,1/2/2016,2/1/2016,6204,860,1670,1380
Maharashtra,Nashik,Lasalgaon,Onion,Other,2/2/2016,2/2/2016,9982,820,1480,1130
Maharashtra,Nashik,Lasalgaon,Onion,Red,2/2/2016,2/2/2016,7865,830,1650,1280
Maharashtra,Nashik,Lasalgaon,Onion,Other,3/2/2016,2/3/2016,8980,710,1340,1160
Maharashtra,Nashik,Lasalgaon,Onion,Red,3/2/2016,2/3/2016,10800,750,1760,1270
Maharashtra,Nashik,Lasalgaon,Onion,Other,4/2/2016,2/4/2016,7654,600,1510,1090
Maharashtra,Nashik,Lasalgaon,Onion,Red,4/2/2016,2/4/2016,10189,930,1730,1250
Maharashtra,Nashik,Lasalgaon,Onion,Other,5/2/2016,2/5/2016,6014,750,1280,1040
Maharashtra,Nashik,Lasalgaon,Onion,Red,5/2/2016,2/5/2016,9369,740,1540,1110
Maharashtra,Nashik,Lasalgaon,Onion,Other,6/2/2016,2/6/2016,5838,690,1430,1020
Maharashtra,Nashik,Lasalgaon,Onion,Red,6/2/2016,2/6/2016,9607,750,1570,1150
Maharashtra,Nashik,Lasalgaon,Onion,Other,8/2/2016,2/8/2016,10090,700,1370,1120
Maharashtra,Nashik,Lasalgaon,Onion,Red,8/2/2016,2/8/2016,10513,920,1760,1290
Maharashtra,Nashik,Lasalgaon,Onion,Other,9/2/2016,2/9/2016,9459,760,1410,1070
Maharashtra,Nashik,Lasalgaon,Onion,Red,9/2/2016,2/9/2016,6848,940,1820,1320
Maharashtra,Nashik,Lasalgaon,Onion,Other,10/2/2016,2/10/2016,8015,650,1130,980
Maharashtra,Nashik,Lasalgaon,Onion,Red,10/2/2016,2/10/2016,8711,720,1330,1090
Maharashtra,Nashik,Lasalgaon,Onion,Other,11/2/2016,2/11/2016,10022,570,1260,980
Maharashtra,Nashik,Lasalgaon,Onion,Red,11/2/2016,2/11/2016,5398,670,1480,1130
Maharashtra,Nashik,Lasalgaon,Onion,Other,12/2/2016,2/12/2016,9707,660,1310,1000
Maharashtra,Nashik,Lasalgaon,Onion,Red,12/2/2016,2/12/2016,6961,820,1410,1100
Maharashtra,Nashik,Lasalgaon,Onion,Other,13/02/2016,2/13/2016,5133,600,1110,950
Maharashtra,Nashik,Lasalgaon,Onion,Red,13/02/2016,2/13/2016,9394,810,1480,1090
Maharashtra,Nashik,Lasalgaon,Onion,Other,15/02/2016,2/15/2016,8669,520,1080,890
Maharashtra,Nashik,Lasalgaon,Onion,Red,15/02/2016,2/15/2016,6782,690,1300,990
Maharashtra,Nashik,Lasalgaon,Onion,Other,16/02/2016,2/16/2016,7205,680,1300,1070
Maharashtra,Nashik,Lasalgaon,Onion,Red,16/02/2016,2/16/2016,5520,860,1420,1230
Maharashtra,Nashik,Lasalgaon,Onion,Other,17/02/2016,2/17/2016,8209,620,1130,960
Maharashtra,Nashik,Lasalgaon,Onion,Red,17/02/2016,2/17/2016,7681,710,1310,1100
Maharashtra,Nashik,Lasalgaon,Onion,Other,18/02/2016,2/18/2016,7376,690,1180,1020
Maharashtra,Nashik,Lasalgaon,Onion,Red,18/02/2016,2/18/2016,10437,740,1400,1090
Maharashtra,Nashik,Lasalgaon,Onion,Other,19/02/2016,2/19/2016,5202,480,1130,860
Maharashtra,Nashik,Lasalgaon,Onion,Red,19/02/2016,2/19/2016,8751,650,1350,970
Maharashtra,Nashik,Lasalgaon,Onion,Other,20/02/2016,2/20/2016,11138,630,1270,990
Maharashtra,Nashik,Lasalgaon,Onion,Red,20/02/2016,2/20/2016,10784,670,1490,1070
Maharashtra,Nashik,Lasalgaon,Onion,Other,22/02/2016,2/22/2016,10642,500,1100,890
Maharashtra,Nashik,Lasalgaon,Onion,Red,22/02/2016,2/22/2016,6804,550,1330,980
Maharashtra,Nashik,Lasalgaon,Onion,Other,23/02/2016,2/23/2016,9910,600,1210,890
Maharashtra,Nashik,Lasalgaon,Onion,Red,23/02/2016,2/23/2016,6123,690,1190,970
Maharashtra,Nashik,Lasalgaon,Onion,Other,24/02/2016,2/24/2016,7477,670,1120,900
Maharashtra,Nashik,Lasalgaon,Onion,Red,24/02/2016,2/24/2016,11023,720,1260,1020
Maharashtra,Nashik,Lasalgaon,Onion,Other,25/02/2016,2/25/2016,5730,580,1120,840
Maharashtra,Nashik,Lasalgaon,Onion,Red,25/02/2016,2/25/2016,10422,700,1230,960
Maharashtra,Nashik,Lasalgaon,Onion,Other,26/02/2016,2/26/2016,11075,550,1000,870
Maharashtra,Nashik,Lasalgaon,Onion,Red,26/02/2016,2/26/2016,11224,550,1190,970
Maharashtra,Nashik,Lasalgaon,Onion,Other,27/02/2016,2/27/2016,7016,560,1050,830
Maharashtra,Nashik,Lasalgaon,Onion,Red,27/02/2016,2/27/2016,9959,580,1240,940
Maharashtra,Nashik,Lasalgaon,Onion,Other,29/02/2016,2/29/2016,5424,470,1060,840
Maharashtra,Nashik,Lasalgaon,Onion,Red,29/02/2016,2/29/2016,10842,630,1200,950
Maharashtra,Nashik,Lasalgaon,Onion,Other,1/3/2016,3/1/2016,9286,440,1010,760
Maharashtra,Nashik,Lasalgaon,Onion,Red,1/3/2016,3/1/2016,9746,480,980,840
Maharashtra,Nashik,Lasalgaon,Onion,Other,2/3/2016,3/2/2016,7631,430,1070,760
Maharashtra,Nashik,Lasalgaon,Onion,Red,2/3/2016,3/2/2016,11370,540,1160,860
Maharashtra,Nashik,Lasalgaon,Onion,Other,3/3/2016,3/3/2016,7990,520,960,740
Maharashtra,Nashik,Lasalgaon,Onion,Red,3/3/2016,3/3/2016,8357,610,970,830
Maharashtra,Nashik,Lasalgaon,Onion,Other,4/3/2016,3/4/2016,5880,430,900,770
Maharashtra,Nashik,Lasalgaon,Onion,Red,4/3/2016,3/4/2016,8944,580,1140,850
Maharashtra,Nashik,Lasalgaon,Onion,Other,5/3/2016,3/5/2016,6617,460,1030,750
Maharashtra,Nashik,Lasalgaon,Onion,Red,5/3/2016,3/5/2016,11537,630,980,850
Maharashtra,Nashik,Lasalgaon,Onion,Other,7/3/2016,3/7/2016,11684,420,970,750
Maharashtra,Nashik,Lasalgaon,Onion,Red,7/3/2016,3/7/2016,9711,550,1100,840
Maharashtra,Nashik,Lasalgaon,Onion,Other,8/3/2016,3/8/2016,5350,550,1140,830
Maharashtra,Nashik,Lasalgaon,Onion,Red,8/3/2016,3/8/2016,10916,550,1260,910
Maharashtra,Nashik,Lasalgaon,Onion,Other,9/3/2016,3/9/2016,8174,500,980,820
Maharashtra,Nashik,Lasalgaon,Onion,Red,9/3/2016,3/9/2016,5516,560,1160,900
Maharashtra,Nashik,Lasalgaon,Onion,Other,10/3/2016,3/10/2016,9776,450,990,730
Maharashtra,Nashik,Lasalgaon,Onion,Red,10/3/2016,3/10/2016,10535,500,1190,860
Maharashtra,Nashik,Lasalgaon,Onion,Other,11/3/2016,3/11/2016,5474,480,890,650
Maharashtra,Nashik,Lasalgaon,Onion,Red,11/3/2016,3/11/2016,10578,430,960,770
Maharashtra,Nashik,Lasalgaon,Onion,Other,12/3/2016,3/12/2016,10962,470,860,630
Maharashtra,Nashik,Lasalgaon,Onion,Red,12/3/2016,3/12/2016,6973,470,920,730
Maharashtra,Nashik,Lasalgaon,Onion,Other,14/03/2016,3/14/2016,10956,480,950,690
Maharashtra,Nashik,Lasalgaon,Onion,Red,14/03/2016,3/14/2016,5959,460,980,770
Maharashtra,Nashik,Lasalgaon,Onion,Other,15/03/2016,3/15/2016,9370,410,910,690
Maharashtra,Nashik,Lasalgaon,Onion,Red,15/03/2016,3/15/2016,9623,480,920,780
Maharashtra,Nashik,Lasalgaon,Onion,Other,16/03/2016,3/16/2016,8859,480,1010,740
Maharashtra,Nashik,Lasalgaon,Onion,Red,16/03/2016,3/16/2016,7758,550,1140,830
Maharashtra,Nashik,Lasalgaon,Onion,Other,17/03/2016,3/17/2016,6063,480,840,700
Maharashtra,Nashik,Lasalgaon,Onion,Red,17/03/2016,3/17/2016,9035,450,1000,810
Maharashtra,Nashik,Lasalgaon,Onion,Other,18/03/2016,3/18/2016,8735,450,760,620
Maharashtra,Nashik,Lasalgaon,Onion,Red,18/03/2016,3/18/2016,9445,460,820,650
Maharashtra,Nashik,Lasalgaon,Onion,Other,19/03/2016,3/19/2016,8620,380,820,590
Maharashtra,Nashik,Lasalgaon,Onion,Red,19/03/2016,3/19/2016,6807,410,860,660
Maharashtra,Nashik,Lasalgaon,Onion,Other,21/03/2016,3/21/2016,11322,390,820,660
Maharashtra,Nashik,Lasalgaon,Onion,Red,21/03/2016,3/21/2016,6292,470,950,720
Maharashtra,Nashik,Lasalgaon,Onion,Other,22/03/2016,3/22/2016,6016,360,730,620
Maharashtra,Nashik,Lasalgaon,Onion,Red,22/03/2016,3/22/2016,7641,440,820,680
Maharashtra,Nashik,Lasalgaon,Onion,Other,23/03/2016,3/23/2016,9413,400,960,710
Maharashtra,Nashik,Lasalgaon,Onion,Red,23/03/2016,3/23/2016,11282,450,1090,800
Maharashtra,Nashik,Lasalgaon,Onion,Other,24/03/2016,3/24/2016,6450,450,840,630
Maharashtra,Nashik,Lasalgaon,Onion,Red,24/03/2016,3/24/2016,8444,410,870,700
Maharashtra,Nashik,Lasalgaon,Onion,Other,25/03/2016,3/25/2016,5471,370,770,570
Maharashtra,Nashik,Lasalgaon,Onion,Red,25/03/2016,3/25/2016,11311,400,880,660
Maharashtra,Nashik,Lasalgaon,Onion,Other,26/03/2016,3/26/2016,8728,420,940,740
Maharashtra,Nashik,Lasalgaon,Onion,Red,26/03/2016,3/26/2016,7552,510,1040,860
Maharashtra,Nashik,Lasalgaon,Onion,Other,28/03/2016,3/28/2016,9308,340,820,600
Maharashtra,Nashik,Lasalgaon,Onion,Red,28/03/2016,3/28/2016,8594,440,870,650
Maharashtra,Nashik,Lasalgaon,Onion,Other,29/03/2016,3/29/2016,8166,410,830,620
Maharashtra,Nashik,Lasalgaon,Onion,Red,29/03/2016,3/29/2016,7633,390,830,680
Maharashtra,Nashik,Lasalgaon,Onion,Other,30/03/2016,3/30/2016,9333,400,900,650
Maharashtra,Nashik,Lasalgaon,Onion,Red,30/03/2016,3/30/2016,6128,460,900,760
Maharashtra,Nashik,Lasalgaon,Onion,Other,31/03/2016,3/31/2016,6405,340,720,590
Maharashtra,Nashik,Lasalgaon,Onion,Red,31/03/2016,3/31/2016,8774,470,760,650
Maharashtra,Nashik,Lasalgaon,Onion,Other,1/4/2016,4/1/2016,11882,350,770,620
Maharashtra,Nashik,Lasalgaon,Onion,Red,1/4/2016,4/1/2016,6903,500,940,690
Maharashtra,Nashik,Lasalgaon,Onion,Other,2/4/2016,4/2/2016,9133,460,810,620
Maharashtra,Nashik,Lasalgaon,Onion,Red,2/4/2016,4/2/2016,6426,410,910,680
Maharashtra,Nashik,Lasalgaon,Onion,Other,4/4/2016,4/4/2016,6007,380,700,580
Maharashtra,Nashik,Lasalgaon,Onion,Red,4/4/2016,4/4/2016,9211,410,750,610
Maharashtra,Nashik,Lasalgaon,Onion,Other,5/4/2016,4/5/2016,7528,390,700,600
Maharashtra,Nashik,Lasalgaon,Onion,Red,5/4/2016,4/5/2016,11978,370,760,650
Maharashtra,Nashik,Lasalgaon,Onion,Other,6/4/2016,4/6/2016,10410,380,840,640
Maharashtra,Nashik,Lasalgaon,Onion,Red,6/4/2016,4/6/2016,7947,470,890,700
Maharashtra,Nashik,Lasalgaon,Onion,Other,7/4/2016,4/7/2016,6042,440,860,620
Maharashtra,Nashik,Lasalgaon,Onion,Red,7/4/2016,4/7/2016,6378,480,960,690
Maharashtra,Nashik,Lasalgaon,Onion,Other,8/4/2016,4/8/2016,6164,400,820,600
Maharashtra,Nashik,Lasalgaon,Onion,Red,8/4/2016,4/8/2016,6274,480,810,670
Maharashtra,Nashik,Lasalgaon,Onion,Other,9/4/2016,4/9/2016,7672,420,790,610
Maharashtra,Nashik,Lasalgaon,Onion,Red,9/4/2016,4/9/2016,10743,490,850,680
Maharashtra,Nashik,Lasalgaon,Onion,Other,11/4/2016,4/11/2016,10468,340,650,530
Maharashtra,Nashik,Lasalgaon,Onion,Red,11/4/2016,4/11/2016,11472,370,690,570
Maharashtra,Nashik,Lasalgaon,Onion,Other,12/4/2016,4/12/2016,5983,460,820,630
Maharashtra,Nashik,Lasalgaon,Onion,Red,12/4/2016,4/12/2016,7459,490,870,660
Maharashtra,Nashik,Lasalgaon,Onion,Other,13/04/2016,4/13/2016,11374,410,790,610
Maharashtra,Nashik,Lasalgaon,Onion,Red,13/04/2016,4/13/2016,7281,480,810,680
Maharashtra,Nashik,Lasalgaon,Onion,Other,14/04/2016,4/14/2016,10438,350,820,630
Maharashtra,Nashik,Lasalgaon,Onion,Red,14/04/2016,4/14/2016,10761,500,860,690
Maharashtra,Nashik,Lasalgaon,Onion,Other,15/04/2016,4/15/2016,6784,420,710,600
Maharashtra,Nashik,Lasalgaon,Onion,Red,15/04/2016,4/15/2016,9577,450,860,650
Maharashtra,Nashik,Lasalgaon,Onion,Other,16/04/2016,4/16/2016,6438,370,770,620
Maharashtra,Nashik,Lasalgaon,Onion,Red,16/04/2016,4/16/2016,7841,530,950,730
Maharashtra,Nashik,Lasalgaon,Onion,Other,18/04/2016,4/18/2016,8668,370,820,630
Maharashtra,Nashik,Lasalgaon,Onion,Red,18/04/2016,4/18/2016,11081,480,820,710
Maharashtra,Nashik,Lasalgaon,Onion,Other,19/04/2016,4/19/2016,10070,430,850,620
Maharashtra,Nashik,Lasalgaon,Onion,Red,19/04/2016,4/19/2016,9280,410,910,700
Maharashtra,Nashik,Lasalgaon,Onion,Other,20/04/2016,4/20/2016,8245,500,930,670
Maharashtra,Nashik,Lasalgaon,Onion,Red,20/04/2016,4/20/2016,10798,430,1040,750
Maharashtra,Nashik,Lasalgaon,Onion,Other,21/04/2016,4/21/2016,5561,420,780,620
Maharashtra,Nashik,Lasalgaon,Onion,Red,21/04/2016,4/21/2016,5148,440,970,720
Maharashtra,Nashik,Lasalgaon,Onion,Other,22/04/2016,4/22/2016,7615,380,810,580
Maharashtra,Nashik,Lasalgaon,Onion,Red,22/04/2016,4/22/2016,8297,390,840,630
Maharashtra,Nashik,Lasalgaon,Onion,Other,23/04/2016,4/23/2016,8627,360,740,620
Maharashtra,Nashik,Lasalgaon,Onion,Red,23/04/2016,4/23/2016,7648,420,910,660
Maharashtra,Nashik,Lasalgaon,Onion,Other,25/04/2016,4/25/2016,6348,390,930,700
Maharashtra,Nashik,Lasalgaon,Onion,Red,25/04/2016,4/25/2016,7853,600,960,810
Maharashtra,Nashik,Lasalgaon,Onion,Other,26/04/2016,4/26/2016,6532,420,990,740
Maharashtra,Nashik,Lasalgaon,Onion,Red,26/04/2016,4/26/2016,6327,600,990,830
Maharashtra,Nashik,Lasalgaon,Onion,Other,27/04/2016,4/27/2016,10515,430,750,640
Maharashtra,Nashik,Lasalgaon,Onion,Red,27/04/2016,4/27/2016,8134,450,910,710
Maharashtra,Nashik,Lasalgaon,Onion,Other,28/04/2016,4/28/2016,11025,400,830,700
Maharashtra,Nashik,Lasalgaon,Onion,Red,28/04/2016,4/28/2016,6946,540,920,740
Maharashtra,Nashik,Lasalgaon,Onion,Other,29/04/2016,4/29/2016,10143,340,720,610
Maharashtra,Nashik,Lasalgaon,Onion,Red,29/04/2016,4/29/2016,6640,490,830,710
Maharashtra,Nashik,Lasalgaon,Onion,Other,30/04/2016,4/30/2016,10615,380,810,690
Maharashtra,Nashik,Lasalgaon,Onion,Red,30/04/2016,4/30/2016,6716,440,980,750
Maharashtra,Nashik,Lasalgaon,Onion,Other,2/5/2016,5/2/2016,10864,460,900,660
Maharashtra,Nashik,Lasalgaon,Onion,Red,2/5/2016,5/2/2016,6507,460,960,730
Maharashtra,Nashik,Lasalgaon,Onion,Other,3/5/2016,5/3/2016,6552,390,820,700
Maharashtra,Nashik,Lasalgaon,Onion,Red,3/5/2016,5/3/2016,9024,430,930,780
Maharashtra,Nashik,Lasalgaon,Onion,Other,4/5/2016,5/4/2016,6887,510,890,720
Maharashtra,Nashik,Lasalgaon,Onion,Red,4/5/2016,5/4/2016,6874,500,1040,800
Maharashtra,Nashik,Lasalgaon,Onion,Other,5/5/2016,5/5/2016,7199,420,800,640
Maharashtra,Nashik,Lasalgaon,Onion,Red,5/5/2016,5/5/2016,6049,550,1000,750
Maharashtra,Nashik,Lasalgaon,Onion,Other,6/5/2016,5/6/2016,8049,510,940,690
Maharashtra,Nashik,Lasalgaon,Onion,Red,6/5/2016,5/6/2016,8721,440,970,800
Maharashtra,Nashik,Lasalgaon,Onion,Other,7/5/2016,5/7/2016,11940,370,880,650
Maharashtra,Nashik,Lasalgaon,Onion,Red,7/5/2016,5/7/2016,6957,480,880,740
Maharashtra,Nashik,Lasalgaon,Onion,Other,9/5/2016,5/9/2016,9549,440,940,730
Maharashtra,Nashik,Lasalgaon,Onion,Red,9/5/2016,5/9/2016,5145,570,950,790
Maharashtra,Nashik,Lasalgaon,Onion,Other,10/5/2016,5/10/2016,6297,490,970,740
Maharashtra,Nashik,Lasalgaon,Onion,Red,10/5/2016,5/10/2016,7601,620,1060,850
Maharashtra,Nashik,Lasalgaon,Onion,Other,11/5/2016,5/11/2016,5689,410,940,710
Maharashtra,Nashik,Lasalgaon,Onion,Red,11/5/2016,5/11/2016,7703,530,960,790
Maharashtra,Nashik,Lasalgaon,Onion,Other,12/5/2016,5/12/2016,9004,490,860,700
Maharashtra,Nashik,Lasalgaon,Onion,Red,12/5/2016,5/12/2016,11449,490,990,760
Maharashtra,Nashik,Lasalgaon,Onion,Other,13/05/2016,5/13/2016,9188,400,860,710
Maharashtra,Nashik,Lasalgaon,Onion,Red,13/05/2016,5/13/2016,9082,450,1030,810
Maharashtra,Nashik,Lasalgaon,Onion,Other,14/05/2016,5/14/2016,9968,460,950,810
Maharashtra,Nashik,Lasalgaon,Onion,Red,14/05/2016,5/14/2016,7906,580,1180,890
Maharashtra,Nashik,Lasalgaon,Onion,Other,16/05/2016,5/16/2016,6893,570,1070,810
Maharashtra,Nashik,Lasalgaon,Onion,Red,16/05/2016,5/16/2016,5616,600,1110,890
Maharashtra,Nashik,Lasalgaon,Onion,Other,17/05/2016,5/17/2016,10987,460,1010,780
Maharashtra,Nashik,Lasalgaon,Onion,Red,17/05/2016,5/17/2016,9401,620,1200,890
Maharashtra,Nashik,Lasalgaon,Onion,Other,18/05/2016,5/18/2016,6523,500,1060,840
Maharashtra,Nashik,Lasalgaon,Onion,Red,18/05/2016,5/18/2016,5226,710,1310,950
Maharashtra,Nashik,Lasalgaon,Onion,Other,19/05/2016,5/19/2016,11201,480,1070,830
Maharashtra,Nashik,Lasalgaon,Onion,Red,19/05/2016,5/19/2016,6952,520,1230,930
Maharashtra,Nashik,Lasalgaon,Onion,Other,20/05/2016,5/20/2016,7209,590,1110,810
Maharashtra,Nashik,Lasalgaon,Onion,Red,20/05/2016,5/20/2016,8936,660,1070,930
Maharashtra,Nashik,Lasalgaon,Onion,Other,21/05/2016,5/21/2016,7359,450,1060,800
Maharashtra,Nashik,Lasalgaon,Onion,Red,21/05/2016,5/21/2016,7108,620,1040,890
Maharashtra,Nashik,Lasalgaon,Onion,Other,23/05/2016,5/23/2016,10873,560,1200,920
Maharashtra,Nashik,Lasalgaon,Onion,Red,23/05/2016,5/23/2016,5065,700,1250,1040
Maharashtra,Nashik,Lasalgaon,Onion,Other,24/05/2016,5/24/2016,11710,640,1160,860
Maharashtra,Nashik,Lasalgaon,Onion,Red,24/05/2016,5/24/2016,7585,620,1330,990
Maharashtra,Nashik,Lasalgaon,Onion,Other,25/05/2016,5/25/2016,9998,720,1380,990
Maharashtra,Nashik,Lasalgaon,Onion,Red,25/05/2016,5/25/2016,9651,690,1370,1100
Maharashtra,Nashik,Lasalgaon,Onion,Other,26/05/2016,5/26/2016,7009,530,1050,860
Maharashtra,Nashik,Lasalgaon,Onion,Red,26/05/2016,5/26/2016,5083,570,1110,950
Maharashtra,Nashik,Lasalgaon,Onion,Other,27/05/2016,5/27/2016,6461,560,1170,890
Maharashtra,Nashik,Lasalgaon,Onion,Red,27/05/2016,5/27/2016,5520,740,1350,1000
Maharashtra,Nashik,Lasalgaon,Onion,Other,28/05/2016,5/28/2016,9026,710,1210,950
Maharashtra,Nashik,Lasalgaon,Onion,Red,28/05/2016,5/28/2016,6404,620,1490,1060
Maharashtra,Nashik,Lasalgaon,Onion,Other,30/05/2016,5/30/2016,6509,630,1190,930
Maharashtra,Nashik,Lasalgaon,Onion,Red,30/05/2016,5/30/2016,6109,620,1280,1060
Maharashtra,Nashik,Lasalgaon,Onion,Other,31/05/2016,5/31/2016,10888,510,1250,900
Maharashtra,Nashik,Lasalgaon,Onion,Red,31/05/2016,5/31/2016,6043,770,1460,1040
Maharashtra,Nashik,Lasalgaon,Onion,Other,1/6/2016,6/1/2016,10256,710,1220,1030
Maharashtra,Nashik,Lasalgaon,Onion,Red,1/6/2016,6/1/2016,8305,680,1370,1140
Maharashtra,Nashik,Lasalgaon,Onion,Other,2/6/2016,6/2/2016,6634,600,1440,1050
Maharashtra,Nashik,Lasalgaon,Onion,Red,2/6/2016,6/2/2016,10871,710,1690,1230
Maharashtra,Nashik,Lasalgaon,Onion,Other,3/6/2016,6/3/2016,5511,670,1280,990
Maharashtra,Nashik,Lasalgaon,Onion,Red,3/6/2016,6/3/2016,6534,710,1390,1120
Maharashtra,Nashik,Lasalgaon,Onion,Other,4/6/2016,6/4/2016,9450,560,1190,980
Maharashtra,Nashik,Lasalgaon,Onion,Red,4/6/2016,6/4/2016,8013,650,1580,1160
Maharashtra,Nashik,Lasalgaon,Onion,Other,6/6/2016,6/6/2016,9177,830,1440,1170
Maharashtra,Nashik,Lasalgaon,Onion,Red,6/6/2016,6/6/2016,10294,850,1570,1290
Maharashtra,Nashik,Lasalgaon,Onion,Other,7/6/2016,6/7/2016,9513,760,1450,1060
Maharashtra,Nashik,Lasalgaon,Onion,Red,7/6/2016,6/7/2016,9128,880,1620,1220
Maharashtra,Nashik,Lasalgaon,Onion,Other,8/6/2016,6/8/2016,10480,650,1540,1130
Maharashtra,Nashik,Lasalgaon,Onion,Red,8/6/2016,6/8/2016,5563,710,1740,1280
Maharashtra,Nashik,Lasalgaon,Onion,Other,9/6/2016,6/9/2016,10223,660,1530,1130
Maharashtra,Nashik,Lasalgaon,Onion,Red,9/6/2016,6/9/2016,6601,810,1420,1240
Maharashtra,Nashik,Lasalgaon,Onion,Other,10/6/2016,6/10/2016,9004,730,1310,1080
Maharashtra,Nashik,Lasalgaon,Onion,Red,10/6/2016,6/10/2016,5477,800,1630,1210
Maharashtra,Nashik,Lasalgaon,Onion,Other,11/6/2016,6/11/2016,8970,810,1350,1100
Maharashtra,Nashik,Lasalgaon,Onion,Red,11/6/2016,6/11/2016,10679,940,1500,1280
Maharashtra,Nashik,Lasalgaon,Onion,Other,13/06/2016,6/13/2016,5317,660,1430,1080
Maharashtra,Nashik,Lasalgaon,Onion,Red,13/06/2016,6/13/2016,8762,810,1500,1210
Maharashtra,Nashik,Lasalgaon,Onion,Other,14/06/2016,6/14/2016,5023,760,1250,1080
Maharashtra,Nashik,Lasalgaon,Onion,Red,14/06/2016,6/14/2016,9690,750,1560,1230
Maharashtra,Nashik,Lasalgaon,Onion,Other,15/06/2016,6/15/2016,7631,660,1540,1100
Maharashtra,Nashik,Lasalgaon,Onion,Red,15/06/2016,6/15/2016,9764,830,1540,1290
Maharashtra,Nashik,Lasalgaon,Onion,Other,16/06/2016,6/16/2016,9137,610,1420,1080
Maharashtra,Nashik,Lasalgaon,Onion,Red,16/06/2016,6/16/2016,5743,740,1710,1230
Maharashtra,Nashik,Lasalgaon,Onion,Other,17/06/2016,6/17/2016,7335,770,1580,1210
Maharashtra,Nashik,Lasalgaon,Onion,Red,17/06/2016,6/17/2016,7267,820,1890,1350
Maharashtra,Nashik,Lasalgaon,Onion,Other,18/06/2016,6/18/2016,9020,690,1340,1160
Maharashtra,Nashik,Lasalgaon,Onion,Red,18/06/2016,6/18/2016,7710,820,1790,1310
Maharashtra,Nashik,Lasalgaon,Onion,Other,20/06/2016,6/20/2016,9631,870,1680,1230
Maharashtra,Nashik,Lasalgaon,Onion,Red,20/06/2016,6/20/2016,4870,940,1650,1400
Maharashtra,Nashik,Lasalgaon,Onion,Other,21/06/2016,6/21/2016,5520,880,1570,1240
Maharashtra,Nashik,Lasalgaon,Onion,Red,21/06/2016,6/21/2016,7336,810,1860,1410
Maharashtra,Nashik,Lasalgaon,Onion,Other,22/06/2016,6/22/2016,6495,690,1600,1230
Maharashtra,Nashik,Lasalgaon,Onion,Red,22/06/2016,6/22/2016,7576,940,1630,1330
Maharashtra,Nashik,Lasalgaon,Onion,Other,23/06/2016,6/23/2016,9222,820,1490,1220
Maharashtra,Nashik,Lasalgaon,Onion,Red,23/06/2016,6/23/2016,4998,920,1710,1280
Maharashtra,Nashik,Lasalgaon,Onion,Other,24/06/2016,6/24/2016,5720,710,1670,1190
Maharashtra,Nashik,Lasalgaon,Onion,Red,24/06/2016,6/24/2016,9130,870,1740,1330
Maharashtra,Nashik,Lasalgaon,Onion,Other,25/06/2016,6/25/2016,5318,780,1620,1260
Maharashtra,Nashik,Lasalgaon,Onion,Red,25/06/2016,6/25/2016,5142,880,1640,1420
Maharashtra,Nashik,Lasalgaon,Onion,Other,27/06/2016,6/27/2016,9883,820,1630,1230
Maharashtra,Nashik,Lasalgaon,Onion,Red,27/06/2016,6/27/2016,5341,810,1630,1370
Maharashtra,Nashik,Lasalgaon,Onion,Other,28/06/2016,6/28/2016,4963,800,1990,1440
Maharashtra,Nashik,Lasalgaon,Onion,Red,28/06/2016,6/28/2016,9732,1090,2190,1650
Maharashtra,Nashik,Lasalgaon,Onion,Other,29/06/2016,6/29/2016,5159,870,1910,1410
Maharashtra,Nashik,Lasalgaon,Onion,Red,29/06/2016,6/29/2016,9465,1170,2070,1610
Maharashtra,Nashik,Lasalgaon,Onion,Other,30/06/2016,6/30/2016,5081,1000,2030,1530
Maharashtra,Nashik,Lasalgaon,Onion,Red,30/06/2016,6/30/2016,5437,940,2030,1680
Maharashtra,Nashik,Lasalgaon,Onion,Other,1/7/2016,7/1/2016,5843,1000,1660,1350
Maharashtra,Nashik,Lasalgaon,Onion,Red,1/7/2016,7/1/2016,7637,1080,2000,1520
Maharashtra,Nashik,Lasalgaon,Onion,Other,2/7/2016,7/2/2016,10538,910,2140,1530
Maharashtra,Nashik,Lasalgaon,Onion,Red,2/7/2016,7/2/2016,8474,1180,2080,1740
Maharashtra,Nashik,Lasalgaon,Onion,Other,4/7/2016,7/4/2016,9291,1010,1860,1400
Maharashtra,Nashik,Lasalgaon,Onion,Red,4/7/2016,7/4/2016,6889,950,1850,1490
Maharashtra,Nashik,Lasalgaon,Onion,Other,5/7/2016,7/5/2016,7643,930,1940,1450
Maharashtra,Nashik,Lasalgaon,Onion,Red,5/7/2016,7/5/2016,7014,1210,2300,1670
Maharashtra,Nashik,Lasalgaon,Onion,Other,6/7/2016,7/6/2016,8412,1100,1810,1510
Maharashtra,Nashik,Lasalgaon,Onion,Red,6/7/2016,7/6/2016,5316,1090,2150,1620
Maharashtra,Nashik,Lasalgaon,Onion,Other,7/7/2016,7/7/2016,10547,880,1820,1510
Maharashtra,Nashik,Lasalgaon,Onion,Red,7/7/2016,7/7/2016,7404,1000,2320,1700
Maharashtra,Nashik,Lasalgaon,Onion,Other,8/7/2016,7/8/2016,6777,980,1960,1530
Maharashtra,Nashik,Lasalgaon,Onion,Red,8/7/2016,7/8/2016,6801,1130,2020,1700
Maharashtra,Nashik,Lasalgaon,Onion,Other,9/7/2016,7/9/2016,10734,970,1630,1380
Maharashtra,Nashik,Lasalgaon,Onion,Red,9/7/2016,7/9/2016,4988,1020,1930,1590
Maharashtra,Nashik,Lasalgaon,Onion,Other,11/7/2016,7/11/2016,7215,950,2080,1530
Maharashtra,Nashik,Lasalgaon,Onion,Red,11/7/2016,7/11/2016,8734,1000,2160,1660
Maharashtra,Nashik,Lasalgaon,Onion,Other,12/7/2016,7/12/2016,8663,840,2010,1510
Maharashtra,Nashik,Lasalgaon,Onion,Red,12/7/2016,7/12/2016,9299,1080,2280,1680
Maharashtra,Nashik,Lasalgaon,Onion,Other,13/07/2016,7/13/2016,6123,980,1950,1650
Maharashtra,Nashik,Lasalgaon,Onion,Red,13/07/2016,7/13/2016,9815,1050,2390,1860
Maharashtra,Nashik,Lasalgaon,Onion,Other,14/07/2016,7/14/2016,4760,1010,2100,1640
Maharashtra,Nashik,Lasalgaon,Onion,Red,14/07/2016,7/14/2016,10011,1060,2560,1840
Maharashtra,Nashik,Lasalgaon,Onion,Other,15/07/2016,7/15/2016,7405,1070,2140,1680
Maharashtra,Nashik,Lasalgaon,Onion,Red,15/07/2016,7/15/2016,4518,1290,2250,1890
Maharashtra,Nashik,Lasalgaon,Onion,Other,16/07/2016,7/16/2016,10236,1010,2260,1710
Maharashtra,Nashik,Lasalgaon,Onion,Red,16/07/2016,7/16/2016,6947,1060,2460,1860
Maharashtra,Nashik,Lasalgaon,Onion,Other,18/07/2016,7/18/2016,10219,1110,2200,1620
Maharashtra,Nashik,Lasalgaon,Onion,Red,18/07/2016,7/18/2016,8008,1250,2320,1820
Maharashtra,Nashik,Lasalgaon,Onion,Other,19/07/2016,7/19/2016,8618,930,2310,1670
Maharashtra,Nashik,Lasalgaon,Onion,Red,19/07/2016,7/19/2016,8124,1320,2320,1920
Maharashtra,Nashik,Lasalgaon,Onion,Other,20/07/2016,7/20/2016,10226,1040,2400,1830
Maharashtra,Nashik,Lasalgaon,Onion,Red,20/07/2016,7/20/2016,6600,1110,2770,1990
Maharashtra,Nashik,Lasalgaon,Onion,Other,21/07/2016,7/21/2016,9692,1140,2290,1710
Maharashtra,Nashik,Lasalgaon,Onion,Red,21/07/2016,7/21/2016,8149,1220,2390,1940
Maharashtra,Nashik,Lasalgaon,Onion,Other,22/07/2016,7/22/2016,9262,1250,2210,1760
Maharashtra,Nashik,Lasalgaon,Onion,Red,22/07/2016,7/22/2016,4305,1150,2580,2000
Maharashtra,Nashik,Lasalgaon,Onion,Other,23/07/2016,7/23/2016,6886,1010,2120,1600
Maharashtra,Nashik,Lasalgaon,Onion,Red,23/07/2016,7/23/2016,6675,1100,2080,1720
Maharashtra,Nashik,Lasalgaon,Onion,Other,25/07/2016,7/25/2016,6525,1290,2420,1910
Maharashtra,Nashik,Lasalgaon,Onion,Red,25/07/2016,7/25/2016,6785,1590,2820,2200
Maharashtra,Nashik,Lasalgaon,Onion,Other,26/07/2016,7/26/2016,8201,1070,2070,1610
Maharashtra,Nashik,Lasalgaon,Onion,Red,26/07/2016,7/26/2016,8724,1210,2330,1720
Maharashtra,Nashik,Lasalgaon,Onion,Other,27/07/2016,7/27/2016,4722,1110,2560,1850
Maharashtra,Nashik,Lasalgaon,Onion,Red,27/07/2016,7/27/2016,4782,1540,2590,2090
Maharashtra,Nashik,Lasalgaon,Onion,Other,28/07/2016,7/28/2016,9393,970,1970,1600
Maharashtra,Nashik,Lasalgaon,Onion,Red,28/07/2016,7/28/2016,8000,1180,2200,1790
Maharashtra,Nashik,Lasalgaon,Onion,Other,29/07/2016,7/29/2016,5558,1070,2000,1690
Maharashtra,Nashik,Lasalgaon,Onion,Red,29/07/2016,7/29/2016,7331,1330,2320,1940
Maharashtra,Nashik,Lasalgaon,Onion,Other,30/07/2016,7/30/2016,10134,1160,2120,1750
Maharashtra,Nashik,Lasalgaon,Onion,Red,30/07/2016,7/30/2016,7429,1280,2670,1980
Maharashtra,Nashik,Lasalgaon,Onion,Other,1/8/2016,8/1/2016,9131,1370,2420,1860
Maharashtra,Nashik,Lasalgaon,Onion,Red,1/8/2016,8/1/2016,5429,1490,2480,2060
Maharashtra,Nashik,Lasalgaon,Onion,Other,2/8/2016,8/2/2016,6576,1220,2340,1700
Maharashtra,Nashik,Lasalgaon,Onion,Red,2/8/2016,8/2/2016,5846,1190,2680,1990
Maharashtra,Nashik,Lasalgaon,Onion,Other,3/8/2016,8/3/2016,8019,1260,2160,1840
Maharashtra,Nashik,Lasalgaon,Onion,Red,3/8/2016,8/3/2016,5124,1360,2760,2130
Maharashtra,Nashik,Lasalgaon,Onion,Other,4/8/2016,8/4/2016,4434,1160,2300,1960
Maharashtra,Nashik,Lasalgaon,Onion,Red,4/8/2016,8/4/2016,7135,1500,2890,2220
Maharashtra,Nashik,Lasalgaon,Onion,Other,5/8/2016,8/5/2016,10143,1230,2340,1840
Maharashtra,Nashik,Lasalgaon,Onion,Red,5/8/2016,8/5/2016,6595,1140,2620,1980
Maharashtra,Nashik,Lasalgaon,Onion,Other,6/8/2016,8/6/2016,4918,1450,2940,2110
Maharashtra,Nashik,Lasalgaon,Onion,Red,6/8/2016,8/6/2016,7192,1330,3090,2320
Maharashtra,Nashik,Lasalgaon,Onion,Other,8/8/2016,8/8/2016,5448,1080,2610,1900
Maharashtra,Nashik,Lasalgaon,Onion,Red,8/8/2016,8/8/2016,6187,1300,2550,2110
Maharashtra,Nashik,Lasalgaon,Onion,Other,9/8/2016,8/9/2016,5638,1100,2640,1960
Maharashtra,Nashik,Lasalgaon,Onion,Red,9/8/2016,8/9/2016,7794,1410,2940,2150
Maharashtra,Nashik,Lasalgaon,Onion,Other,10/8/2016,8/10/2016,10349,1070,2280,1730
Maharashtra,Nashik,Lasalgaon,Onion,Red,10/8/2016,8/10/2016,8486,1340,2530,1960
Maharashtra,Nashik,Lasalgaon,Onion,Other,11/8/2016,8/11/2016,5352,1260,2640,1900
Maharashtra,Nashik,Lasalgaon,Onion,Red,11/8/2016,8/11/2016,7188,1460,2550,2120
Maharashtra,Nashik,Lasalgaon,Onion,Other,12/8/2016,8/12/2016,8084,1390,2450,1980
Maharashtra,Nashik,Lasalgaon,Onion,Red,12/8/2016,8/12/2016,5470,1530,2990,2160
Maharashtra,Nashik,Lasalgaon,Onion,Other,13/08/2016,8/13/2016,7484,1400,2590,1880
Maharashtra,Nashik,Lasalgaon,Onion,Red,13/08/2016,8/13/2016,7727,1500,2670,2080
Maharashtra,Nashik,Lasalgaon,Onion,Other,15/08/2016,8/15/2016,8646,1180,2790,2060
Maharashtra,Nashik,Lasalgaon,Onion,Red,15/08/2016,8/15/2016,5739,1580,2650,2280
Maharashtra,Nashik,Lasalgaon,Onion,Other,16/08/2016,8/16/2016,7484,1110,2700,1950
Maharashtra,Nashik,Lasalgaon,Onion,Red,16/08/2016,8/16/2016,6714,1290,2630,2100
Maharashtra,Nashik,Lasalgaon,Onion,Other,17/08/2016,8/17/2016,9770,1540,2680,2100
Maharashtra,Nashik,Lasalgaon,Onion,Red,17/08/2016,8/17/2016,8818,1810,3020,2510
Maharashtra,Nashik,Lasalgaon,Onion,Other,18/08/2016,8/18/2016,9103,1300,2850,2080
Maharashtra,Nashik,Lasalgaon,Onion,Red,18/08/2016,8/18/2016,5710,1650,3130,2320
Maharashtra,Nashik,Lasalgaon,Onion,Other,19/08/2016,8/19/2016,6186,1200,2730,2060
Maharashtra,Nashik,Lasalgaon,Onion,Red,19/08/2016,8/19/2016,8597,1680,2960,2260
Maharashtra,Nashik,Lasalgaon,Onion,Other,20/08/2016,8/20/2016,5195,1400,2800,2090
Maharashtra,Nashik,Lasalgaon,Onion,Red,20/08/2016,8/20/2016,4798,1560,2990,2390
Maharashtra,Nashik,Lasalgaon,Onion,Other,22/08/2016,8/22/2016,9698,1130,2410,2040
Maharashtra,Nashik,Lasalgaon,Onion,Red,22/08/2016,8/22/2016,6455,1500,3160,2270
Maharashtra,Nashik,Lasalgaon,Onion,Other,23/08/2016,8/23/2016,7763,1360,2510,2130
Maharashtra,Nashik,Lasalgaon,Onion,Red,23/08/2016,8/23/2016,7655,1340,2960,2260
Maharashtra,Nashik,Lasalgaon,Onion,Other,24/08/2016,8/24/2016,4523,1190,2950,2110
Maharashtra,Nashik,Lasalgaon,Onion,Red,24/08/2016,8/24/2016,5234,1690,3430,2460
Maharashtra,Nashik,Lasalgaon,Onion,Other,25/08/2016,8/25/2016,7096,1420,2410,2070
Maharashtra,Nashik,Lasalgaon,Onion,Red,25/08/2016,8/25/2016,7416,1720,3110,2300
Maharashtra,Nashik,Lasalgaon,Onion,Other,26/08/2016,8/26/2016,4800,1500,2870,2280
Maharashtra,Nashik,Lasalgaon,Onion,Red,26/08/2016,8/26/2016,5006,1790,3100,2450
Maharashtra,Nashik,Lasalgaon,Onion,Other,27/08/2016,8/27/2016,8627,1440,2690,2020
Maharashtra,Nashik,Lasalgaon,Onion,Red,27/08/2016,8/27/2016,6851,1190,2700,2150
Maharashtra,Nashik,Lasalgaon,Onion,Other,29/08/2016,8/29/2016,4261,1390,2550,2120
Maharashtra,Nashik,Lasalgaon,Onion,Red,29/08/2016,8/29/2016,8291,1430,3340,2400
Maharashtra,Nashik,Lasalgaon,Onion,Other,30/08/2016,8/30/2016,6648,1260,2830,2200
Maharashtra,Nashik,Lasalgaon,Onion,Red,30/08/2016,8/30/2016,6508,1800,2940,2500
Maharashtra,Nashik,Lasalgaon,Onion,Other,31/08/2016,8/31/2016,6264,1500,2730,2150
Maharashtra,Nashik,Lasalgaon,Onion,Red,31/08/2016,8/31/2016,8271,1480,2970,2350
Maharashtra,Nashik,Lasalgaon,Onion,Other,1/9/2016,9/1/2016,5608,1460,2680,2130
Maharashtra,Nashik,Lasalgaon,Onion,Red,1/9/2016,9/1/2016,8754,1760,2840,2450
Maharashtra,Nashik,Lasalgaon,Onion,Other,2/9/2016,9/2/2016,7264,1720,3460,2520
Maharashtra,Nashik,Lasalgaon,Onion,Red,2/9/2016,9/2/2016,6365,1870,3230,2770
Maharashtra,Nashik,Lasalgaon,Onion,Other,3/9/2016,9/3/2016,4300,1500,3030,2300
Maharashtra,Nashik,Lasalgaon,Onion,Red,3/9/2016,9/3/2016,4299,1430,3360,2530
Maharashtra,Nashik,Lasalgaon,Onion,Other,5/9/2016,9/5/2016,7952,1280,2780,2070
Maharashtra,Nashik,Lasalgaon,Onion,Red,5/9/2016,9/5/2016,4638,1330,2700,2260
Maharashtra,Nashik,Lasalgaon,Onion,Other,6/9/2016,9/6/2016,4432,1460,2800,2420
Maharashtra,Nashik,Lasalgaon,Onion,Red,6/9/2016,9/6/2016,7624,2060,3390,2770
Maharashtra,Nashik,Lasalgaon,Onion,Other,7/9/2016,9/7/2016,7679,1230,2450,2080
Maharashtra,Nashik,Lasalgaon,Onion,Red,7/9/2016,9/7/2016,6819,1710,3170,2420
Maharashtra,Nashik,Lasalgaon,Onion,Other,8/9/2016,9/8/2016,7367,1630,2850,2190
Maharashtra,Nashik,Lasalgaon,Onion,Red,8/9/2016,9/8/2016,7380,1760,3400,2510
Maharashtra,Nashik,Lasalgaon,Onion,Other,9/9/2016,9/9/2016,6155,1650,2700,2240
Maharashtra,Nashik,Lasalgaon,Onion,Red,9/9/2016,9/9/2016,7224,1560,3080,2450
Maharashtra,Nashik,Lasalgaon,Onion,Other,10/9/2016,9/10/2016,5664,1650,2970,2260
Maharashtra,Nashik,Lasalgaon,Onion,Red,10/9/2016,9/10/2016,8363,1790,3440,2520
Maharashtra,Nashik,Lasalgaon,Onion,Other,12/9/2016,9/12/2016,8676,1600,2890,2280
Maharashtra,Nashik,Lasalgaon,Onion,Red,12/9/2016,9/12/2016,7292,1790,3470,2580
Maharashtra,Nashik,Lasalgaon,Onion,Other,13/09/2016,9/13/2016,4281,1750,3240,2340
Maharashtra,Nashik,Lasalgaon,Onion,Red,13/09/2016,9/13/2016,7719,1470,2990,2530
Maharashtra,Nashik,Lasalgaon,Onion,Other,14/09/2016,9/14/2016,8120,1460,3060,2250
Maharashtra,Nashik,Lasalgaon,Onion,Red,14/09/2016,9/14/2016,6548,1680,3320,2560
Maharashtra,Nashik,Lasalgaon,Onion,Other,15/09/2016,9/15/2016,7396,1660,3290,2410
Maharashtra,Nashik,Lasalgaon,Onion,Red,15/09/2016,9/15/2016,6293,1800,3060,2570
Maharashtra,Nashik,Lasalgaon,Onion,Other,16/09/2016,9/16/2016,7089,1640,2770,2300
Maharashtra,Nashik,Lasalgaon,Onion,Red,16/09/2016,9/16/2016,4914,1760,3290,2520
Maharashtra,Nashik,Lasalgaon,Onion,Other,17/09/2016,9/17/2016,7928,1660,2890,2510
Maharashtra,Nashik,Lasalgaon,Onion,Red,17/09/2016,9/17/2016,4788,1540,3690,2760
Maharashtra,Nashik,Lasalgaon,Onion,Other,19/09/2016,9/19/2016,5706,1440,2770,2330
Maharashtra,Nashik,Lasalgaon,Onion,Red,19/09/2016,9/19/2016,5740,1920,3700,2640
Maharashtra,Nashik,Lasalgaon,Onion,Other,20/09/2016,9/20/2016,5899,1890,3370,2600
Maharashtra,Nashik,Lasalgaon,Onion,Red,20/09/2016,9/20/2016,3707,1820,3810,2880
Maharashtra,Nashik,Lasalgaon,Onion,Other,21/09/2016,9/21/2016,7458,1520,2510,2140
Maharashtra,Nashik,Lasalgaon,Onion,Red,21/09/2016,9/21/2016,4297,1600,3250,2480
Maharashtra,Nashik,Lasalgaon,Onion,Other,22/09/2016,9/22/2016,7397,1710,3360,2580
Maharashtra,Nashik,Lasalgaon,Onion,Red,22/09/2016,9/22/2016,7516,2170,3710,3050
Maharashtra,Nashik,Lasalgaon,Onion,Other,23/09/2016,9/23/2016,8405,1260,2780,2250
Maharashtra,Nashik,Lasalgaon,Onion,Red,23/09/2016,9/23/2016,6638,1740,3400,2520
Maharashtra,Nashik,Lasalgaon,Onion,Other,24/09/2016,9/24/2016,4622,1360,2780,2210
Maharashtra,Nashik,Lasalgaon,Onion,Red,24/09/2016,9/24/2016,7861,1460,3200,2460
Maharashtra,Nashik,Lasalgaon,Onion,Other,26/09/2016,9/26/2016,4770,1510,3010,2230
Maharashtra,Nashik,Lasalgaon,Onion,Red,26/09/2016,9/26/2016,5830,1660,3570,2630
Maharashtra,Nashik,Lasalgaon,Onion,Other,27/09/2016,9/27/2016,5557,1560,3290,2650
Maharashtra,Nashik,Lasalgaon,Onion,Red,27/09/2016,9/27/2016,7492,1720,3580,3090
Maharashtra,Nashik,Lasalgaon,Onion,Other,28/09/2016,9/28/2016,5385,1470,3330,2410
Maharashtra,Nashik,Lasalgaon,Onion,Red,28/09/2016,9/28/2016,8269,1630,3510,2570
Maharashtra,Nashik,Lasalgaon,Onion,Other,29/09/2016,9/29/2016,4675,1580,3130,2460
Maharashtra,Nashik,Lasalgaon,Onion,Red,29/09/2016,9/29/2016,6310,1540,3620,2720
Maharashtra,Nashik,Lasalgaon,Onion,Other,30/09/2016,9/30/2016,6994,1850,3130,2630
Maharashtra,Nashik,Lasalgaon,Onion,Red,30/09/2016,9/30/2016,6887,1680,3890,2910
Maharashtra,Nashik,Lasalgaon,Onion,Other,1/10/2016,10/1/2016,8880,1430,2880,2380
Maharashtra,Nashik,Lasalgaon,Onion,Red,1/10/2016,10/1/2016,7734,1590,3230,2650
Maharashtra,Nashik,Lasalgaon,Onion,Other,3/10/2016,10/3/2016,4043,1470,3320,2610
Maharashtra,Nashik,Lasalgaon,Onion,Red,3/10/2016,10/3/2016,4361,1630,4000,2900
Maharashtra,Nashik,Lasalgaon,Onion,Other,4/10/2016,10/4/2016,4362,1270,2820,2050
Maharashtra,Nashik,Lasalgaon,Onion,Red,4/10/2016,10/4/2016,7059,1600,3270,2350
Maharashtra,Nashik,Lasalgaon,Onion,Other,5/10/2016,10/5/2016,5583,1510,3030,2170
Maharashtra,Nashik,Lasalgaon,Onion,Red,5/10/2016,10/5/2016,7029,1630,2880,2400
Maharashtra,Nashik,Lasalgaon,Onion,Other,6/10/2016,10/6/2016,4564,1660,3050,2470
Maharashtra,Nashik,Lasalgaon,Onion,Red,6/10/2016,10/6/2016,5032,1600,3330,2760
Maharashtra,Nashik,Lasalgaon,Onion,Other,7/10/2016,10/7/2016,8562,1590,2860,2430
Maharashtra,Nashik,Lasalgaon,Onion,Red,7/10/2016,10/7/2016,7278,1950,3270,2800
Maharashtra,Nashik,Lasalgaon,Onion,Other,8/10/2016,10/8/2016,4991,1460,2900,2280
Maharashtra,Nashik,Lasalgaon,Onion,Red,8/10/2016,10/8/2016,7383,1890,3490,2560
Maharashtra,Nashik,Lasalgaon,Onion,Other,10/10/2016,10/10/2016,4584,1400,2650,2060
Maharashtra,Nashik,Lasalgaon,Onion,Red,10/10/2016,10/10/2016,6632,1460,3030,2240
Maharashtra,Nashik,Lasalgaon,Onion,Other,11/10/2016,10/11/2016,8171,1340,2840,2310
Maharashtra,Nashik,Lasalgaon,Onion,Red,11/10/2016,10/11/2016,8513,1650,3040,2530
Maharashtra,Nashik,Lasalgaon,Onion,Other,12/10/2016,10/12/2016,4181,1760,3160,2360
Maharashtra,Nashik,Lasalgaon,Onion,Red,12/10/2016,10/12/2016,8677,1420,3200,2530
Maharashtra,Nashik,Lasalgaon,Onion,Other,13/10/2016,10/13/2016,8443,1350,3120,2370
Maharashtra,Nashik,Lasalgaon,Onion,Red,13/10/2016,10/13/2016,8438,1810,3870,2880
Maharashtra,Nashik,Lasalgaon,Onion,Other,14/10/2016,10/14/2016,7083,1470,3250,2410
Maharashtra,Nashik,Lasalgaon,Onion,Red,14/10/2016,10/14/2016,5922,1760,3510,2600
Maharashtra,Nashik,Lasalgaon,Onion,Other,15/10/2016,10/15/2016,8247,1400,3180,2400
Maharashtra,Nashik,Lasalgaon,Onion,Red,15/10/2016,10/15/2016,8340,1690,3760,2750
Maharashtra,Nashik,Lasalgaon,Onion,Other,17/10/2016,10/17/2016,7579,1370,3220,2340
Maharashtra,Nashik,Lasalgaon,Onion,Red,17/10/2016,10/17/2016,7056,1510,3270,2600
Maharashtra,Nashik,Lasalgaon,Onion,Other,18/10/2016,10/18/2016,9282,1780,3000,2390
Maharashtra,Nashik,Lasalgaon,Onion,Red,18/10/2016,10/18/2016,4589,1900,3640,2780
Maharashtra,Nashik,Lasalgaon,Onion,Other,19/10/2016,10/19/2016,7045,1370,2720,2360
Maharashtra,Nashik,Lasalgaon,Onion,Red,19/10/2016,10/19/2016,8318,1780,3610,2710
Maharashtra,Nashik,Lasalgaon,Onion,Other,20/10/2016,10/20/2016,8371,1420,3290,2410
Maharashtra,Nashik,Lasalgaon,Onion,Red,20/10/2016,10/20/2016,5435,1760,3550,2670
Maharashtra,Nashik,Lasalgaon,Onion,Other,21/10/2016,10/21/2016,6463,1650,3180,2570
Maharashtra,Nashik,Lasalgaon,Onion,Red,21/10/2016,10/21/2016,4555,2050,3540,2870
Maharashtra,Nashik,Lasalgaon,Onion,Other,22/10/2016,10/22/2016,4688,1420,3020,2500
Maharashtra,Nashik,Lasalgaon,Onion,Red,22/10/2016,10/22/2016,7429,1760,3580,2840
Maharashtra,Nashik,Lasalgaon,Onion,Other,24/10/2016,10/24/2016,6376,1580,3460,2540
Maharashtra,Nashik,Lasalgaon,Onion,Red,24/10/2016,10/24/2016,4251,2210,3880,2960
Maharashtra,Nashik,Lasalgaon,Onion,Other,25/10/2016,10/25/2016,5105,1510,2560,2200
Maharashtra,Nashik,Lasalgaon,Onion,Red,25/10/2016,10/25/2016,8286,1830,3060,2540
Maharashtra,Nashik,Lasalgaon,Onion,Other,26/10/2016,10/26/2016,5565,1710,3170,2480
Maharashtra,Nashik,Lasalgaon,Onion,Red,26/10/2016,10/26/2016,5373,1590,3100,2680
Maharashtra,Nashik,Lasalgaon,Onion,Other,27/10/2016,10/27/2016,8181,1760,3260,2430
Maharashtra,Nashik,Lasalgaon,Onion,Red,27/10/2016,10/27/2016,8375,1870,3320,2730
Maharashtra,Nashik,Lasalgaon,Onion,Other,28/10/2016,10/28/2016,6426,1400,3080,2440
Maharashtra,Nashik,Lasalgaon,Onion,Red,28/10/2016,10/28/2016,5563,2080,3700,2880
Maharashtra,Nashik,Lasalgaon,Onion,Other,29/10/2016,10/29/2016,5622,1580,3130,2270
Maharashtra,Nashik,Lasalgaon,Onion,Red,29/10/2016,10/29/2016,8671,1830,3100,2540
Maharashtra,Nashik,Lasalgaon,Onion,Other,31/10/2016,10/31/2016,7839,1350,3390,2440
Maharashtra,Nashik,Lasalgaon,Onion,Red,31/10/2016,10/31/2016,5177,1690,3770,2770
Maharashtra,Nashik,Lasalgaon,Onion,Other,1/11/2016,11/1/2016,4088,1350,2880,2380
Maharashtra,Nashik,Lasalgaon,Onion,Red,1/11/2016,11/1/2016,6731,1800,3430,2800
Maharashtra,Nashik,Lasalgaon,Onion,Other,2/11/2016,11/2/2016,9168,1520,2530,2170
Maharashtra,Nashik,Lasalgaon,Onion,Red,2/11/2016,11/2/2016,7214,1700,3120,2370
Maharashtra,Nashik,Lasalgaon,Onion,Other,3/11/2016,11/3/2016,7240,1630,2670,2300
Maharashtra,Nashik,Lasalgaon,Onion,Red,3/11/2016,11/3/2016,6616,1920,3500,2560
Maharashtra,Nashik,Lasalgaon,Onion,Other,4/11/2016,11/4/2016,7859,1240,3000,2180
Maharashtra,Nashik,Lasalgaon,Onion,Red,4/11/2016,11/4/2016,6994,1760,3370,2460
Maharashtra,Nashik,Lasalgaon,Onion,Other,5/11/2016,11/5/2016,8774,1180,2430,1930
Maharashtra,Nashik,Lasalgaon,Onion,Red,5/11/2016,11/5/2016,6587,1470,3020,2200
Maharashtra,Nashik,Lasalgaon,Onion,Other,7/11/2016,11/7/2016,5181,1680,3320,2510
Maharashtra,Nashik,Lasalgaon,Onion,Red,7/11/2016,11/7/2016,5554,1900,3420,2910
Maharashtra,Nashik,Lasalgaon,Onion,Other,8/11/2016,11/8/2016,7745,1910,3350,2580
Maharashtra,Nashik,Lasalgaon,Onion,Red,8/11/2016,11/8/2016,4048,1870,3760,2870
Maharashtra,Nashik,Lasalgaon,Onion,Other,9/11/2016,11/9/2016,4936,1400,2520,2170
Maharashtra,Nashik,Lasalgaon,Onion,Red,9/11/2016,11/9/2016,5836,1420,3270,2340
Maharashtra,Nashik,Lasalgaon,Onion,Other,10/11/2016,11/10/2016,5392,1390,2530,2070
Maharashtra,Nashik,Lasalgaon,Onion,Red,10/11/2016,11/10/2016,4102,1510,2670,2320
Maharashtra,Nashik,Lasalgaon,Onion,Other,11/11/2016,11/11/2016,6959,1570,2860,2210
Maharashtra,Nashik,Lasalgaon,Onion,Red,11/11/2016,11/11/2016,6099,1480,3360,2430
Maharashtra,Nashik,Lasalgaon,Onion,Other,12/11/2016,11/12/2016,6863,1300,2810,2270
Maharashtra,Nashik,Lasalgaon,Onion,Red,12/11/2016,11/12/2016,7633,1810,3180,2500
Maharashtra,Nashik,Lasalgaon,Onion,Other,14/11/2016,11/14/2016,9252,1350,2670,2130
Maharashtra,Nashik,Lasalgaon,Onion,Red,14/11/2016,11/14/2016,5764,1590,2980,2290
Maharashtra,Nashik,Lasalgaon,Onion,Other,15/11/2016,11/15/2016,7533,1300,2510,2150
Maharashtra,Nashik,Lasalgaon,Onion,Red,15/11/2016,11/15/2016,6039,1670,2860,2420
Maharashtra,Nashik,Lasalgaon,Onion,Other,16/11/2016,11/16/2016,8656,1100,2410,1920
Maharashtra,Nashik,Lasalgaon,Onion,Red,16/11/2016,11/16/2016,6186,1190,2470,2110
Maharashtra,Nashik,Lasalgaon,Onion,Other,17/11/2016,11/17/2016,7393,1520,2760,2220
Maharashtra,Nashik,Lasalgaon,Onion,Red,17/11/2016,11/17/2016,8713,1390,3300,2520
Maharashtra,Nashik,Lasalgaon,Onion,Other,18/11/2016,11/18/2016,8947,1610,2730,2320
Maharashtra,Nashik,Lasalgaon,Onion,Red,18/11/2016,11/18/2016,4603,1470,3350,2610
Maharashtra,Nashik,Lasalgaon,Onion,Other,19/11/2016,11/19/2016,7350,1320,2770,2180
Maharashtra,Nashik,Lasalgaon,Onion,Red,19/11/2016,11/19/2016,6970,1350,2860,2420
Maharashtra,Nashik,Lasalgaon,Onion,Other,21/11/2016,11/21/2016,7810,1580,3160,2320
Maharashtra,Nashik,Lasalgaon,Onion,Red,21/11/2016,11/21/2016,5353,1620,3350,2540
Maharashtra,Nashik,Lasalgaon,Onion,Other,22/11/2016,11/22/2016,8569,1460,3070,2280
Maharashtra,Nashik,Lasalgaon,Onion,Red,22/11/2016,11/22/2016,6197,1810,3450,2510
Maharashtra,Nashik,Lasalgaon,Onion,Other,23/11/2016,11/23/2016,7984,1400,2910,2240
Maharashtra,Nashik,Lasalgaon,Onion,Red,23/11/2016,11/23/2016,4908,1640,2970,2390
Maharashtra,Nashik,Lasalgaon,Onion,Other,24/11/2016,11/24/2016,5160,1450,2460,1990
Maharashtra,Nashik,Lasalgaon,Onion,Red,24/11/2016,11/24/2016,7643,1230,2900,2210
Maharashtra,Nashik,Lasalgaon,Onion,Other,25/11/2016,11/25/2016,8079,1290,2510,2040
Maharashtra,Nashik,Lasalgaon,Onion,Red,25/11/2016,11/25/2016,5275,1530,2830,2280
Maharashtra,Nashik,Lasalgaon,Onion,Other,26/11/2016,11/26/2016,6929,1440,2490,2100
Maharashtra,Nashik,Lasalgaon,Onion,Red,26/11/2016,11/26/2016,9205,1320,3030,2370
Maharashtra,Nashik,Lasalgaon,Onion,Other,28/11/2016,11/28/2016,5159,1130,2530,2030
Maharashtra,Nashik,Lasalgaon,Onion,Red,28/11/2016,11/28/2016,6607,1260,3030,2260
Maharashtra,Nashik,Lasalgaon,Onion,Other,29/11/2016,11/29/2016,5929,1230,2970,2140
Maharashtra,Nashik,Lasalgaon,Onion,Red,29/11/2016,11/29/2016,8454,1730,3090,2380
Maharashtra,Nashik,Lasalgaon,Onion,Other,30/11/2016,11/30/2016,7310,1280,2520,2040
Maharashtra,Nashik,Lasalgaon,Onion,Red,30/11/2016,11/30/2016,6994,1350,2980,2320
Maharashtra,Nashik,Lasalgaon,Onion,Other,1/12/2016,12/1/2016,5643,1350,2600,2120
Maharashtra,Nashik,Lasalgaon,Onion,Red,1/12/2016,12/1/2016,5828,1420,2810,2410
Maharashtra,Nashik,Lasalgaon,Onion,Other,2/12/2016,12/2/2016,7022,1190,2120,1790
Maharashtra,Nashik,Lasalgaon,Onion,Red,2/12/2016,12/2/2016,6510,1380,2600,2050
Maharashtra,Nashik,Lasalgaon,Onion,Other,3/12/2016,12/3/2016,6372,1450,2580,2150
Maharashtra,Nashik,Lasalgaon,Onion,Red,3/12/2016,12/3/2016,6751,1420,3220,2540
Maharashtra,Nashik,Lasalgaon,Onion,Other,5/12/2016,12/5/2016,5001,1330,2770,2020
Maharashtra,Nashik,Lasalgaon,Onion,Red,5/12/2016,12/5/2016,8388,1630,2710,2300
Maharashtra,Nashik,Lasalgaon,Onion,Other,6/12/2016,12/6/2016,6854,1520,2440,2050
Maharashtra,Nashik,Lasalgaon,Onion,Red,6/12/2016,12/6/2016,8793,1700,2900,2280
Maharashtra,Nashik,Lasalgaon,Onion,Other,7/12/2016,12/7/2016,8930,1070,2110,1760
Maharashtra,Nashik,Lasalgaon,Onion,Red,7/12/2016,12/7/2016,7033,1280,2600,2040
Maharashtra,Nashik,Lasalgaon,Onion,Other,8/12/2016,12/8/2016,8874,1550,2600,2080
Maharashtra,Nashik,Lasalgaon,Onion,Red,8/12/2016,12/8/2016,9207,1650,3030,2340
Maharashtra,Nashik,Lasalgaon,Onion,Other,9/12/2016,12/9/2016,9209,1380,2420,1920
Maharashtra,Nashik,Lasalgaon,Onion,Red,9/12/2016,12/9/2016,9103,1560,2490,2140
Maharashtra,Nashik,Lasalgaon,Onion,Other,10/12/2016,12/10/2016,4381,1350,2760,2000
Maharashtra,Nashik,Lasalgaon,Onion,Red,10/12/2016,12/10/2016,8311,1330,2720,2060
Maharashtra,Nashik,Lasalgaon,Onion,Other,12/12/2016,12/12/2016,9114,1110,2250,1810
Maharashtra,Nashik,Lasalgaon,Onion,Red,12/12/2016,12/12/2016,9650,1240,2470,2050
Maharashtra,Nashik,Lasalgaon,Onion,Other,13/12/2016,12/13/2016,8488,1210,2300,1990
Maharashtra,Nashik,Lasalgaon,Onion,Red,13/12/2016,12/13/2016,4881,1620,3020,2260
Maharashtra,Nashik,Lasalgaon,Onion,Other,14/12/2016,12/14/2016,9147,1340,2630,1960
Maharashtra,Nashik,Lasalgaon,Onion,Red,14/12/2016,12/14/2016,6788,1510,2630,2240
Maharashtra,Nashik,Lasalgaon,Onion,Other,15/12/2016,12/15/2016,6414,1160,2150,1840
Maharashtra,Nashik,Lasalgaon,Onion,Red,15/12/2016,12/15/2016,9640,1160,2730,2020
Maharashtra,Nashik,Lasalgaon,Onion,Other,16/12/2016,12/16/2016,9300,920,2080,1630
Maharashtra,Nashik,Lasalgaon,Onion,Red,16/12/2016,12/16/2016,4803,1270,2140,1840
Maharashtra,Nashik,Lasalgaon,Onion,Other,17/12/2016,12/17/2016,9327,990,2020,1650
Maharashtra,Nashik,Lasalgaon,Onion,Red,17/12/2016,12/17/2016,9710,1330,2270,1810
Maharashtra,Nashik,Lasalgaon,Onion,Other,19/12/2016,12/19/2016,10198,1050,2320,1770
Maharashtra,Nashik,Lasalgaon,Onion,Red,19/12/2016,12/19/2016,8110,1260,2330,1880
Maharashtra,Nashik,Lasalgaon,Onion,Other,20/12/2016,12/20/2016,5071,980,1910,1460
Maharashtra,Nashik,Lasalgaon,Onion,Red,20/12/2016,12/20/2016,8790,1130,1990,1650
Maharashtra,Nashik,Lasalgaon,Onion,Other,21/12/2016,12/21/2016,5227,1200,2330,1820
Maharashtra,Nashik,Lasalgaon,Onion,Red,21/12/2016,12/21/2016,7024,1460,2520,2070
Maharashtra,Nashik,Lasalgaon,Onion,Other,22/12/2016,12/22/2016,8958,1140,1960,1680
Maharashtra,Nashik,Lasalgaon,Onion,Red,22/12/2016,12/22/2016,7339,1140,2140,1860
Maharashtra,Nashik,Lasalgaon,Onion,Other,23/12/2016,12/23/2016,5932,1230,1960,1710
Maharashtra,Nashik,Lasalgaon,Onion,Red,23/12/2016,12/23/2016,4912,1340,2360,1920
Maharashtra,Nashik,Lasalgaon,Onion,Other,24/12/2016,12/24/2016,9321,1140,1950,1590
Maharashtra,Nashik,Lasalgaon,Onion,Red,24/12/2016,12/24/2016,9835,1270,2190,1740
Maharashtra,Nashik,Lasalgaon,Onion,Other,26/12/2016,12/26/2016,7369,990,2290,1740
Maharashtra,Nashik,Lasalgaon,Onion,Red,26/12/2016,12/26/2016,8358,1220,2540,1940
Maharashtra,Nashik,Lasalgaon,Onion,Other,27/12/2016,12/27/2016,10017,1320,2380,1780
Maharashtra,Nashik,Lasalgaon,Onion,Red,27/12/2016,12/27/2016,4827,1420,2520,2060
Maharashtra,Nashik,Lasalgaon,Onion,Other,28/12/2016,12/28/2016,10127,970,2140,1730
Maharashtra,Nashik,Lasalgaon,Onion,Red,28/12/2016,12/28/2016,6879,1300,2510,2000
Maharashtra,Nashik,Lasalgaon,Onion,Other,29/12/2016,12/29/2016,9178,1000,1860,1600
Maharashtra,Nashik,Lasalgaon,Onion,Red,29/12/2016,12/29/2016,9496,1090,2340,1730
Maharashtra,Nashik,Lasalgaon,Onion,Other,30/12/2016,12/30/2016,5756,1090,2320,1700
Maharashtra,Nashik,Lasalgaon,Onion,Red,30/12/2016,12/30/2016,6101,1260,2400,1840
Maharashtra,Nashik,Lasalgaon,Onion,Other,31/12/2016,12/31/2016,8362,1160,2040,1660
Maharashtra,Nashik,Lasalgaon,Onion,Red,31/12/2016,12/31/2016,5565,1140,2400,1810
Maharashtra,Nashik,Lasalgaon,Onion,Other,2/1/2017,1/2/2017,5173,1030,1920,1650
Maharashtra,Nashik,Lasalgaon,Onion,Red,2/1/2017,1/2/2017,9198,1230,2290,1880
Maharashtra,Nashik,Lasalgaon,Onion,Other,3/1/2017,1/3/2017,7691,1070,2060,1650
Maharashtra,Nashik,Lasalgaon,Onion,Red,3/1/2017,1/3/2017,7140,1200,2070,1790
Maharashtra,Nashik,Lasalgaon,Onion,Other,4/1/2017,1/4/2017,9150,1130,2030,1650
Maharashtra,Nashik,Lasalgaon,Onion,Red,4/1/2017,1/4/2017,10014,1320,2410,1880
Maharashtra,Nashik,Lasalgaon,Onion,Other,5/1/2017,1/5/2017,4575,980,2070,1700
Maharashtra,Nashik,Lasalgaon,Onion,Red,5/1/2017,1/5/2017,7289,1180,2600,1940
Maharashtra,Nashik,Lasalgaon,Onion,Other,6/1/2017,1/6/2017,8569,830,1840,1500
Maharashtra,Nashik,Lasalgaon,Onion,Red,6/1/2017,1/6/2017,4672,1200,2200,1610
Maharashtra,Nashik,Lasalgaon,Onion,Other,7/1/2017,1/7/2017,6923,1140,2050,1620
Maharashtra,Nashik,Lasalgaon,Onion,Red,7/1/2017,1/7/2017,5718,1120,2130,1830
Maharashtra,Nashik,Lasalgaon,Onion,Other,9/1/2017,1/9/2017,4914,1090,1980,1560
Maharashtra,Nashik,Lasalgaon,Onion,Red,9/1/2017,1/9/2017,9190,1240,2320,1670
Maharashtra,Nashik,Lasalgaon,Onion,Other,10/1/2017,1/10/2017,6787,1160,1820,1560
Maharashtra,Nashik,Lasalgaon,Onion,Red,10/1/2017,1/10/2017,5270,1040,2100,1750
Maharashtra,Nashik,Lasalgaon,Onion,Other,11/1/2017,1/11/2017,9359,1100,1970,1660
Maharashtra,Nashik,Lasalgaon,Onion,Red,11/1/2017,1/11/2017,8262,1280,2350,1880
Maharashtra,Nashik,Lasalgaon,Onion,Other,12/1/2017,1/12/2017,7540,1060,1770,1450
Maharashtra,Nashik,Lasalgaon,Onion,Red,12/1/2017,1/12/2017,4934,1140,2080,1570
Maharashtra,Nashik,Lasalgaon,Onion,Other,13/01/2017,1/13/2017,7931,830,1990,1430
Maharashtra,Nashik,Lasalgaon,Onion,Red,13/01/2017,1/13/2017,8533,1010,2160,1690
Maharashtra,Nashik,Lasalgaon,Onion,Other,14/01/2017,1/14/2017,7990,1050,1860,1470
Maharashtra,Nashik,Lasalgaon,Onion,Red,14/01/2017,1/14/2017,5514,1040,1900,1630
Maharashtra,Nashik,Lasalgaon,Onion,Other,16/01/2017,1/16/2017,10882,750,1810,1330
Maharashtra,Nashik,Lasalgaon,Onion,Red,16/01/2017,1/16/2017,6104,1050,2020,1480
Maharashtra,Nashik,Lasalgaon,Onion,Other,17/01/2017,1/17/2017,5195,830,1690,1300
Maharashtra,Nashik,Lasalgaon,Onion,Red,17/01/2017,1/17/2017,5785,1000,2060,1480
Maharashtra,Nashik,Lasalgaon,Onion,Other,18/01/2017,1/18/2017,7571,1030,1740,1460
Maharashtra,Nashik,Lasalgaon,Onion,Red,18/01/2017,1/18/2017,8361,1140,1980,1640
Maharashtra,Nashik,Lasalgaon,Onion,Other,19/01/2017,1/19/2017,7850,880,1780,1330
Maharashtra,Nashik,Lasalgaon,Onion,Red,19/01/2017,1/19/2017,6783,830,1740,1510
Maharashtra,Nashik,Lasalgaon,Onion,Other,20/01/2017,1/20/2017,9348,790,1760,1290
Maharashtra,Nashik,Lasalgaon,Onion,Red,20/01/2017,1/20/2017,4802,830,1840,1470
Maharashtra,Nashik,Lasalgaon,Onion,Other,21/01/2017,1/21/2017,6993,890,1900,1550
Maharashtra,Nashik,Lasalgaon,Onion,Red,21/01/2017,1/21/2017,4717,1270,2410,1730
Maharashtra,Nashik,Lasalgaon,Onion,Other,23/01/2017,1/23/2017,10546,810,1730,1290
Maharashtra,Nashik,Lasalgaon,Onion,Red,23/01/2017,1/23/2017,6793,1110,1940,1500
Maharashtra,Nashik,Lasalgaon,Onion,Other,24/01/2017,1/24/2017,8903,850,1580,1280
Maharashtra,Nashik,Lasalgaon,Onion,Red,24/01/2017,1/24/2017,10295,870,1750,1460
Maharashtra,Nashik,Lasalgaon,Onion,Other,25/01/2017,1/25/2017,4948,780,1530,1320
Maharashtra,Nashik,Lasalgaon,Onion,Red,25/01/2017,1/25/2017,6390,840,1960,1440
Maharashtra,Nashik,Lasalgaon,Onion,Other,26/01/2017,1/26/2017,7984,830,1690,1310
Maharashtra,Nashik,Lasalgaon,Onion,Red,26/01/2017,1/26/2017,6778,1040,1810,1490
Maharashtra,Nashik,Lasalgaon,Onion,Other,27/01/2017,1/27/2017,7907,900,1610,1270
Maharashtra,Nashik,Lasalgaon,Onion,Red,27/01/2017,1/27/2017,5777,860,1890,1460
Maharashtra,Nashik,Lasalgaon,Onion,Other,28/01/2017,1/28/2017,5141,790,1560,1340
Maharashtra,Nashik,Lasalgaon,Onion,Red,28/01/2017,1/28/2017,7135,1090,1890,1480
Maharashtra,Nashik,Lasalgaon,Onion,Other,30/01/2017,1/30/2017,9641,780,1680,1270
Maharashtra,Nashik,Lasalgaon,Onion,Red,30/01/2017,1/30/2017,10062,980,1710,1440
Maharashtra,Nashik,Lasalgaon,Onion,Other,31/01/2017,1/31/2017,5703,690,1270,1090
Maharashtra,Nashik,Lasalgaon,Onion,Red,31/01/2017,1/31/2017,7435,870,1420,1230
Maharashtra,Nashik,Lasalgaon,Onion,Other,1/2/2017,2/1/2017,6784,860,1400,1160
Maharashtra,Nashik,Lasalgaon,Onion,Red,1/2/2017,2/1/2017,4743,790,1570,1300
Maharashtra,Nashik,Lasalgaon,Onion,Other,2/2/2017,2/2/2017,7464,870,1690,1240
Maharashtra,Nashik,Lasalgaon,Onion,Red,2/2/2017,2/2/2017,9168,820,1660,1350
Maharashtra,Nashik,Lasalgaon,Onion,Other,3/2/2017,2/3/2017,10045,710,1570,1140
Maharashtra,Nashik,Lasalgaon,Onion,Red,3/2/2017,2/3/2017,7216,970,1740,1300
Maharashtra,Nashik,Lasalgaon,Onion,Other,4/2/2017,2/4/2017,9237,730,1650,1280
Maharashtra,Nashik,Lasalgaon,Onion,Red,4/2/2017,2/4/2017,8208,860,1980,1480
Maharashtra,Nashik,Lasalgaon,Onion,Other,6/2/2017,2/6/2017,9684,720,1560,1180
Maharashtra,Nashik,Lasalgaon,Onion,Red,6/2/2017,2/6/2017,7979,720,1620,1270
Maharashtra,Nashik,Lasalgaon,Onion,Other,7/2/2017,2/7/2017,9423,830,1540,1160
Maharashtra,Nashik,Lasalgaon,Onion,Red,7/2/2017,2/7/2017,9131,830,1780,1290
Maharashtra,Nashik,Lasalgaon,Onion,Other,8/2/2017,2/8/2017,6091,690,1550,1150
Maharashtra,Nashik,Lasalgaon,Onion,Red,8/2/2017,2/8/2017,10910,810,1610,1300
Maharashtra,Nashik,Lasalgaon,Onion,Other,9/2/2017,2/9/2017,10981,780,1440,1120
Maharashtra,Nashik,Lasalgaon,Onion,Red,9/2/2017,2/9/2017,5779,830,1590,1280
Maharashtra,Nashik,Lasalgaon,Onion,Other,10/2/2017,2/10/2017,10281,700,1300,1120
Maharashtra,Nashik,Lasalgaon,Onion,Red,10/2/2017,2/10/2017,10873,710,1700,1290
Maharashtra,Nashik,Lasalgaon,Onion,Other,11/2/2017,2/11/2017,8560,670,1310,970
Maharashtra,Nashik,Lasalgaon,Onion,Red,11/2/2017,2/11/2017,8174,800,1250,1070
Maharashtra,Nashik,Lasalgaon,Onion,Other,13/02/2017,2/13/2017,8475,630,1460,1080
Maharashtra,Nashik,Lasalgaon,Onion,Red,13/02/2017,2/13/2017,10309,770,1450,1220
Maharashtra,Nashik,Lasalgaon,Onion,Other,14/02/2017,2/14/2017,9368,600,1360,990
Maharashtra,Nashik,Lasalgaon,Onion,Red,14/02/2017,2/14/2017,8932,770,1320,1090
Maharashtra,Nashik,Lasalgaon,Onion,Other,15/02/2017,2/15/2017,9264,790,1250,1080
Maharashtra,Nashik,Lasalgaon,Onion,Red,15/02/2017,2/15/2017,6623,680,1570,1220
Maharashtra,Nashik,Lasalgaon,Onion,Other,16/02/2017,2/16/2017,9829,630,1150,940
Maharashtra,Nashik,Lasalgaon,Onion,Red,16/02/2017,2/16/2017,10073,640,1180,1010
Maharashtra,Nashik,Lasalgaon,Onion,Other,17/02/2017,2/17/2017,5340,650,1170,950
Maharashtra,Nashik,Lasalgaon,Onion,Red,17/02/2017,2/17/2017,9128,640,1410,1020
Maharashtra,Nashik,Lasalgaon,Onion,Other,18/02/2017,2/18/2017,9817,610,1300,1040
Maharashtra,Nashik,Lasalgaon,Onion,Red,18/02/2017,2/18/2017,6559,690,1470,1210
Maharashtra,Nashik,Lasalgaon,Onion,Other,20/02/2017,2/20/2017,6136,540,1240,970
Maharashtra,Nashik,Lasalgaon,Onion,Red,20/02/2017,2/20/2017,7505,800,1270,1080
Maharashtra,Nashik,Lasalgaon,Onion,Other,21/02/2017,2/21/2017,7567,620,1220,980
Maharashtra,Nashik,Lasalgaon,Onion,Red,21/02/2017,2/21/2017,7967,680,1360,1130
Maharashtra,Nashik,Lasalgaon,Onion,Other,22/02/2017,2/22/2017,9056,590,1210,870
Maharashtra,Nashik,Lasalgaon,Onion,Red,22/02/2017,2/22/2017,11263,540,1110,950
Maharashtra,Nashik,Lasalgaon,Onion,Other,23/02/2017,2/23/2017,9344,590,1150,880
Maharashtra,Nashik,Lasalgaon,Onion,Red,23/02/2017,2/23/2017,11308,590,1130,980
Maharashtra,Nashik,Lasalgaon,Onion,Other,24/02/2017,2/24/2017,7046,650,1230,940
Maharashtra,Nashik,Lasalgaon,Onion,Red,24/02/2017,2/24/2017,10599,620,1330,1020
Maharashtra,Nashik,Lasalgaon,Onion,Other,25/02/2017,2/25/2017,9645,540,1190,920
Maharashtra,Nashik,Lasalgaon,Onion,Red,25/02/2017,2/25/2017,5006,710,1300,1040
Maharashtra,Nashik,Lasalgaon,Onion,Other,27/02/2017,2/27/2017,7768,500,1090,790
Maharashtra,Nashik,Lasalgaon,Onion,Red,27/02/2017,2/27/2017,9492,640,1070,890
Maharashtra,Nashik,Lasalgaon,Onion,Other,28/02/2017,2/28/2017,11166,490,1140,850
Maharashtra,Nashik,Lasalgaon,Onion,Red,28/02/2017,2/28/2017,7841,610,1160,950
Maharashtra,Nashik,Lasalgaon,Onion,Other,1/3/2017,3/1/2017,9718,630,1130,930
Maharashtra,Nashik,Lasalgaon,Onion,Red,1/3/2017,3/1/2017,10588,620,1300,1080
Maharashtra,Nashik,Lasalgaon,Onion,Other,2/3/2017,3/2/2017,5486,480,960,800
Maharashtra,Nashik,Lasalgaon,Onion,Red,2/3/2017,3/2/2017,9077,560,1170,870
Maharashtra,Nashik,Lasalgaon,Onion,Other,3/3/2017,3/3/2017,10500,590,1080,800
Maharashtra,Nashik,Lasalgaon,Onion,Red,3/3/2017,3/3/2017,8625,640,1240,900
Maharashtra,Nashik,Lasalgaon,Onion,Other,4/3/2017,3/4/2017,8540,590,1120,840
Maharashtra,Nashik,Lasalgaon,Onion,Red,4/3/2017,3/4/2017,11119,510,1130,910
Maharashtra,Nashik,Lasalgaon,Onion,Other,6/3/2017,3/6/2017,11037,510,1050,850
Maharashtra,Nashik,Lasalgaon,Onion,Red,6/3/2017,3/6/2017,7909,690,1360,1010
Maharashtra,Nashik,Lasalgaon,Onion,Other,7/3/2017,3/7/2017,8136,500,910,720
Maharashtra,Nashik,Lasalgaon,Onion,Red,7/3/2017,3/7/2017,5475,560,1140,830
Maharashtra,Nashik,Lasalgaon,Onion,Other,8/3/2017,3/8/2017,7143,480,870,750
Maharashtra,Nashik,Lasalgaon,Onion,Red,8/3/2017,3/8/2017,8314,560,1000,860
Maharashtra,Nashik,Lasalgaon,Onion,Other,9/3/2017,3/9/2017,6181,510,910,750
Maharashtra,Nashik,Lasalgaon,Onion,Red,9/3/2017,3/9/2017,6260,510,1010,870
Maharashtra,Nashik,Lasalgaon,Onion,Other,10/3/2017,3/10/2017,5810,570,1050,800
Maharashtra,Nashik,Lasalgaon,Onion,Red,10/3/2017,3/10/2017,6664,550,1110,900
Maharashtra,Nashik,Lasalgaon,Onion,Other,11/3/2017,3/11/2017,10533,550,1100,890
Maharashtra,Nashik,Lasalgaon,Onion,Red,11/3/2017,3/11/2017,10897,730,1260,1030
Maharashtra,Nashik,Lasalgaon,Onion,Other,13/03/2017,3/13/2017,11523,450,930,730
Maharashtra,Nashik,Lasalgaon,Onion,Red,13/03/2017,3/13/2017,7686,600,970,830
Maharashtra,Nashik,Lasalgaon,Onion,Other,14/03/2017,3/14/2017,9710,430,1010,740
Maharashtra,Nashik,Lasalgaon,Onion,Red,14/03/2017,3/14/2017,9998,640,1220,890
Maharashtra,Nashik,Lasalgaon,Onion,Other,15/03/2017,3/15/2017,6266,470,1070,810
Maharashtra,Nashik,Lasalgaon,Onion,Red,15/03/2017,3/15/2017,5797,610,1070,880
Maharashtra,Nashik,Lasalgaon,Onion,Other,16/03/2017,3/16/2017,5657,500,900,760
Maharashtra,Nashik,Lasalgaon,Onion,Red,16/03/2017,3/16/2017,10978,480,1040,870
Maharashtra,Nashik,Lasalgaon,Onion,Other,17/03/2017,3/17/2017,8704,390,820,680
Maharashtra,Nashik,Lasalgaon,Onion,Red,17/03/2017,3/17/2017,5496,490,890,740
Maharashtra,Nashik,Lasalgaon,Onion,Other,18/03/2017,3/18/2017,9418,380,900,640
Maharashtra,Nashik,Lasalgaon,Onion,Red,18/03/2017,3/18/2017,8054,470,890,710
Maharashtra,Nashik,Lasalgaon,Onion,Other,20/03/2017,3/20/2017,8474,530,920,770
Maharashtra,Nashik,Lasalgaon,Onion,Red,20/03/2017,3/20/2017,9242,550,1190,870
Maharashtra,Nashik,Lasalgaon,Onion,Other,21/03/2017,3/21/2017,7494,430,760,640
Maharashtra,Nashik,Lasalgaon,Onion,Red,21/03/2017,3/21/2017,6524,420,960,720
Maharashtra,Nashik,Lasalgaon,Onion,Other,22/03/2017,3/22/2017,7977,420,910,720
Maharashtra,Nashik,Lasalgaon,Onion,Red,22/03/2017,3/22/2017,5530,440,1070,800
Maharashtra,Nashik,Lasalgaon,Onion,Other,23/03/2017,3/23/2017,6792,530,1030,780
Maharashtra,Nashik,Lasalgaon,Onion,Red,23/03/2017,3/23/2017,8624,470,1130,850
Maharashtra,Nashik,Lasalgaon,Onion,Other,24/03/2017,3/24/2017,7422,490,870,690
Maharashtra,Nashik,Lasalgaon,Onion,Red,24/03/2017,3/24/2017,6319,550,980,780
Maharashtra,Nashik,Lasalgaon,Onion,Other,25/03/2017,3/25/2017,11400,400,860,630
Maharashtra,Nashik,Lasalgaon,Onion,Red,25/03/2017,3/25/2017,11117,420,830,710
Maharashtra,Nashik,Lasalgaon,Onion,Other,27/03/2017,3/27/2017,9577,510,810,690
Maharashtra,Nashik,Lasalgaon,Onion,Red,27/03/2017,3/27/2017,10587,410,900,730
Maharashtra,Nashik,Lasalgaon,Onion,Other,28/03/2017,3/28/2017,7797,340,720,580
Maharashtra,Nashik,Lasalgaon,Onion,Red,28/03/2017,3/28/2017,8348,370,820,660
Maharashtra,Nashik,Lasalgaon,Onion,Other,29/03/2017,3/29/2017,6627,470,790,690
Maharashtra,Nashik,Lasalgaon,Onion,Red,29/03/2017,3/29/2017,5107,540,1010,790
Maharashtra,Nashik,Lasalgaon,Onion,Other,30/03/2017,3/30/2017,10413,440,780,670
Maharashtra,Nashik,Lasalgaon,Onion,Red,30/03/2017,3/30/2017,10193,510,1030,760
Maharashtra,Nashik,Lasalgaon,Onion,Other,31/03/2017,3/31/2017,9434,370,850,650
Maharashtra,Nashik,Lasalgaon,Onion,Red,31/03/2017,3/31/2017,6422,530,900,750
Maharashtra,Nashik,Lasalgaon,Onion,Other,1/4/2017,4/1/2017,9274,480,870,650
Maharashtra,Nashik,Lasalgaon,Onion,Red,1/4/2017,4/1/2017,9042,500,1020,740
Maharashtra,Nashik,Lasalgaon,Onion,Other,3/4/2017,4/3/2017,7073,390,790,600
Maharashtra,Nashik,Lasalgaon,Onion,Red,3/4/2017,4/3/2017,6799,400,830,680
Maharashtra,Nashik,Lasalgaon,Onion,Other,4/4/2017,4/4/2017,6481,450,790,620
Maharashtra,Nashik,Lasalgaon,Onion,Red,4/4/2017,4/4/2017,7778,380,890,670
Maharashtra,Nashik,Lasalgaon,Onion,Other,5/4/2017,4/5/2017,9929,460,800,650
Maharashtra,Nashik,Lasalgaon,Onion,Red,5/4/2017,4/5/2017,9422,450,1040,750
Maharashtra,Nashik,Lasalgaon,Onion,Other,6/4/2017,4/6/2017,6720,350,780,590
Maharashtra,Nashik,Lasalgaon,Onion,Red,6/4/2017,4/6/2017,9732,430,780,640
Maharashtra,Nashik,Lasalgaon,Onion,Other,7/4/2017,4/7/2017,5771,460,780,650
Maharashtra,Nashik,Lasalgaon,Onion,Red,7/4/2017,4/7/2017,8046,510,920,740
Maharashtra,Nashik,Lasalgaon,Onion,Other,8/4/2017,4/8/2017,7396,360,850,640
Maharashtra,Nashik,Lasalgaon,Onion,Red,8/4/2017,4/8/2017,7364,500,950,690
Maharashtra,Nashik,Lasalgaon,Onion,Other,10/4/2017,4/10/2017,5633,390,830,640
Maharashtra,Nashik,Lasalgaon,Onion,Red,10/4/2017,4/10/2017,7336,410,1020,730
Maharashtra,Nashik,Lasalgaon,Onion,Other,11/4/2017,4/11/2017,6817,480,920,660
Maharashtra,Nashik,Lasalgaon,Onion,Red,11/4/2017,4/11/2017,5981,420,940,750
Maharashtra,Nashik,Lasalgaon,Onion,Other,12/4/2017,4/12/2017,7335,440,810,630
Maharashtra,Nashik,Lasalgaon,Onion,Red,12/4/2017,4/12/2017,5228,480,850,700
Maharashtra,Nashik,Lasalgaon,Onion,Other,13/04/2017,4/13/2017,10926,460,760,650
Maharashtra,Nashik,Lasalgaon,Onion,Red,13/04/2017,4/13/2017,9330,510,980,760
Maharashtra,Nashik,Lasalgaon,Onion,Other,14/04/2017,4/14/2017,10386,430,900,640
Maharashtra,Nashik,Lasalgaon,Onion,Red,14/04/2017,4/14/2017,7752,470,980,740
Maharashtra,Nashik,Lasalgaon,Onion,Other,15/04/2017,4/15/2017,7517,480,900,650
Maharashtra,Nashik,Lasalgaon,Onion,Red,15/04/2017,4/15/2017,11940,460,850,700
Maharashtra,Nashik,Lasalgaon,Onion,Other,17/04/2017,4/17/2017,8283,440,770,660
Maharashtra,Nashik,Lasalgaon,Onion,Red,17/04/2017,4/17/2017,7623,520,1000,760
Maharashtra,Nashik,Lasalgaon,Onion,Other,18/04/2017,4/18/2017,7004,490,940,710
Maharashtra,Nashik,Lasalgaon,Onion,Red,18/04/2017,4/18/2017,9110,460,1050,800
Maharashtra,Nashik,Lasalgaon,Onion,Other,19/04/2017,4/19/2017,10913,420,870,660
Maharashtra,Nashik,Lasalgaon,Onion,Red,19/04/2017,4/19/2017,10419,420,840,730
Maharashtra,Nashik,Lasalgaon,Onion,Other,20/04/2017,4/20/2017,11703,510,950,700
Maharashtra,Nashik,Lasalgaon,Onion,Red,20/04/2017,4/20/2017,7767,530,1030,810
Maharashtra,Nashik,Lasalgaon,Onion,Other,21/04/2017,4/21/2017,9166,400,910,660
Maharashtra,Nashik,Lasalgaon,Onion,Red,21/04/2017,4/21/2017,5479,480,880,710
Maharashtra,Nashik,Lasalgaon,Onion,Other,22/04/2017,4/22/2017,11228,370,840,650
Maharashtra,Nashik,Lasalgaon,Onion,Red,22/04/2017,4/22/2017,6558,520,940,720
Maharashtra,Nashik,Lasalgaon,Onion,Other,24/04/2017,4/24/2017,11982,410,920,680
Maharashtra,Nashik,Lasalgaon,Onion,Red,24/04/2017,4/24/2017,9328,420,1030,750
Maharashtra,Nashik,Lasalgaon,Onion,Other,25/04/2017,4/25/2017,7462,470,770,660
Maharashtra,Nashik,Lasalgaon,Onion,Red,25/04/2017,4/25/2017,10649,420,1040,750
Maharashtra,Nashik,Lasalgaon,Onion,Other,26/04/2017,4/26/2017,6733,370,790,660
Maharashtra,Nashik,Lasalgaon,Onion,Red,26/04/2017,4/26/2017,5806,460,880,720
Maharashtra,Nashik,Lasalgaon,Onion,Other,27/04/2017,4/27/2017,11810,490,880,660
Maharashtra,Nashik,Lasalgaon,Onion,Red,27/04/2017,4/27/2017,10549,470,900,730
Maharashtra,Nashik,Lasalgaon,Onion,Other,28/04/2017,4/28/2017,6946,370,740,630
Maharashtra,Nashik,Lasalgaon,Onion,Red,28/04/2017,4/28/2017,5572,420,900,680
Maharashtra,Nashik,Lasalgaon,Onion,Other,29/04/2017,4/29/2017,11044,410,870,700
Maharashtra,Nashik,Lasalgaon,Onion,Red,29/04/2017,4/29/2017,8357,450,910,780
Maharashtra,Nashik,Lasalgaon,Onion,Other,1/5/2017,5/1/2017,9090,510,850,710
Maharashtra,Nashik,Lasalgaon,Onion,Red,1/5/2017,5/1/2017,9326,500,900,760
Maharashtra,Nashik,Lasalgaon,Onion,Other,2/5/2017,5/2/2017,7236,390,880,690
Maharashtra,Nashik,Lasalgaon,Onion,Red,2/5/2017,5/2/2017,7952,530,860,740
Maharashtra,Nashik,Lasalgaon,Onion,Other,3/5/2017,5/3/2017,10338,520,1020,780
Maharashtra,Nashik,Lasalgaon,Onion,Red,3/5/2017,5/3/2017,8629,620,1060,860
Maharashtra,Nashik,Lasalgaon,Onion,Other,4/5/2017,5/4/2017,10203,410,890,700
Maharashtra,Nashik,Lasalgaon,Onion,Red,4/5/2017,5/4/2017,10724,520,1020,800
Maharashtra,Nashik,Lasalgaon,Onion,Other,5/5/2017,5/5/2017,8172,480,930,760
Maharashtra,Nashik,Lasalgaon,Onion,Red,5/5/2017,5/5/2017,6357,590,990,840
Maharashtra,Nashik,Lasalgaon,Onion,Other,6/5/2017,5/6/2017,6607,520,1060,810
Maharashtra,Nashik,Lasalgaon,Onion,Red,6/5/2017,5/6/2017,9358,620,1170,940
Maharashtra,Nashik,Lasalgaon,Onion,Other,8/5/2017,5/8/2017,6583,440,910,750
Maharashtra,Nashik,Lasalgaon,Onion,Red,8/5/2017,5/8/2017,6984,480,1100,810
Maharashtra,Nashik,Lasalgaon,Onion,Other,9/5/2017,5/9/2017,7643,430,940,700
Maharashtra,Nashik,Lasalgaon,Onion,Red,9/5/2017,5/9/2017,10798,440,1010,780
Maharashtra,Nashik,Lasalgaon,Onion,Other,10/5/2017,5/10/2017,6597,500,880,730
Maharashtra,Nashik,Lasalgaon,Onion,Red,10/5/2017,5/10/2017,6815,600,1000,830
Maharashtra,Nashik,Lasalgaon,Onion,Other,11/5/2017,5/11/2017,8169,550,930,790
Maharashtra,Nashik,Lasalgaon,Onion,Red,11/5/2017,5/11/2017,8227,560,1070,910
Maharashtra,Nashik,Lasalgaon,Onion,Other,12/5/2017,5/12/2017,8299,430,1000,730
Maharashtra,Nashik,Lasalgaon,Onion,Red,12/5/2017,5/12/2017,6107,510,1070,800
Maharashtra,Nashik,Lasalgaon,Onion,Other,13/05/2017,5/13/2017,10460,440,910,650
Maharashtra,Nashik,Lasalgaon,Onion,Red,13/05/2017,5/13/2017,6281,450,970,720
Maharashtra,Nashik,Lasalgaon,Onion,Other,15/05/2017,5/15/2017,8507,540,1110,800
Maharashtra,Nashik,Lasalgaon,Onion,Red,15/05/2017,5/15/2017,5265,550,990,850
Maharashtra,Nashik,Lasalgaon,Onion,Other,16/05/2017,5/16/2017,5301,510,840,700
Maharashtra,Nashik,Lasalgaon,Onion,Red,16/05/2017,5/16/2017,5378,530,1000,830
Maharashtra,Nashik,Lasalgaon,Onion,Other,17/05/2017,5/17/2017,6244,530,960,790
Maharashtra,Nashik,Lasalgaon,Onion,Red,17/05/2017,5/17/2017,7621,560,1200,890
Maharashtra,Nashik,Lasalgaon,Onion,Other,18/05/2017,5/18/2017,9638,560,970,800
Maharashtra,Nashik,Lasalgaon,Onion,Red,18/05/2017,5/18/2017,7579,600,1250,900
Maharashtra,Nashik,Lasalgaon,Onion,Other,19/05/2017,5/19/2017,7355,590,1020,840
Maharashtra,Nashik,Lasalgaon,Onion,Red,19/05/2017,5/19/2017,9361,540,1350,970
Maharashtra,Nashik,Lasalgaon,Onion,Other,20/05/2017,5/20/2017,7171,560,1110,840
Maharashtra,Nashik,Lasalgaon,Onion,Red,20/05/2017,5/20/2017,10823,680,1310,950
Maharashtra,Nashik,Lasalgaon,Onion,Other,22/05/2017,5/22/2017,5120,500,1140,820
Maharashtra,Nashik,Lasalgaon,Onion,Red,22/05/2017,5/22/2017,9099,650,1250,940
Maharashtra,Nashik,Lasalgaon,Onion,Other,23/05/2017,5/23/2017,7334,540,1030,850
Maharashtra,Nashik,Lasalgaon,Onion,Red,23/05/2017,5/23/2017,6203,670,1300,940
Maharashtra,Nashik,Lasalgaon,Onion,Other,24/05/2017,5/24/2017,6067,520,1080,920
Maharashtra,Nashik,Lasalgaon,Onion,Red,24/05/2017,5/24/2017,11253,690,1220,1030
Maharashtra,Nashik,Lasalgaon,Onion,Other,25/05/2017,5/25/2017,9409,540,1150,900
Maharashtra,Nashik,Lasalgaon,Onion,Red,25/05/2017,5/25/2017,8814,650,1250,930
Maharashtra,Nashik,Lasalgaon,Onion,Other,26/05/2017,5/26/2017,11024,540,1180,860
Maharashtra,Nashik,Lasalgaon,Onion,Red,26/05/2017,5/26/2017,9464,740,1240,1010
Maharashtra,Nashik,Lasalgaon,Onion,Other,27/05/2017,5/27/2017,7884,510,1080,880
Maharashtra,Nashik,Lasalgaon,Onion,Red,27/05/2017,5/27/2017,9804,690,1140,970
Maharashtra,Nashik,Lasalgaon,Onion,Other,29/05/2017,5/29/2017,9041,550,1030,840
Maharashtra,Nashik,Lasalgaon,Onion,Red,29/05/2017,5/29/2017,5737,610,1130,950
Maharashtra,Nashik,Lasalgaon,Onion,Other,30/05/2017,5/30/2017,9251,630,1350,1010
Maharashtra,Nashik,Lasalgaon,Onion,Red,30/05/2017,5/30/2017,8496,840,1540,1140
Maharashtra,Nashik,Lasalgaon,Onion,Other,31/05/2017,5/31/2017,4996,640,1250,1010
Maharashtra,Nashik,Lasalgaon,Onion,Red,31/05/2017,5/31/2017,5514,820,1550,1140
Maharashtra,Nashik,Lasalgaon,Onion,Other,1/6/2017,6/1/2017,6412,530,1280,920
Maharashtra,Nashik,Lasalgaon,Onion,Red,1/6/2017,6/1/2017,9673,620,1420,1090
Maharashtra,Nashik,Lasalgaon,Onion,Other,2/6/2017,6/2/2017,6067,660,1180,1000
Maharashtra,Nashik,Lasalgaon,Onion,Red,2/6/2017,6/2/2017,10939,740,1360,1110
Maharashtra,Nashik,Lasalgaon,Onion,Other,3/6/2017,6/3/2017,9622,500,1040,890
Maharashtra,Nashik,Lasalgaon,Onion,Red,3/6/2017,6/3/2017,8993,630,1180,980
Maharashtra,Nashik,Lasalgaon,Onion,Other,5/6/2017,6/5/2017,10232,660,1450,1070
Maharashtra,Nashik,Lasalgaon,Onion,Red,5/6/2017,6/5/2017,7179,740,1420,1140
Maharashtra,Nashik,Lasalgaon,Onion,Other,6/6/2017,6/6/2017,7990,600,1190,1010
Maharashtra,Nashik,Lasalgaon,Onion,Red,6/6/2017,6/6/2017,6242,750,1590,1170
Maharashtra,Nashik,Lasalgaon,Onion,Other,7/6/2017,6/7/2017,7802,810,1420,1140
Maharashtra,Nashik,Lasalgaon,Onion,Red,7/6/2017,6/7/2017,5513,770,1740,1260
Maharashtra,Nashik,Lasalgaon,Onion,Other,8/6/2017,6/8/2017,7962,710,1260,1090
Maharashtra,Nashik,Lasalgaon,Onion,Red,8/6/2017,6/8/2017,8964,780,1470,1230
Maharashtra,Nashik,Lasalgaon,Onion,Other,9/6/2017,6/9/2017,7586,760,1280,1090
Maharashtra,Nashik,Lasalgaon,Onion,Red,9/6/2017,6/9/2017,10747,710,1620,1240
Maharashtra,Nashik,Lasalgaon,Onion,Other,10/6/2017,6/10/2017,7512,660,1370,1070
Maharashtra,Nashik,Lasalgaon,Onion,Red,10/6/2017,6/10/2017,8716,860,1630,1200
Maharashtra,Nashik,Lasalgaon,Onion,Other,12/6/2017,6/12/2017,7608,590,1290,1040
Maharashtra,Nashik,Lasalgaon,Onion,Red,12/6/2017,6/12/2017,5292,780,1500,1140
Maharashtra,Nashik,Lasalgaon,Onion,Other,13/06/2017,6/13/2017,5159,620,1450,1070
Maharashtra,Nashik,Lasalgaon,Onion,Red,13/06/2017,6/13/2017,10456,750,1410,1180
Maharashtra,Nashik,Lasalgaon,Onion,Other,14/06/2017,6/14/2017,11142,690,1410,1060
Maharashtra,Nashik,Lasalgaon,Onion,Red,14/06/2017,6/14/2017,10794,710,1640,1190
Maharashtra,Nashik,Lasalgaon,Onion,Other,15/06/2017,6/15/2017,9629,810,1490,1190
Maharashtra,Nashik,Lasalgaon,Onion,Red,15/06/2017,6/15/2017,7376,890,1800,1360
Maharashtra,Nashik,Lasalgaon,Onion,Other,16/06/2017,6/16/2017,8201,720,1690,1250
Maharashtra,Nashik,Lasalgaon,Onion,Red,16/06/2017,6/16/2017,7007,1020,1780,1420
Maharashtra,Nashik,Lasalgaon,Onion,Other,17/06/2017,6/17/2017,8101,860,1520,1190
Maharashtra,Nashik,Lasalgaon,Onion,Red,17/06/2017,6/17/2017,6739,820,1740,1350
Maharashtra,Nashik,Lasalgaon,Onion,Other,19/06/2017,6/19/2017,9057,860,1520,1230
Maharashtra,Nashik,Lasalgaon,Onion,Red,19/06/2017,6/19/2017,7169,990,1930,1390
Maharashtra,Nashik,Lasalgaon,Onion,Other,20/06/2017,6/20/2017,8663,900,1390,1200
Maharashtra,Nashik,Lasalgaon,Onion,Red,20/06/2017,6/20/2017,5440,940,1820,1370
Maharashtra,Nashik,Lasalgaon,Onion,Other,21/06/2017,6/21/2017,7501,710,1500,1170
Maharashtra,Nashik,Lasalgaon,Onion,Red,21/06/2017,6/21/2017,7342,770,1590,1330
Maharashtra,Nashik,Lasalgaon,Onion,Other,22/06/2017,6/22/2017,5359,740,1640,1310
Maharashtra,Nashik,Lasalgaon,Onion,Red,22/06/2017,6/22/2017,8322,820,1950,1480
Maharashtra,Nashik,Lasalgaon,Onion,Other,23/06/2017,6/23/2017,10947,700,1710,1260
Maharashtra,Nashik,Lasalgaon,Onion,Red,23/06/2017,6/23/2017,10087,800,1680,1390
Maharashtra,Nashik,Lasalgaon,Onion,Other,24/06/2017,6/24/2017,8357,730,1510,1300
Maharashtra,Nashik,Lasalgaon,Onion,Red,24/06/2017,6/24/2017,8193,940,1720,1490
Maharashtra,Nashik,Lasalgaon,Onion,Other,26/06/2017,6/26/2017,10820,890,1670,1340
Maharashtra,Nashik,Lasalgaon,Onion,Red,26/06/2017,6/26/2017,8955,990,1830,1500
Maharashtra,Nashik,Lasalgaon,Onion,Other,27/06/2017,6/27/2017,4983,870,1800,1400
Maharashtra,Nashik,Lasalgaon,Onion,Red,27/06/2017,6/27/2017,9463,990,2110,1560
Maharashtra,Nashik,Lasalgaon,Onion,Other,28/06/2017,6/28/2017,5321,940,1820,1320
Maharashtra,Nashik,Lasalgaon,Onion,Red,28/06/2017,6/28/2017,10016,930,1790,1450
Maharashtra,Nashik,Lasalgaon,Onion,Other,29/06/2017,6/29/2017,8248,710,1440,1150
Maharashtra,Nashik,Lasalgaon,Onion,Red,29/06/2017,6/29/2017,9845,740,1650,1280
Maharashtra,Nashik,Lasalgaon,Onion,Other,30/06/2017,6/30/2017,6954,790,1650,1360
Maharashtra,Nashik,Lasalgaon,Onion,Red,30/06/2017,6/30/2017,4921,970,2030,1540
Maharashtra,Nashik,Lasalgaon,Onion,Other,1/7/2017,7/1/2017,8636,980,1700,1420
Maharashtra,Nashik,Lasalgaon,Onion,Red,1/7/2017,7/1/2017,9997,940,2150,1570
Maharashtra,Nashik,Lasalgaon,Onion,Other,3/7/2017,7/3/2017,8890,870,1660,1370
Maharashtra,Nashik,Lasalgaon,Onion,Red,3/7/2017,7/3/2017,9660,1080,1980,1500
Maharashtra,Nashik,Lasalgaon,Onion,Other,4/7/2017,7/4/2017,8871,960,1710,1380
Maharashtra,Nashik,Lasalgaon,Onion,Red,4/7/2017,7/4/2017,10646,920,1790,1530
Maharashtra,Nashik,Lasalgaon,Onion,Other,5/7/2017,7/5/2017,7397,1140,1920,1570
Maharashtra,Nashik,Lasalgaon,Onion,Red,5/7/2017,7/5/2017,6873,1240,2310,1840
Maharashtra,Nashik,Lasalgaon,Onion,Other,6/7/2017,7/6/2017,10232,1130,1880,1570
Maharashtra,Nashik,Lasalgaon,Onion,Red,6/7/2017,7/6/2017,7819,1150,2260,1670
Maharashtra,Nashik,Lasalgaon,Onion,Other,7/7/2017,7/7/2017,9998,1010,1740,1440
Maharashtra,Nashik,Lasalgaon,Onion,Red,7/7/2017,7/7/2017,10488,900,1860,1580
Maharashtra,Nashik,Lasalgaon,Onion,Other,8/7/2017,7/8/2017,8106,1000,2140,1620
Maharashtra,Nashik,Lasalgaon,Onion,Red,8/7/2017,7/8/2017,7736,1230,2430,1840
Maharashtra,Nashik,Lasalgaon,Onion,Other,10/7/2017,7/10/2017,8965,1000,1710,1410
Maharashtra,Nashik,Lasalgaon,Onion,Red,10/7/2017,7/10/2017,9107,930,2040,1560
Maharashtra,Nashik,Lasalgaon,Onion,Other,11/7/2017,7/11/2017,8963,1160,1870,1610
Maharashtra,Nashik,Lasalgaon,Onion,Red,11/7/2017,7/11/2017,9917,1090,2230,1760
Maharashtra,Nashik,Lasalgaon,Onion,Other,12/7/2017,7/12/2017,6135,860,1830,1560
Maharashtra,Nashik,Lasalgaon,Onion,Red,12/7/2017,7/12/2017,7053,920,2170,1660
Maharashtra,Nashik,Lasalgaon,Onion,Other,13/07/2017,7/13/2017,10525,910,1970,1500
Maharashtra,Nashik,Lasalgaon,Onion,Red,13/07/2017,7/13/2017,7932,940,2310,1680
Maharashtra,Nashik,Lasalgaon,Onion,Other,14/07/2017,7/14/2017,8123,920,1920,1640
Maharashtra,Nashik,Lasalgaon,Onion,Red,14/07/2017,7/14/2017,6618,1220,2720,1970
Maharashtra,Nashik,Lasalgaon,Onion,Other,15/07/2017,7/15/2017,8629,1030,2170,1700
Maharashtra,Nashik,Lasalgaon,Onion,Red,15/07/2017,7/15/2017,8300,1360,2510,1860
Maharashtra,Nashik,Lasalgaon,Onion,Other,17/07/2017,7/17/2017,6073,1050,1980,1720
Maharashtra,Nashik,Lasalgaon,Onion,Red,17/07/2017,7/17/2017,7955,1150,2550,1940
Maharashtra,Nashik,Lasalgaon,Onion,Other,18/07/2017,7/18/2017,8459,1170,2060,1680
Maharashtra,Nashik,Lasalgaon,Onion,Red,18/07/2017,7/18/2017,5132,1240,2320,1880
Maharashtra,Nashik,Lasalgaon,Onion,Other,19/07/2017,7/19/2017,8762,990,2180,1740
Maharashtra,Nashik,Lasalgaon,Onion,Red,19/07/2017,7/19/2017,4285,1400,2340,1980
Maharashtra,Nashik,Lasalgaon,Onion,Other,20/07/2017,7/20/2017,7758,980,1890,1640
Maharashtra,Nashik,Lasalgaon,Onion,Red,20/07/2017,7/20/2017,7610,1370,2640,1900
Maharashtra,Nashik,Lasalgaon,Onion,Other,21/07/2017,7/21/2017,8136,1090,2060,1660
Maharashtra,Nashik,Lasalgaon,Onion,Red,21/07/2017,7/21/2017,4917,1170,2250,1860
Maharashtra,Nashik,Lasalgaon,Onion,Other,22/07/2017,7/22/2017,7117,990,2370,1700
Maharashtra,Nashik,Lasalgaon,Onion,Red,22/07/2017,7/22/2017,10112,1240,2580,1890
Maharashtra,Nashik,Lasalgaon,Onion,Other,24/07/2017,7/24/2017,6637,1190,2370,1930
Maharashtra,Nashik,Lasalgaon,Onion,Red,24/07/2017,7/24/2017,5889,1500,2890,2190
Maharashtra,Nashik,Lasalgaon,Onion,Other,25/07/2017,7/25/2017,8412,1060,2390,1850
Maharashtra,Nashik,Lasalgaon,Onion,Red,25/07/2017,7/25/2017,9215,1390,2700,2020
Maharashtra,Nashik,Lasalgaon,Onion,Other,26/07/2017,7/26/2017,4405,1360,2420,2020
Maharashtra,Nashik,Lasalgaon,Onion,Red,26/07/2017,7/26/2017,7474,1370,2850,2260
Maharashtra,Nashik,Lasalgaon,Onion,Other,27/07/2017,7/27/2017,5038,1040,2510,1800
Maharashtra,Nashik,Lasalgaon,Onion,Red,27/07/2017,7/27/2017,7310,1320,2650,2040
Maharashtra,Nashik,Lasalgaon,Onion,Other,28/07/2017,7/28/2017,8051,1240,2270,1880
Maharashtra,Nashik,Lasalgaon,Onion,Red,28/07/2017,7/28/2017,7043,1470,2390,2060
Maharashtra,Nashik,Lasalgaon,Onion,Other,29/07/2017,7/29/2017,9749,1070,2280,1750
Maharashtra,Nashik,Lasalgaon,Onion,Red,29/07/2017,7/29/2017,8418,1430,2600,2010
Maharashtra,Nashik,Lasalgaon,Onion,Other,31/07/2017,7/31/2017,8180,1330,2470,2070
Maharashtra,Nashik,Lasalgaon,Onion,Red,31/07/2017,7/31/2017,9127,1470,2760,2230
Maharashtra,Nashik,Lasalgaon,Onion,Other,1/8/2017,8/1/2017,8845,1230,2250,1800
Maharashtra,Nashik,Lasalgaon,Onion,Red,1/8/2017,8/1/2017,9463,1340,2610,2090
Maharashtra,Nashik,Lasalgaon,Onion,Other,2/8/2017,8/2/2017,6543,1250,2610,1880
Maharashtra,Nashik,Lasalgaon,Onion,Red,2/8/2017,8/2/2017,7065,1170,2570,2080
Maharashtra,Nashik,Lasalgaon,Onion,Other,3/8/2017,8/3/2017,6293,1500,2530,2000
Maharashtra,Nashik,Lasalgaon,Onion,Red,3/8/2017,8/3/2017,9030,1380,2580,2190
Maharashtra,Nashik,Lasalgaon,Onion,Other,4/8/2017,8/4/2017,8272,1200,2210,1750
Maharashtra,Nashik,Lasalgaon,Onion,Red,4/8/2017,8/4/2017,9793,1060,2560,1890
Maharashtra,Nashik,Lasalgaon,Onion,Other,5/8/2017,8/5/2017,7664,1180,2570,2030
Maharashtra,Nashik,Lasalgaon,Onion,Red,5/8/2017,8/5/2017,5930,1520,2850,2280
Maharashtra,Nashik,Lasalgaon,Onion,Other,7/8/2017,8/7/2017,5478,1150,2630,1980
Maharashtra,Nashik,Lasalgaon,Onion,Red,7/8/2017,8/7/2017,7473,1210,2780,2160
Maharashtra,Nashik,Lasalgaon,Onion,Other,8/8/2017,8/8/2017,7293,1270,2770,2050
Maharashtra,Nashik,Lasalgaon,Onion,Red,8/8/2017,8/8/2017,8919,1330,3050,2360
Maharashtra,Nashik,Lasalgaon,Onion,Other,9/8/2017,8/9/2017,6893,1070,2190,1850
Maharashtra,Nashik,Lasalgaon,Onion,Red,9/8/2017,8/9/2017,9594,1350,2370,2020
Maharashtra,Nashik,Lasalgaon,Onion,Other,10/8/2017,8/10/2017,6869,1510,2470,2110
Maharashtra,Nashik,Lasalgaon,Onion,Red,10/8/2017,8/10/2017,8114,1660,3340,2460
Maharashtra,Nashik,Lasalgaon,Onion,Other,11/8/2017,8/11/2017,9666,1200,2860,2090
Maharashtra,Nashik,Lasalgaon,Onion,Red,11/8/2017,8/11/2017,4265,1370,3110,2340
Maharashtra,Nashik,Lasalgaon,Onion,Other,12/8/2017,8/12/2017,7938,1420,2950,2130
Maharashtra,Nashik,Lasalgaon,Onion,Red,12/8/2017,8/12/2017,9342,1440,3010,2230
Maharashtra,Nashik,Lasalgaon,Onion,Other,14/08/2017,8/14/2017,6422,1290,2650,2020
Maharashtra,Nashik,Lasalgaon,Onion,Red,14/08/2017,8/14/2017,9063,1260,2910,2240
Maharashtra,Nashik,Lasalgaon,Onion,Other,15/08/2017,8/15/2017,9001,1250,2270,1960
Maharashtra,Nashik,Lasalgaon,Onion,Red,15/08/2017,8/15/2017,6128,1540,2800,2160
Maharashtra,Nashik,Lasalgaon,Onion,Other,16/08/2017,8/16/2017,8510,1550,2830,2170
Maharashtra,Nashik,Lasalgaon,Onion,Red,16/08/2017,8/16/2017,8947,1680,3150,2520
Maharashtra,Nashik,Lasalgaon,Onion,Other,17/08/2017,8/17/2017,7016,1450,3190,2440
Maharashtra,Nashik,Lasalgaon,Onion,Red,17/08/2017,8/17/2017,6761,1640,3260,2800
Maharashtra,Nashik,Lasalgaon,Onion,Other,18/08/2017,8/18/2017,4597,1300,2870,2180
Maharashtra,Nashik,Lasalgaon,Onion,Red,18/08/2017,8/18/2017,4879,1620,3030,2540
Maharashtra,Nashik,Lasalgaon,Onion,Other,19/08/2017,8/19/2017,7065,1180,2640,2110
Maharashtra,Nashik,Lasalgaon,Onion,Red,19/08/2017,8/19/2017,8660,1480,2840,2280
Maharashtra,Nashik,Lasalgaon,Onion,Other,21/08/2017,8/21/2017,7308,1240,2570,2200
Maharashtra,Nashik,Lasalgaon,Onion,Red,21/08/2017,8/21/2017,7001,1580,3270,2390
Maharashtra,Nashik,Lasalgaon,Onion,Other,22/08/2017,8/22/2017,9317,1520,2590,2230
Maharashtra,Nashik,Lasalgaon,Onion,Red,22/08/2017,8/22/2017,4413,1730,2950,2410
Maharashtra,Nashik,Lasalgaon,Onion,Other,23/08/2017,8/23/2017,5488,1270,2830,2210
Maharashtra,Nashik,Lasalgaon,Onion,Red,23/08/2017,8/23/2017,7577,1530,3450,2470
Maharashtra,Nashik,Lasalgaon,Onion,Other,24/08/2017,8/24/2017,7641,1340,2720,2360
Maharashtra,Nashik,Lasalgaon,Onion,Red,24/08/2017,8/24/2017,6516,1690,3130,2500
Maharashtra,Nashik,Lasalgaon,Onion,Other,25/08/2017,8/25/2017,4683,1360,2620,2200
Maharashtra,Nashik,Lasalgaon,Onion,Red,25/08/2017,8/25/2017,7824,1820,3190,2460
Maharashtra,Nashik,Lasalgaon,Onion,Other,26/08/2017,8/26/2017,5185,1270,2500,2130
Maharashtra,Nashik,Lasalgaon,Onion,Red,26/08/2017,8/26/2017,7068,1620,3010,2280
Maharashtra,Nashik,Lasalgaon,Onion,Other,28/08/2017,8/28/2017,5888,1350,2920,2390
Maharashtra,Nashik,Lasalgaon,Onion,Red,28/08/2017,8/28/2017,5059,1890,3740,2670
Maharashtra,Nashik,Lasalgaon,Onion,Other,29/08/2017,8/29/2017,6299,1370,2870,2300
Maharashtra,Nashik,Lasalgaon,Onion,Red,29/08/2017,8/29/2017,8047,1920,3080,2570
Maharashtra,Nashik,Lasalgaon,Onion,Other,30/08/2017,8/30/2017,8360,1560,3190,2470
Maharashtra,Nashik,Lasalgaon,Onion,Red,30/08/2017,8/30/2017,4113,1920,3690,2700
Maharashtra,Nashik,Lasalgaon,Onion,Other,31/08/2017,8/31/2017,6363,1390,2830,2200
Maharashtra,Nashik,Lasalgaon,Onion,Red,31/08/2017,8/31/2017,4660,1630,3490,2490
Maharashtra,Nashik,Lasalgaon,Onion,Other,1/9/2017,9/1/2017,9395,1260,2600,2190
Maharashtra,Nashik,Lasalgaon,Onion,Red,1/9/2017,9/1/2017,9077,1850,3520,2550
Maharashtra,Nashik,Lasalgaon,Onion,Other,2/9/2017,9/2/2017,6398,1540,2860,2250
Maharashtra,Nashik,Lasalgaon,Onion,Red,2/9/2017,9/2/2017,7037,1520,3170,2440
Maharashtra,Nashik,Lasalgaon,Onion,Other,4/9/2017,9/4/2017,5190,1540,3020,2330
Maharashtra,Nashik,Lasalgaon,Onion,Red,4/9/2017,9/4/2017,5778,1770,2920,2530
Maharashtra,Nashik,Lasalgaon,Onion,Other,5/9/2017,9/5/2017,7029,1450,3180,2410
Maharashtra,Nashik,Lasalgaon,Onion,Red,5/9/2017,9/5/2017,6790,1980,3730,2800
Maharashtra,Nashik,Lasalgaon,Onion,Other,6/9/2017,9/6/2017,7436,1330,2770,2210
Maharashtra,Nashik,Lasalgaon,Onion,Red,6/9/2017,9/6/2017,3996,1610,3020,2470
Maharashtra,Nashik,Lasalgaon,Onion,Other,7/9/2017,9/7/2017,7474,1470,2440,2110
Maharashtra,Nashik,Lasalgaon,Onion,Red,7/9/2017,9/7/2017,6561,1750,2820,2370
Maharashtra,Nashik,Lasalgaon,Onion,Other,8/9/2017,9/8/2017,6772,1600,3030,2420
Maharashtra,Nashik,Lasalgaon,Onion,Red,8/9/2017,9/8/2017,3959,1930,3180,2650
Maharashtra,Nashik,Lasalgaon,Onion,Other,9/9/2017,9/9/2017,8296,1770,3150,2430
Maharashtra,Nashik,Lasalgaon,Onion,Red,9/9/2017,9/9/2017,8317,1780,3740,2790
Maharashtra,Nashik,Lasalgaon,Onion,Other,11/9/2017,9/11/2017,5485,1340,2670,2220
Maharashtra,Nashik,Lasalgaon,Onion,Red,11/9/2017,9/11/2017,7021,1540,3240,2510
Maharashtra,Nashik,Lasalgaon,Onion,Other,12/9/2017,9/12/2017,4691,1530,3160,2690
Maharashtra,Nashik,Lasalgaon,Onion,Red,12/9/2017,9/12/2017,5049,1910,3510,2920
Maharashtra,Nashik,Lasalgaon,Onion,Other,13/09/2017,9/13/2017,7333,1440,3420,2600
Maharashtra,Nashik,Lasalgaon,Onion,Red,13/09/2017,9/13/2017,3784,2050,3990,2890
Maharashtra,Nashik,Lasalgaon,Onion,Other,14/09/2017,9/14/2017,8440,1890,3650,2770
Maharashtra,Nashik,Lasalgaon,Onion,Red,14/09/2017,9/14/2017,5014,2230,3960,2980
Maharashtra,Nashik,Lasalgaon,Onion,Other,15/09/2017,9/15/2017,4676,1490,3000,2490
Maharashtra,Nashik,Lasalgaon,Onion,Red,15/09/2017,9/15/2017,7151,2000,3530,2770
Maharashtra,Nashik,Lasalgaon,Onion,Other,16/09/2017,9/16/2017,6039,1800,3140,2560
Maharashtra,Nashik,Lasalgaon,Onion,Red,16/09/2017,9/16/2017,6967,1660,3910,2800
Maharashtra,Nashik,Lasalgaon,Onion,Other,18/09/2017,9/18/2017,7666,1720,3260,2430
Maharashtra,Nashik,Lasalgaon,Onion,Red,18/09/2017,9/18/2017,4435,2040,3430,2750
Maharashtra,Nashik,Lasalgaon,Onion,Other,19/09/2017,9/19/2017,6439,1750,3170,2640
Maharashtra,Nashik,Lasalgaon,Onion,Red,19/09/2017,9/19/2017,6683,1850,3800,3030
Maharashtra,Nashik,Lasalgaon,Onion,Other,20/09/2017,9/20/2017,5120,1480,2850,2340
Maharashtra,Nashik,Lasalgaon,Onion,Red,20/09/2017,9/20/2017,5710,1890,3690,2680
Maharashtra,Nashik,Lasalgaon,Onion,Other,21/09/2017,9/21/2017,8908,1820,3030,2540
Maharashtra,Nashik,Lasalgaon,Onion,Red,21/09/2017,9/21/2017,4013,1790,3530,2860
Maharashtra,Nashik,Lasalgaon,Onion,Other,22/09/2017,9/22/2017,8426,1400,2860,2330
Maharashtra,Nashik,Lasalgaon,Onion,Red,22/09/2017,9/22/2017,8300,1890,3200,2610
Maharashtra,Nashik,Lasalgaon,Onion,Other,23/09/2017,9/23/2017,8849,1470,3360,2540
Maharashtra,Nashik,Lasalgaon,Onion,Red,23/09/2017,9/23/2017,6144,1980,3560,2890
Maharashtra,Nashik,Lasalgaon,Onion,Other,25/09/2017,9/25/2017,8146,1440,3090,2510
Maharashtra,Nashik,Lasalgaon,Onion,Red,25/09/2017,9/25/2017,8229,2150,3530,2980
Maharashtra,Nashik,Lasalgaon,Onion,Other,26/09/2017,9/26/2017,8659,1870,3620,2670
Maharashtra,Nashik,Lasalgaon,Onion,Red,26/09/2017,9/26/2017,4332,1770,3950,2890
Maharashtra,Nashik,Lasalgaon,Onion,Other,27/09/2017,9/27/2017,8316,1820,3220,2650
Maharashtra,Nashik,Lasalgaon,Onion,Red,27/09/2017,9/27/2017,7016,1770,3540,3040
Maharashtra,Nashik,Lasalgaon,Onion,Other,28/09/2017,9/28/2017,8087,1680,3200,2680
Maharashtra,Nashik,Lasalgaon,Onion,Red,28/09/2017,9/28/2017,7081,1980,3590,3000
Maharashtra,Nashik,Lasalgaon,Onion,Other,29/09/2017,9/29/2017,7774,1850,3910,2880
Maharashtra,Nashik,Lasalgaon,Onion,Red,29/09/2017,9/29/2017,7302,2250,3820,3250
Maharashtra,Nashik,Lasalgaon,Onion,Other,30/09/2017,9/30/2017,7508,1680,3690,2690
Maharashtra,Nashik,Lasalgaon,Onion,Red,30/09/2017,9/30/2017,7737,1770,3880,3100
Maharashtra,Nashik,Lasalgaon,Onion,Other,2/10/2017,10/2/2017,8640,1610,3240,2670
Maharashtra,Nashik,Lasalgaon,Onion,Red,2/10/2017,10/2/2017,5395,1900,4180,3110
Maharashtra,Nashik,Lasalgaon,Onion,Other,3/10/2017,10/3/2017,5674,1610,3190,2580
Maharashtra,Nashik,Lasalgaon,Onion,Red,3/10/2017,10/3/2017,8007,1890,3640,2890
Maharashtra,Nashik,Lasalgaon,Onion,Other,4/10/2017,10/4/2017,4807,1740,4190,3010
Maharashtra,Nashik,Lasalgaon,Onion,Red,4/10/2017,10/4/2017,5804,2020,4700,3570
Maharashtra,Nashik,Lasalgaon,Onion,Other,5/10/2017,10/5/2017,8571,1600,2720,2270
Maharashtra,Nashik,Lasalgaon,Onion,Red,5/10/2017,10/5/2017,6434,1650,3040,2420
Maharashtra,Nashik,Lasalgaon,Onion,Other,6/10/2017,10/6/2017,6897,1730,3260,2650
Maharashtra,Nashik,Lasalgaon,Onion,Red,6/10/2017,10/6/2017,8193,2170,3650,2900
Maharashtra,Nashik,Lasalgaon,Onion,Other,7/10/2017,10/7/2017,5139,1450,3070,2450
Maharashtra,Nashik,Lasalgaon,Onion,Red,7/10/2017,10/7/2017,8055,1500,3770,2730
Maharashtra,Nashik,Lasalgaon,Onion,Other,9/10/2017,10/9/2017,7864,1380,2810,2410
Maharashtra,Nashik,Lasalgaon,Onion,Red,9/10/2017,10/9/2017,4385,2020,3440,2740
Maharashtra,Nashik,Lasalgaon,Onion,Other,10/10/2017,10/10/2017,8120,1370,2860,2190
Maharashtra,Nashik,Lasalgaon,Onion,Red,10/10/2017,10/10/2017,9214,1410,2860,2470
Maharashtra,Nashik,Lasalgaon,Onion,Other,11/10/2017,10/11/2017,7229,1670,3420,2710
Maharashtra,Nashik,Lasalgaon,Onion,Red,11/10/2017,10/11/2017,7783,1950,4090,3000
Maharashtra,Nashik,Lasalgaon,Onion,Other,12/10/2017,10/12/2017,7829,1660,3580,2560
Maharashtra,Nashik,Lasalgaon,Onion,Red,12/10/2017,10/12/2017,8589,1720,3680,2870
Maharashtra,Nashik,Lasalgaon,Onion,Other,13/10/2017,10/13/2017,5289,1310,2970,2370
Maharashtra,Nashik,Lasalgaon,Onion,Red,13/10/2017,10/13/2017,7944,1960,3390,2750
Maharashtra,Nashik,Lasalgaon,Onion,Other,14/10/2017,10/14/2017,6977,1350,2870,2400
Maharashtra,Nashik,Lasalgaon,Onion,Red,14/10/2017,10/14/2017,5794,1600,3300,2630
Maharashtra,Nashik,Lasalgaon,Onion,Other,16/10/2017,10/16/2017,4472,1260,3060,2200
Maharashtra,Nashik,Lasalgaon,Onion,Red,16/10/2017,10/16/2017,5664,1500,3010,2460
Maharashtra,Nashik,Lasalgaon,Onion,Other,17/10/2017,10/17/2017,4531,1480,3380,2580
Maharashtra,Nashik,Lasalgaon,Onion,Red,17/10/2017,10/17/2017,4652,1610,3920,2850
Maharashtra,Nashik,Lasalgaon,Onion,Other,18/10/2017,10/18/2017,5205,1430,3520,2540
Maharashtra,Nashik,Lasalgaon,Onion,Red,18/10/2017,10/18/2017,7809,2120,3510,2940
Maharashtra,Nashik,Lasalgaon,Onion,Other,19/10/2017,10/19/2017,8706,1770,3470,2510
Maharashtra,Nashik,Lasalgaon,Onion,Red,19/10/2017,10/19/2017,4747,1990,3820,2790
Maharashtra,Nashik,Lasalgaon,Onion,Other,20/10/2017,10/20/2017,6964,1470,2940,2360
Maharashtra,Nashik,Lasalgaon,Onion,Red,20/10/2017,10/20/2017,4766,1490,3390,2570
Maharashtra,Nashik,Lasalgaon,Onion,Other,21/10/2017,10/21/2017,7323,1780,3350,2510
Maharashtra,Nashik,Lasalgaon,Onion,Red,21/10/2017,10/21/2017,4284,1550,3420,2660
Maharashtra,Nashik,Lasalgaon,Onion,Other,23/10/2017,10/23/2017,9250,1290,2810,2310
Maharashtra,Nashik,Lasalgaon,Onion,Red,23/10/2017,10/23/2017,4196,1820,3040,2460
Maharashtra,Nashik,Lasalgaon,Onion,Other,24/10/2017,10/24/2017,8048,1800,2880,2430
Maharashtra,Nashik,Lasalgaon,Onion,Red,24/10/2017,10/24/2017,5808,1510,3680,2640
Maharashtra,Nashik,Lasalgaon,Onion,Other,25/10/2017,10/25/2017,4796,1610,2860,2390
Maharashtra,Nashik,Lasalgaon,Onion,Red,25/10/2017,10/25/2017,8232,2030,3800,2760
Maharashtra,Nashik,Lasalgaon,Onion,Other,26/10/2017,10/26/2017,5441,1500,3280,2660
Maharashtra,Nashik,Lasalgaon,Onion,Red,26/10/2017,10/26/2017,4311,2040,3740,3020
Maharashtra,Nashik,Lasalgaon,Onion,Other,27/10/2017,10/27/2017,4842,1670,3150,2660
Maharashtra,Nashik,Lasalgaon,Onion,Red,27/10/2017,10/27/2017,6695,1800,3690,3010
Maharashtra,Nashik,Lasalgaon,Onion,Other,28/10/2017,10/28/2017,4838,1690,3680,2710
Maharashtra,Nashik,Lasalgaon,Onion,Red,28/10/2017,10/28/2017,4398,2000,4190,3100
Maharashtra,Nashik,Lasalgaon,Onion,Other,30/10/2017,10/30/2017,5463,1470,3510,2650
Maharashtra,Nashik,Lasalgaon,Onion,Red,30/10/2017,10/30/2017,4876,1620,3760,2880
Maharashtra,Nashik,Lasalgaon,Onion,Other,31/10/2017,10/31/2017,4525,1360,2880,2350
Maharashtra,Nashik,Lasalgaon,Onion,Red,31/10/2017,10/31/2017,6355,1920,3010,2620
Maharashtra,Nashik,Lasalgaon,Onion,Other,1/11/2017,11/1/2017,9169,1760,2850,2400
Maharashtra,Nashik,Lasalgaon,Onion,Red,1/11/2017,11/1/2017,6667,1560,3510,2630
Maharashtra,Nashik,Lasalgaon,Onion,Other,2/11/2017,11/2/2017,4848,1620,2950,2460
Maharashtra,Nashik,Lasalgaon,Onion,Red,2/11/2017,11/2/2017,5572,2080,3490,2830
Maharashtra,Nashik,Lasalgaon,Onion,Other,3/11/2017,11/3/2017,7284,1720,3110,2330
Maharashtra,Nashik,Lasalgaon,Onion,Red,3/11/2017,11/3/2017,5125,1950,3130,2690
Maharashtra,Nashik,Lasalgaon,Onion,Other,4/11/2017,11/4/2017,6469,1540,3050,2210
Maharashtra,Nashik,Lasalgaon,Onion,Red,4/11/2017,11/4/2017,6322,1520,3420,2460
Maharashtra,Nashik,Lasalgaon,Onion,Other,6/11/2017,11/6/2017,8480,1540,2710,2100
Maharashtra,Nashik,Lasalgaon,Onion,Red,6/11/2017,11/6/2017,6388,1670,2890,2340
Maharashtra,Nashik,Lasalgaon,Onion,Other,7/11/2017,11/7/2017,7399,1670,3260,2350
Maharashtra,Nashik,Lasalgaon,Onion,Red,7/11/2017,11/7/2017,8103,1890,3650,2700
Maharashtra,Nashik,Lasalgaon,Onion,Other,8/11/2017,11/8/2017,6499,1460,3060,2320
Maharashtra,Nashik,Lasalgaon,Onion,Red,8/11/2017,11/8/2017,7169,1810,3210,2590
Maharashtra,Nashik,Lasalgaon,Onion,Other,9/11/2017,11/9/2017,5495,1630,2970,2480
Maharashtra,Nashik,Lasalgaon,Onion,Red,9/11/2017,11/9/2017,4890,1900,3460,2720
Maharashtra,Nashik,Lasalgaon,Onion,Other,10/11/2017,11/10/2017,6848,1530,3260,2370
Maharashtra,Nashik,Lasalgaon,Onion,Red,10/11/2017,11/10/2017,6079,1860,3270,2700
Maharashtra,Nashik,Lasalgaon,Onion,Other,11/11/2017,11/11/2017,9322,1290,2710,2340
Maharashtra,Nashik,Lasalgaon,Onion,Red,11/11/2017,11/11/2017,8212,1550,3420,2600
Maharashtra,Nashik,Lasalgaon,Onion,Other,13/11/2017,11/13/2017,8190,1520,2850,2190
Maharashtra,Nashik,Lasalgaon,Onion,Red,13/11/2017,11/13/2017,6992,1740,3440,2470
Maharashtra,Nashik,Lasalgaon,Onion,Other,14/11/2017,11/14/2017,4547,1420,3470,2530
Maharashtra,Nashik,Lasalgaon,Onion,Red,14/11/2017,11/14/2017,6809,1680,3690,2730
Maharashtra,Nashik,Lasalgaon,Onion,Other,15/11/2017,11/15/2017,8855,1630,2790,2260
Maharashtra,Nashik,Lasalgaon,Onion,Red,15/11/2017,11/15/2017,8594,1340,3180,2360
Maharashtra,Nashik,Lasalgaon,Onion,Other,16/11/2017,11/16/2017,6993,1340,3040,2290
Maharashtra,Nashik,Lasalgaon,Onion,Red,16/11/2017,11/16/2017,5072,1680,2970,2480
Maharashtra,Nashik,Lasalgaon,Onion,Other,17/11/2017,11/17/2017,7684,1530,3150,2310
Maharashtra,Nashik,Lasalgaon,Onion,Red,17/11/2017,11/17/2017,7632,1640,3560,2570
Maharashtra,Nashik,Lasalgaon,Onion,Other,18/11/2017,11/18/2017,7992,1390,2690,2320
Maharashtra,Nashik,Lasalgaon,Onion,Red,18/11/2017,11/18/2017,6571,1520,3250,2650
Maharashtra,Nashik,Lasalgaon,Onion,Other,20/11/2017,11/20/2017,7102,1500,3190,2570
Maharashtra,Nashik,Lasalgaon,Onion,Red,20/11/2017,11/20/2017,8099,2210,3960,2970
Maharashtra,Nashik,Lasalgaon,Onion,Other,21/11/2017,11/21/2017,7400,1380,3090,2350
Maharashtra,Nashik,Lasalgaon,Onion,Red,21/11/2017,11/21/2017,6462,1830,3480,2730
Maharashtra,Nashik,Lasalgaon,Onion,Other,22/11/2017,11/22/2017,5083,1360,3110,2300
Maharashtra,Nashik,Lasalgaon,Onion,Red,22/11/2017,11/22/2017,7489,1380,3060,2430
Maharashtra,Nashik,Lasalgaon,Onion,Other,23/11/2017,11/23/2017,9541,1340,2510,2030
Maharashtra,Nashik,Lasalgaon,Onion,Red,23/11/2017,11/23/2017,5912,1650,2860,2240
Maharashtra,Nashik,Lasalgaon,Onion,Other,24/11/2017,11/24/2017,7467,1440,2270,1960
Maharashtra,Nashik,Lasalgaon,Onion,Red,24/11/2017,11/24/2017,4626,1520,2770,2180
Maharashtra,Nashik,Lasalgaon,Onion,Other,25/11/2017,11/25/2017,6765,1500,2700,2240
Maharashtra,Nashik,Lasalgaon,Onion,Red,25/11/2017,11/25/2017,4470,1610,2960,2540
Maharashtra,Nashik,Lasalgaon,Onion,Other,27/11/2017,11/27/2017,8464,1260,2740,2140
Maharashtra,Nashik,Lasalgaon,Onion,Red,27/11/2017,11/27/2017,4614,1370,3160,2440
Maharashtra,Nashik,Lasalgaon,Onion,Other,28/11/2017,11/28/2017,6478,1570,2660,2190
Maharashtra,Nashik,Lasalgaon,Onion,Red,28/11/2017,11/28/2017,7083,1350,3040,2410
Maharashtra,Nashik,Lasalgaon,Onion,Other,29/11/2017,11/29/2017,6420,1190,2290,1940
Maharashtra,Nashik,Lasalgaon,Onion,Red,29/11/2017,11/29/2017,9444,1270,2980,2220
Maharashtra,Nashik,Lasalgaon,Onion,Other,30/11/2017,11/30/2017,6464,1450,3110,2380
Maharashtra,Nashik,Lasalgaon,Onion,Red,30/11/2017,11/30/2017,5224,1760,3650,2720
Maharashtra,Nashik,Lasalgaon,Onion,Other,1/12/2017,12/1/2017,9135,1250,2830,2230
Maharashtra,Nashik,Lasalgaon,Onion,Red,1/12/2017,12/1/2017,5272,1670,3190,2480
Maharashtra,Nashik,Lasalgaon,Onion,Other,2/12/2017,12/2/2017,4637,1500,2900,2270
Maharashtra,Nashik,Lasalgaon,Onion,Red,2/12/2017,12/2/2017,5914,1390,3490,2510
Maharashtra,Nashik,Lasalgaon,Onion,Other,4/12/2017,12/4/2017,7516,1390,2800,2030
Maharashtra,Nashik,Lasalgaon,Onion,Red,4/12/2017,12/4/2017,8263,1310,2950,2280
Maharashtra,Nashik,Lasalgaon,Onion,Other,5/12/2017,12/5/2017,7545,1510,3060,2230
Maharashtra,Nashik,Lasalgaon,Onion,Red,5/12/2017,12/5/2017,5019,1430,3040,2480
Maharashtra,Nashik,Lasalgaon,Onion,Other,6/12/2017,12/6/2017,5222,1450,2590,2120
Maharashtra,Nashik,Lasalgaon,Onion,Red,6/12/2017,12/6/2017,5223,1680,3030,2390
Maharashtra,Nashik,Lasalgaon,Onion,Other,7/12/2017,12/7/2017,5099,1250,2570,2020
Maharashtra,Nashik,Lasalgaon,Onion,Red,7/12/2017,12/7/2017,4805,1700,2730,2270
Maharashtra,Nashik,Lasalgaon,Onion,Other,8/12/2017,12/8/2017,4297,1360,2770,2140
Maharashtra,Nashik,Lasalgaon,Onion,Red,8/12/2017,12/8/2017,8427,1310,2970,2360
Maharashtra,Nashik,Lasalgaon,Onion,Other,9/12/2017,12/9/2017,4909,1350,2930,2160
Maharashtra,Nashik,Lasalgaon,Onion,Red,9/12/2017,12/9/2017,9009,1790,3240,2420
Maharashtra,Nashik,Lasalgaon,Onion,Other,11/12/2017,12/11/2017,6269,1390,2300,1890
Maharashtra,Nashik,Lasalgaon,Onion,Red,11/12/2017,12/11/2017,9270,1520,2950,2200
Maharashtra,Nashik,Lasalgaon,Onion,Other,12/12/2017,12/12/2017,6398,1450,2430,2080
Maharashtra,Nashik,Lasalgaon,Onion,Red,12/12/2017,12/12/2017,9429,1390,2810,2290
Maharashtra,Nashik,Lasalgaon,Onion,Other,13/12/2017,12/13/2017,8621,1610,2680,2160
Maharashtra,Nashik,Lasalgaon,Onion,Red,13/12/2017,12/13/2017,4916,1570,3380,2470
Maharashtra,Nashik,Lasalgaon,Onion,Other,14/12/2017,12/14/2017,6678,1330,2760,2120
Maharashtra,Nashik,Lasalgaon,Onion,Red,14/12/2017,12/14/2017,4377,1620,2800,2320
Maharashtra,Nashik,Lasalgaon,Onion,Other,15/12/2017,12/15/2017,6611,1130,2400,1940
Maharashtra,Nashik,Lasalgaon,Onion,Red,15/12/2017,12/15/2017,9223,1160,2670,2060
Maharashtra,Nashik,Lasalgaon,Onion,Other,16/12/2017,12/16/2017,8278,1360,2490,1990
Maharashtra,Nashik,Lasalgaon,Onion,Red,16/12/2017,12/16/2017,4207,1370,2760,2160
Maharashtra,Nashik,Lasalgaon,Onion,Other,18/12/2017,12/18/2017,9788,1140,2540,2040
Maharashtra,Nashik,Lasalgaon,Onion,Red,18/12/2017,12/18/2017,8914,1500,3020,2370
Maharashtra,Nashik,Lasalgaon,Onion,Other,19/12/2017,12/19/2017,6896,1400,2700,1980
Maharashtra,Nashik,Lasalgaon,Onion,Red,19/12/2017,12/19/2017,9310,1490,2880,2310
Maharashtra,Nashik,Lasalgaon,Onion,Other,20/12/2017,12/20/2017,4786,1320,2330,1830
Maharashtra,Nashik,Lasalgaon,Onion,Red,20/12/2017,12/20/2017,9186,1360,2590,2060
Maharashtra,Nashik,Lasalgaon,Onion,Other,21/12/2017,12/21/2017,9914,1280,2250,1930
Maharashtra,Nashik,Lasalgaon,Onion,Red,21/12/2017,12/21/2017,6796,1400,2610,2140
Maharashtra,Nashik,Lasalgaon,Onion,Other,22/12/2017,12/22/2017,6144,1070,2140,1810
Maharashtra,Nashik,Lasalgaon,Onion,Red,22/12/2017,12/22/2017,5508,1460,2630,2070
Maharashtra,Nashik,Lasalgaon,Onion,Other,23/12/2017,12/23/2017,10222,1320,2210,1790
Maharashtra,Nashik,Lasalgaon,Onion,Red,23/12/2017,12/23/2017,9420,1260,2330,1950
Maharashtra,Nashik,Lasalgaon,Onion,Other,25/12/2017,12/25/2017,4815,1500,2340,2010
Maharashtra,Nashik,Lasalgaon,Onion,Red,25/12/2017,12/25/2017,5133,1550,2720,2230
Maharashtra,Nashik,Lasalgaon,Onion,Other,26/12/2017,12/26/2017,6981,1120,2270,1740
Maharashtra,Nashik,Lasalgaon,Onion,Red,26/12/2017,12/26/2017,4352,1100,2660,1970
Maharashtra,Nashik,Lasalgaon,Onion,Other,27/12/2017,12/27/2017,7183,1160,2340,1820
Maharashtra,Nashik,Lasalgaon,Onion,Red,27/12/2017,12/27/2017,9277,1290,2820,2060
Maharashtra,Nashik,Lasalgaon,Onion,Other,28/12/2017,12/28/2017,7304,1380,2620,1880
Maharashtra,Nashik,Lasalgaon,Onion,Red,28/12/2017,12/28/2017,9704,1290,2460,2020
Maharashtra,Nashik,Lasalgaon,Onion,Other,29/12/2017,12/29/2017,6812,1080,2160,1770
Maharashtra,Nashik,Lasalgaon,Onion,Red,29/12/2017,12/29/2017,7649,1450,2250,1930
Maharashtra,Nashik,Lasalgaon,Onion,Other,30/12/2017,12/30/2017,4929,1070,2190,1780
Maharashtra,Nashik,Lasalgaon,Onion,Red,30/12/2017,12/30/2017,9877,1130,2570,1850
Maharashtra,Nashik,Lasalgaon,Onion,Other,1/1/2018,1/1/2018,9068,1370,2150,1870
Maharashtra,Nashik,Lasalgaon,Onion,Red,1/1/2018,1/1/2018,5200,1470,2330,1990
Maharashtra,Nashik,Lasalgaon,Onion,Other,2/1/2018,1/2/2018,7078,980,2150,1770
Maharashtra,Nashik,Lasalgaon,Onion,Red,2/1/2018,1/2/2018,9927,1390,2680,2010
Maharashtra,Nashik,Lasalgaon,Onion,Other,3/1/2018,1/3/2018,5413,1170,2230,1780
Maharashtra,Nashik,Lasalgaon,Onion,Red,3/1/2018,1/3/2018,7220,1420,2590,1900
Maharashtra,Nashik,Lasalgaon,Onion,Other,4/1/2018,1/4/2018,7663,1050,2100,1590
Maharashtra,Nashik,Lasalgaon,Onion,Red,4/1/2018,1/4/2018,6582,1350,2350,1800
Maharashtra,Nashik,Lasalgaon,Onion,Other,5/1/2018,1/5/2018,7096,1040,2040,1650
Maharashtra,Nashik,Lasalgaon,Onion,Red,5/1/2018,1/5/2018,8971,1320,2380,1870
Maharashtra,Nashik,Lasalgaon,Onion,Other,6/1/2018,1/6/2018,5970,1070,1830,1510
Maharashtra,Nashik,Lasalgaon,Onion,Red,6/1/2018,1/6/2018,4504,1130,2100,1730
Maharashtra,Nashik,Lasalgaon,Onion,Other,8/1/2018,1/8/2018,7898,1070,2340,1680
Maharashtra,Nashik,Lasalgaon,Onion,Red,8/1/2018,1/8/2018,7526,1440,2360,1990
Maharashtra,Nashik,Lasalgaon,Onion,Other,9/1/2018,1/9/2018,5043,1160,2070,1670
Maharashtra,Nashik,Lasalgaon,Onion,Red,9/1/2018,1/9/2018,9325,1230,2400,1920
Maharashtra,Nashik,Lasalgaon,Onion,Other,10/1/2018,1/10/2018,6383,1270,2150,1700
Maharashtra,Nashik,Lasalgaon,Onion,Red,10/1/2018,1/10/2018,5929,1240,2500,1890
Maharashtra,Nashik,Lasalgaon,Onion,Other,11/1/2018,1/11/2018,7506,990,1960,1600
Maharashtra,Nashik,Lasalgaon,Onion,Red,11/1/2018,1/11/2018,6249,1080,2120,1770
Maharashtra,Nashik,Lasalgaon,Onion,Other,12/1/2018,1/12/2018,10498,1010,2060,1590
Maharashtra,Nashik,Lasalgaon,Onion,Red,12/1/2018,1/12/2018,8608,1070,2370,1800
Maharashtra,Nashik,Lasalgaon,Onion,Other,13/01/2018,1/13/2018,8260,1030,1750,1500
Maharashtra,Nashik,Lasalgaon,Onion,Red,13/01/2018,1/13/2018,9500,1180,2040,1690
Maharashtra,Nashik,Lasalgaon,Onion,Other,15/01/2018,1/15/2018,5113,810,1950,1410
Maharashtra,Nashik,Lasalgaon,Onion,Red,15/01/2018,1/15/2018,8323,920,1940,1570
Maharashtra,Nashik,Lasalgaon,Onion,Other,16/01/2018,1/16/2018,5972,870,1730,1430
Maharashtra,Nashik,Lasalgaon,Onion,Red,16/01/2018,1/16/2018,5843,1020,2130,1610
Maharashtra,Nashik,Lasalgaon,Onion,Other,17/01/2018,1/17/2018,9662,1040,1930,1390
Maharashtra,Nashik,Lasalgaon,Onion,Red,17/01/2018,1/17/2018,6556,890,1740,1490
Maharashtra,Nashik,Lasalgaon,Onion,Other,18/01/2018,1/18/2018,9786,1060,2040,1500
Maharashtra,Nashik,Lasalgaon,Onion,Red,18/01/2018,1/18/2018,6428,990,2110,1600
Maharashtra,Nashik,Lasalgaon,Onion,Other,19/01/2018,1/19/2018,6633,820,1870,1490
Maharashtra,Nashik,Lasalgaon,Onion,Red,19/01/2018,1/19/2018,6329,1140,2220,1650
Maharashtra,Nashik,Lasalgaon,Onion,Other,20/01/2018,1/20/2018,8968,900,1870,1410
Maharashtra,Nashik,Lasalgaon,Onion,Red,20/01/2018,1/20/2018,8529,1210,1950,1610
Maharashtra,Nashik,Lasalgaon,Onion,Other,22/01/2018,1/22/2018,8100,870,1990,1490
Maharashtra,Nashik,Lasalgaon,Onion,Red,22/01/2018,1/22/2018,6478,1020,2130,1680
Maharashtra,Nashik,Lasalgaon,Onion,Other,23/01/2018,1/23/2018,7796,990,1950,1490
Maharashtra,Nashik,Lasalgaon,Onion,Red,23/01/2018,1/23/2018,7424,940,2030,1680
Maharashtra,Nashik,Lasalgaon,Onion,Other,24/01/2018,1/24/2018,6354,860,1620,1310
Maharashtra,Nashik,Lasalgaon,Onion,Red,24/01/2018,1/24/2018,10368,930,1720,1450
Maharashtra,Nashik,Lasalgaon,Onion,Other,25/01/2018,1/25/2018,9683,810,1900,1410
Maharashtra,Nashik,Lasalgaon,Onion,Red,25/01/2018,1/25/2018,8418,1130,1900,1610
Maharashtra,Nashik,Lasalgaon,Onion,Other,26/01/2018,1/26/2018,7981,940,1750,1380
Maharashtra,Nashik,Lasalgaon,Onion,Red,26/01/2018,1/26/2018,5029,890,2090,1600
Maharashtra,Nashik,Lasalgaon,Onion,Other,27/01/2018,1/27/2018,9227,790,1420,1200
Maharashtra,Nashik,Lasalgaon,Onion,Red,27/01/2018,1/27/2018,5370,940,1580,1330
Maharashtra,Nashik,Lasalgaon,Onion,Other,29/01/2018,1/29/2018,10455,640,1480,1130
Maharashtra,Nashik,Lasalgaon,Onion,Red,29/01/2018,1/29/2018,5187,950,1740,1330
Maharashtra,Nashik,Lasalgaon,Onion,Other,30/01/2018,1/30/2018,10761,750,1560,1250
Maharashtra,Nashik,Lasalgaon,Onion,Red,30/01/2018,1/30/2018,9115,930,1880,1380
Maharashtra,Nashik,Lasalgaon,Onion,Other,31/01/2018,1/31/2018,6886,790,1710,1300
Maharashtra,Nashik,Lasalgaon,Onion,Red,31/01/2018,1/31/2018,6369,1080,1750,1440
Maharashtra,Nashik,Lasalgaon,Onion,Other,1/2/2018,2/1/2018,10816,970,1880,1350
Maharashtra,Nashik,Lasalgaon,Onion,Red,1/2/2018,2/1/2018,8506,870,2100,1550
Maharashtra,Nashik,Lasalgaon,Onion,Other,2/2/2018,2/2/2018,10665,800,1650,1180
Maharashtra,Nashik,Lasalgaon,Onion,Red,2/2/2018,2/2/2018,6982,850,1550,1340
Maharashtra,Nashik,Lasalgaon,Onion,Other,3/2/2018,2/3/2018,7460,820,1480,1270
Maharashtra,Nashik,Lasalgaon,Onion,Red,3/2/2018,2/3/2018,8585,940,2020,1460
Maharashtra,Nashik,Lasalgaon,Onion,Other,5/2/2018,2/5/2018,7085,690,1700,1220
Maharashtra,Nashik,Lasalgaon,Onion,Red,5/2/2018,2/5/2018,9042,840,1610,1300
Maharashtra,Nashik,Lasalgaon,Onion,Other,6/2/2018,2/6/2018,5540,770,1570,1280
Maharashtra,Nashik,Lasalgaon,Onion,Red,6/2/2018,2/6/2018,8305,1000,1700,1470
Maharashtra,Nashik,Lasalgaon,Onion,Other,7/2/2018,2/7/2018,10263,590,1380,1050
Maharashtra,Nashik,Lasalgaon,Onion,Red,7/2/2018,2/7/2018,10308,660,1380,1100
Maharashtra,Nashik,Lasalgaon,Onion,Other,8/2/2018,2/8/2018,5504,750,1360,1130
Maharashtra,Nashik,Lasalgaon,Onion,Red,8/2/2018,2/8/2018,9545,940,1740,1290
Maharashtra,Nashik,Lasalgaon,Onion,Other,9/2/2018,2/9/2018,9894,670,1180,1010
Maharashtra,Nashik,Lasalgaon,Onion,Red,9/2/2018,2/9/2018,6079,740,1330,1110
Maharashtra,Nashik,Lasalgaon,Onion,Other,10/2/2018,2/10/2018,8454,670,1400,1210
Maharashtra,Nashik,Lasalgaon,Onion,Red,10/2/2018,2/10/2018,6883,970,1680,1360
Maharashtra,Nashik,Lasalgaon,Onion,Other,12/2/2018,2/12/2018,9046,550,1330,1000
Maharashtra,Nashik,Lasalgaon,Onion,Red,12/2/2018,2/12/2018,9197,760,1520,1140
Maharashtra,Nashik,Lasalgaon,Onion,Other,13/02/2018,2/13/2018,9316,600,1240,1050
Maharashtra,Nashik,Lasalgaon,Onion,Red,13/02/2018,2/13/2018,8894,820,1580,1140
Maharashtra,Nashik,Lasalgaon,Onion,Other,14/02/2018,2/14/2018,9442,740,1470,1090
Maharashtra,Nashik,Lasalgaon,Onion,Red,14/02/2018,2/14/2018,9492,910,1470,1270
Maharashtra,Nashik,Lasalgaon,Onion,Other,15/02/2018,2/15/2018,11187,700,1260,1030
Maharashtra,Nashik,Lasalgaon,Onion,Red,15/02/2018,2/15/2018,5882,650,1520,1180
Maharashtra,Nashik,Lasalgaon,Onion,Other,16/02/2018,2/16/2018,10963,590,1260,990
Maharashtra,Nashik,Lasalgaon,Onion,Red,16/02/2018,2/16/2018,9750,670,1340,1130
Maharashtra,Nashik,Lasalgaon,Onion,Other,17/02/2018,2/17/2018,6386,630,1420,1090
Maharashtra,Nashik,Lasalgaon,Onion,Red,17/02/2018,2/17/2018,8576,710,1610,1220
Maharashtra,Nashik,Lasalgaon,Onion,Other,19/02/2018,2/19/2018,11464,610,1200,960
Maharashtra,Nashik,Lasalgaon,Onion,Red,19/02/2018,2/19/2018,7166,670,1350,1100
Maharashtra,Nashik,Lasalgaon,Onion,Other,20/02/2018,2/20/2018,10968,660,1090,900
Maharashtra,Nashik,Lasalgaon,Onion,Red,20/02/2018,2/20/2018,10867,580,1340,1020
Maharashtra,Nashik,Lasalgaon,Onion,Other,21/02/2018,2/21/2018,6154,700,1250,1020
Maharashtra,Nashik,Lasalgaon,Onion,Red,21/02/2018,2/21/2018,5768,690,1330,1140
Maharashtra,Nashik,Lasalgaon,Onion,Other,22/02/2018,2/22/2018,5820,680,1130,960
Maharashtra,Nashik,Lasalgaon,Onion,Red,22/02/2018,2/22/2018,5544,710,1250,1040
Maharashtra,Nashik,Lasalgaon,Onion,Other,23/02/2018,2/23/2018,9473,630,1190,930
Maharashtra,Nashik,Lasalgaon,Onion,Red,23/02/2018,2/23/2018,6619,730,1400,1070
Maharashtra,Nashik,Lasalgaon,Onion,Other,24/02/2018,2/24/2018,10489,680,1210,940
Maharashtra,Nashik,Lasalgaon,Onion,Red,24/02/2018,2/24/2018,9430,780,1230,1040
Maharashtra,Nashik,Lasalgaon,Onion,Other,26/02/2018,2/26/2018,10976,550,1290,960
Maharashtra,Nashik,Lasalgaon,Onion,Red,26/02/2018,2/26/2018,7698,660,1380,1060
Maharashtra,Nashik,Lasalgaon,Onion,Other,27/02/2018,2/27/2018,11401,570,1120,810
Maharashtra,Nashik,Lasalgaon,Onion,Red,27/02/2018,2/27/2018,9925,520,1220,890
Maharashtra,Nashik,Lasalgaon,Onion,Other,28/02/2018,2/28/2018,9230,540,1230,890
Maharashtra,Nashik,Lasalgaon,Onion,Red,28/02/2018,2/28/2018,9663,690,1210,1000
Maharashtra,Nashik,Lasalgaon,Onion,Other,1/3/2018,3/1/2018,10510,600,1050,880
Maharashtra,Nashik,Lasalgaon,Onion,Red,1/3/2018,3/1/2018,7617,580,1290,980
Maharashtra,Nashik,Lasalgaon,Onion,Other,2/3/2018,3/2/2018,6858,460,1140,830
Maharashtra,Nashik,Lasalgaon,Onion,Red,2/3/2018,3/2/2018,6382,670,1310,930
Maharashtra,Nashik,Lasalgaon,Onion,Other,3/3/2018,3/3/2018,8338,680,1250,910
Maharashtra,Nashik,Lasalgaon,Onion,Red,3/3/2018,3/3/2018,11390,700,1170,980
Maharashtra,Nashik,Lasalgaon,Onion,Other,5/3/2018,3/5/2018,7608,490,1100,810
Maharashtra,Nashik,Lasalgaon,Onion,Red,5/3/2018,3/5/2018,11538,510,1120,900
Maharashtra,Nashik,Lasalgaon,Onion,Other,6/3/2018,3/6/2018,10634,450,1080,780
Maharashtra,Nashik,Lasalgaon,Onion,Red,6/3/2018,3/6/2018,5368,550,1060,910
Maharashtra,Nashik,Lasalgaon,Onion,Other,7/3/2018,3/7/2018,10699,610,1060,840
Maharashtra,Nashik,Lasalgaon,Onion,Red,7/3/2018,3/7/2018,9862,580,1210,910
Maharashtra,Nashik,Lasalgaon,Onion,Other,8/3/2018,3/8/2018,7515,540,930,790
Maharashtra,Nashik,Lasalgaon,Onion,Red,8/3/2018,3/8/2018,8203,570,1210,860
Maharashtra,Nashik,Lasalgaon,Onion,Other,9/3/2018,3/9/2018,11065,560,1030,790
Maharashtra,Nashik,Lasalgaon,Onion,Red,9/3/2018,3/9/2018,9172,580,1200,920
Maharashtra,Nashik,Lasalgaon,Onion,Other,10/3/2018,3/10/2018,11034,420,860,750
Maharashtra,Nashik,Lasalgaon,Onion,Red,10/3/2018,3/10/2018,9994,500,1000,830
Maharashtra,Nashik,Lasalgaon,Onion,Other,12/3/2018,3/12/2018,10842,460,1090,780
Maharashtra,Nashik,Lasalgaon,Onion,Red,12/3/2018,3/12/2018,10172,600,1040,830
Maharashtra,Nashik,Lasalgaon,Onion,Other,13/03/2018,3/13/2018,5128,500,990,780
Maharashtra,Nashik,Lasalgaon,Onion,Red,13/03/2018,3/13/2018,7990,550,1150,860
Maharashtra,Nashik,Lasalgaon,Onion,Other,14/03/2018,3/14/2018,6555,520,940,720
Maharashtra,Nashik,Lasalgaon,Onion,Red,14/03/2018,3/14/2018,10626,490,1080,830
Maharashtra,Nashik,Lasalgaon,Onion,Other,15/03/2018,3/15/2018,8205,500,910,690
Maharashtra,Nashik,Lasalgaon,Onion,Red,15/03/2018,3/15/2018,9345,490,910,760
Maharashtra,Nashik,Lasalgaon,Onion,Other,16/03/2018,3/16/2018,10662,440,910,660
Maharashtra,Nashik,Lasalgaon,Onion,Red,16/03/2018,3/16/2018,9163,440,910,680
Maharashtra,Nashik,Lasalgaon,Onion,Other,17/03/2018,3/17/2018,11417,440,830,680
Maharashtra,Nashik,Lasalgaon,Onion,Red,17/03/2018,3/17/2018,8708,470,1060,760
Maharashtra,Nashik,Lasalgaon,Onion,Other,19/03/2018,3/19/2018,5763,440,950,760
Maharashtra,Nashik,Lasalgaon,Onion,Red,19/03/2018,3/19/2018,10182,610,1140,900
Maharashtra,Nashik,Lasalgaon,Onion,Other,20/03/2018,3/20/2018,9989,440,970,700
Maharashtra,Nashik,Lasalgaon,Onion,Red,20/03/2018,3/20/2018,5655,490,990,770
Maharashtra,Nashik,Lasalgaon,Onion,Other,21/03/2018,3/21/2018,6285,430,1040,750
Maharashtra,Nashik,Lasalgaon,Onion,Red,21/03/2018,3/21/2018,9909,540,970,800
Maharashtra,Nashik,Lasalgaon,Onion,Other,22/03/2018,3/22/2018,5639,500,1020,740
Maharashtra,Nashik,Lasalgaon,Onion,Red,22/03/2018,3/22/2018,11643,530,1040,860
Maharashtra,Nashik,Lasalgaon,Onion,Other,23/03/2018,3/23/2018,6704,530,930,770
Maharashtra,Nashik,Lasalgaon,Onion,Red,23/03/2018,3/23/2018,6603,510,1060,850
Maharashtra,Nashik,Lasalgaon,Onion,Other,24/03/2018,3/24/2018,9783,430,800,700
Maharashtra,Nashik,Lasalgaon,Onion,Red,24/03/2018,3/24/2018,6150,560,930,790
Maharashtra,Nashik,Lasalgaon,Onion,Other,26/03/2018,3/26/2018,7234,400,930,710
Maharashtra,Nashik,Lasalgaon,Onion,Red,26/03/2018,3/26/2018,10498,520,1110,830
Maharashtra,Nashik,Lasalgaon,Onion,Other,27/03/2018,3/27/2018,8429,450,960,710
Maharashtra,Nashik,Lasalgaon,Onion,Red,27/03/2018,3/27/2018,5654,580,1090,800
Maharashtra,Nashik,Lasalgaon,Onion,Other,28/03/2018,3/28/2018,7144,470,900,660
Maharashtra,Nashik,Lasalgaon,Onion,Red,28/03/2018,3/28/2018,6116,560,870,750
Maharashtra,Nashik,Lasalgaon,Onion,Other,29/03/2018,3/29/2018,11578,530,900,780
Maharashtra,Nashik,Lasalgaon,Onion,Red,29/03/2018,3/29/2018,5091,500,1070,900
Maharashtra,Nashik,Lasalgaon,Onion,Other,30/03/2018,3/30/2018,5214,480,960,710
Maharashtra,Nashik,Lasalgaon,Onion,Red,30/03/2018,3/30/2018,8444,520,1000,790
Maharashtra,Nashik,Lasalgaon,Onion,Other,31/03/2018,3/31/2018,8471,440,920,680
Maharashtra,Nashik,Lasalgaon,Onion,Red,31/03/2018,3/31/2018,6260,440,990,760
Maharashtra,Nashik,Lasalgaon,Onion,Other,2/4/2018,4/2/2018,8698,400,950,680
Maharashtra,Nashik,Lasalgaon,Onion,Red,2/4/2018,4/2/2018,6791,440,1020,780
Maharashtra,Nashik,Lasalgaon,Onion,Other,3/4/2018,4/3/2018,8253,510,880,690
Maharashtra,Nashik,Lasalgaon,Onion,Red,3/4/2018,4/3/2018,8780,550,920,780
Maharashtra,Nashik,Lasalgaon,Onion,Other,4/4/2018,4/4/2018,11085,400,860,630
Maharashtra,Nashik,Lasalgaon,Onion,Red,4/4/2018,4/4/2018,6918,400,830,710
Maharashtra,Nashik,Lasalgaon,Onion,Other,5/4/2018,4/5/2018,10607,430,800,640
Maharashtra,Nashik,Lasalgaon,Onion,Red,5/4/2018,4/5/2018,6716,430,950,730
Maharashtra,Nashik,Lasalgaon,Onion,Other,6/4/2018,4/6/2018,9202,400,940,690
Maharashtra,Nashik,Lasalgaon,Onion,Red,6/4/2018,4/6/2018,6166,450,980,780
Maharashtra,Nashik,Lasalgaon,Onion,Other,7/4/2018,4/7/2018,10702,400,900,700
Maharashtra,Nashik,Lasalgaon,Onion,Red,7/4/2018,4/7/2018,11480,590,1030,800
Maharashtra,Nashik,Lasalgaon,Onion,Other,9/4/2018,4/9/2018,8498,410,720,570
Maharashtra,Nashik,Lasalgaon,Onion,Red,9/4/2018,4/9/2018,10890,420,880,650
Maharashtra,Nashik,Lasalgaon,Onion,Other,10/4/2018,4/10/2018,6856,380,770,590
Maharashtra,Nashik,Lasalgaon,Onion,Red,10/4/2018,4/10/2018,7463,460,820,650
Maharashtra,Nashik,Lasalgaon,Onion,Other,11/4/2018,4/11/2018,6325,480,800,650
Maharashtra,Nashik,Lasalgaon,Onion,Red,11/4/2018,4/11/2018,5357,460,880,720
Maharashtra,Nashik,Lasalgaon,Onion,Other,12/4/2018,4/12/2018,8211,450,840,680
Maharashtra,Nashik,Lasalgaon,Onion,Red,12/4/2018,4/12/2018,6879,540,900,720
Maharashtra,Nashik,Lasalgaon,Onion,Other,13/04/2018,4/13/2018,10046,460,780,650
Maharashtra,Nashik,Lasalgaon,Onion,Red,13/04/2018,4/13/2018,10437,390,880,700
Maharashtra,Nashik,Lasalgaon,Onion,Other,14/04/2018,4/14/2018,5495,410,920,690
Maharashtra,Nashik,Lasalgaon,Onion,Red,14/04/2018,4/14/2018,11054,530,880,740
Maharashtra,Nashik,Lasalgaon,Onion,Other,16/04/2018,4/16/2018,5981,440,990,720
Maharashtra,Nashik,Lasalgaon,Onion,Red,16/04/2018,4/16/2018,5625,460,1000,790
Maharashtra,Nashik,Lasalgaon,Onion,Other,17/04/2018,4/17/2018,7011,490,850,660
Maharashtra,Nashik,Lasalgaon,Onion,Red,17/04/2018,4/17/2018,11819,520,990,750
Maharashtra,Nashik,Lasalgaon,Onion,Other,18/04/2018,4/18/2018,5157,390,830,700
Maharashtra,Nashik,Lasalgaon,Onion,Red,18/04/2018,4/18/2018,10430,570,1030,760
Maharashtra,Nashik,Lasalgaon,Onion,Other,19/04/2018,4/19/2018,7811,350,730,590
Maharashtra,Nashik,Lasalgaon,Onion,Red,19/04/2018,4/19/2018,5682,470,860,670
Maharashtra,Nashik,Lasalgaon,Onion,Other,20/04/2018,4/20/2018,8320,480,950,700
Maharashtra,Nashik,Lasalgaon,Onion,Red,20/04/2018,4/20/2018,11007,490,920,780
Maharashtra,Nashik,Lasalgaon,Onion,Other,21/04/2018,4/21/2018,9466,430,830,650
Maharashtra,Nashik,Lasalgaon,Onion,Red,21/04/2018,4/21/2018,8780,550,960,740
Maharashtra,Nashik,Lasalgaon,Onion,Other,23/04/2018,4/23/2018,6173,420,980,720
Maharashtra,Nashik,Lasalgaon,Onion,Red,23/04/2018,4/23/2018,7548,500,1000,830
Maharashtra,Nashik,Lasalgaon,Onion,Other,24/04/2018,4/24/2018,5520,430,960,690
Maharashtra,Nashik,Lasalgaon,Onion,Red,24/04/2018,4/24/2018,9374,420,850,730
Maharashtra,Nashik,Lasalgaon,Onion,Other,25/04/2018,4/25/2018,6382,540,980,820
Maharashtra,Nashik,Lasalgaon,Onion,Red,25/04/2018,4/25/2018,6356,580,1240,950
Maharashtra,Nashik,Lasalgaon,Onion,Other,26/04/2018,4/26/2018,9939,390,790,670
Maharashtra,Nashik,Lasalgaon,Onion,Red,26/04/2018,4/26/2018,11438,520,1030,770
Maharashtra,Nashik,Lasalgaon,Onion,Other,27/04/2018,4/27/2018,6587,400,910,670
Maharashtra,Nashik,Lasalgaon,Onion,Red,27/04/2018,4/27/2018,7822,430,1000,760
Maharashtra,Nashik,Lasalgaon,Onion,Other,28/04/2018,4/28/2018,6881,410,990,720
Maharashtra,Nashik,Lasalgaon,Onion,Red,28/04/2018,4/28/2018,5396,500,1020,820
Maharashtra,Nashik,Lasalgaon,Onion,Other,30/04/2018,4/30/2018,10456,420,830,670
Maharashtra,Nashik,Lasalgaon,Onion,Red,30/04/2018,4/30/2018,7588,530,890,750
Maharashtra,Nashik,Lasalgaon,Onion,Other,1/5/2018,5/1/2018,6449,480,900,680
Maharashtra,Nashik,Lasalgaon,Onion,Red,1/5/2018,5/1/2018,9366,470,890,750
Maharashtra,Nashik,Lasalgaon,Onion,Other,2/5/2018,5/2/2018,8909,470,970,710
Maharashtra,Nashik,Lasalgaon,Onion,Red,2/5/2018,5/2/2018,10729,480,1020,820
Maharashtra,Nashik,Lasalgaon,Onion,Other,3/5/2018,5/3/2018,11274,580,1090,800
Maharashtra,Nashik,Lasalgaon,Onion,Red,3/5/2018,5/3/2018,9907,530,1190,920
Maharashtra,Nashik,Lasalgaon,Onion,Other,4/5/2018,5/4/2018,9965,450,1040,770
Maharashtra,Nashik,Lasalgaon,Onion,Red,4/5/2018,5/4/2018,6166,510,1130,890
Maharashtra,Nashik,Lasalgaon,Onion,Other,5/5/2018,5/5/2018,10711,540,1050,800
Maharashtra,Nashik,Lasalgaon,Onion,Red,5/5/2018,5/5/2018,10757,500,990,840
Maharashtra,Nashik,Lasalgaon,Onion,Other,7/5/2018,5/7/2018,7138,570,900,770
Maharashtra,Nashik,Lasalgaon,Onion,Red,7/5/2018,5/7/2018,11199,600,1100,890
Maharashtra,Nashik,Lasalgaon,Onion,Other,8/5/2018,5/8/2018,6808,520,1020,780
Maharashtra,Nashik,Lasalgaon,Onion,Red,8/5/2018,5/8/2018,6339,530,1160,850
Maharashtra,Nashik,Lasalgaon,Onion,Other,9/5/2018,5/9/2018,6474,560,1050,790
Maharashtra,Nashik,Lasalgaon,Onion,Red,9/5/2018,5/9/2018,7857,610,1250,920
Maharashtra,Nashik,Lasalgaon,Onion,Other,10/5/2018,5/10/2018,11505,460,980,790
Maharashtra,Nashik,Lasalgaon,Onion,Red,10/5/2018,5/10/2018,10885,550,1220,890
Maharashtra,Nashik,Lasalgaon,Onion,Other,11/5/2018,5/11/2018,10391,530,940,770
Maharashtra,Nashik,Lasalgaon,Onion,Red,11/5/2018,5/11/2018,10249,540,1080,850
Maharashtra,Nashik,Lasalgaon,Onion,Other,12/5/2018,5/12/2018,8660,470,940,760
Maharashtra,Nashik,Lasalgaon,Onion,Red,12/5/2018,5/12/2018,8604,570,990,800
Maharashtra,Nashik,Lasalgaon,Onion,Other,14/05/2018,5/14/2018,9988,460,1060,770
Maharashtra,Nashik,Lasalgaon,Onion,Red,14/05/2018,5/14/2018,5207,580,1150,880
Maharashtra,Nashik,Lasalgaon,Onion,Other,15/05/2018,5/15/2018,5585,560,1050,840
Maharashtra,Nashik,Lasalgaon,Onion,Red,15/05/2018,5/15/2018,7609,590,1400,1010
Maharashtra,Nashik,Lasalgaon,Onion,Other,16/05/2018,5/16/2018,8686,450,1080,810
Maharashtra,Nashik,Lasalgaon,Onion,Red,16/05/2018,5/16/2018,9948,590,1100,910
Maharashtra,Nashik,Lasalgaon,Onion,Other,17/05/2018,5/17/2018,6709,530,1020,830
Maharashtra,Nashik,Lasalgaon,Onion,Red,17/05/2018,5/17/2018,10465,630,1210,920
Maharashtra,Nashik,Lasalgaon,Onion,Other,18/05/2018,5/18/2018,9054,500,1150,830
Maharashtra,Nashik,Lasalgaon,Onion,Red,18/05/2018,5/18/2018,8429,640,1060,920
Maharashtra,Nashik,Lasalgaon,Onion,Other,19/05/2018,5/19/2018,8623,650,1220,880
Maharashtra,Nashik,Lasalgaon,Onion,Red,19/05/2018,5/19/2018,9399,620,1350,970
Maharashtra,Nashik,Lasalgaon,Onion,Other,21/05/2018,5/21/2018,8044,530,1130,890
Maharashtra,Nashik,Lasalgaon,Onion,Red,21/05/2018,5/21/2018,6028,650,1220,980
Maharashtra,Nashik,Lasalgaon,Onion,Other,22/05/2018,5/22/2018,11114,670,1210,980
Maharashtra,Nashik,Lasalgaon,Onion,Red,22/05/2018,5/22/2018,5122,800,1320,1100
Maharashtra,Nashik,Lasalgaon,Onion,Other,23/05/2018,5/23/2018,8929,710,1320,960
Maharashtra,Nashik,Lasalgaon,Onion,Red,23/05/2018,5/23/2018,6475,720,1260,1090
Maharashtra,Nashik,Lasalgaon,Onion,Other,24/05/2018,5/24/2018,6726,700,1410,1050
Maharashtra,Nashik,Lasalgaon,Onion,Red,24/05/2018,5/24/2018,7488,770,1360,1160
Maharashtra,Nashik,Lasalgaon,Onion,Other,25/05/2018,5/25/2018,8219,740,1210,990
Maharashtra,Nashik,Lasalgaon,Onion,Red,25/05/2018,5/25/2018,10369,700,1440,1140
Maharashtra,Nashik,Lasalgaon,Onion,Other,26/05/2018,5/26/2018,5325,590,1360,1000
Maharashtra,Nashik,Lasalgaon,Onion,Red,26/05/2018,5/26/2018,6879,820,1390,1130
Maharashtra,Nashik,Lasalgaon,Onion,Other,28/05/2018,5/28/2018,10537,570,1260,1020
Maharashtra,Nashik,Lasalgaon,Onion,Red,28/05/2018,5/28/2018,7581,720,1370,1140
Maharashtra,Nashik,Lasalgaon,Onion,Other,29/05/2018,5/29/2018,11370,730,1320,1040
Maharashtra,Nashik,Lasalgaon,Onion,Red,29/05/2018,5/29/2018,6523,740,1340,1150
Maharashtra,Nashik,Lasalgaon,Onion,Other,30/05/2018,5/30/2018,6759,690,1250,930
Maharashtra,Nashik,Lasalgaon,Onion,Red,30/05/2018,5/30/2018,11062,690,1380,1040
Maharashtra,Nashik,Lasalgaon,Onion,Other,31/05/2018,5/31/2018,8544,720,1320,1020
Maharashtra,Nashik,Lasalgaon,Onion,Red,31/05/2018,5/31/2018,8223,670,1390,1170
Maharashtra,Nashik,Lasalgaon,Onion,Other,1/6/2018,6/1/2018,5286,810,1390,1090
Maharashtra,Nashik,Lasalgaon,Onion,Red,1/6/2018,6/1/2018,11026,860,1760,1300
Maharashtra,Nashik,Lasalgaon,Onion,Other,2/6/2018,6/2/2018,9063,680,1110,930
Maharashtra,Nashik,Lasalgaon,Onion,Red,2/6/2018,6/2/2018,7196,650,1190,1020
Maharashtra,Nashik,Lasalgaon,Onion,Other,4/6/2018,6/4/2018,10090,830,1370,1130
Maharashtra,Nashik,Lasalgaon,Onion,Red,4/6/2018,6/4/2018,5230,690,1580,1230
Maharashtra,Nashik,Lasalgaon,Onion,Other,5/6/2018,6/5/2018,9434,780,1600,1150
Maharashtra,Nashik,Lasalgaon,Onion,Red,5/6/2018,6/5/2018,5465,960,1670,1310
Maharashtra,Nashik,Lasalgaon,Onion,Other,6/6/2018,6/6/2018,8990,690,1310,1030
Maharashtra,Nashik,Lasalgaon,Onion,Red,6/6/2018,6/6/2018,7999,640,1380,1150
Maharashtra,Nashik,Lasalgaon,Onion,Other,7/6/2018,6/7/2018,8783,700,1470,1100
Maharashtra,Nashik,Lasalgaon,Onion,Red,7/6/2018,6/7/2018,6151,770,1570,1250
Maharashtra,Nashik,Lasalgaon,Onion,Other,8/6/2018,6/8/2018,6163,660,1490,1110
Maharashtra,Nashik,Lasalgaon,Onion,Red,8/6/2018,6/8/2018,4837,700,1580,1240
Maharashtra,Nashik,Lasalgaon,Onion,Other,9/6/2018,6/9/2018,5170,830,1520,1150
Maharashtra,Nashik,Lasalgaon,Onion,Red,9/6/2018,6/9/2018,9791,910,1760,1290
Maharashtra,Nashik,Lasalgaon,Onion,Other,11/6/2018,6/11/2018,11290,760,1410,1060
Maharashtra,Nashik,Lasalgaon,Onion,Red,11/6/2018,6/11/2018,6164,690,1440,1190
Maharashtra,Nashik,Lasalgaon,Onion,Other,12/6/2018,6/12/2018,4993,650,1600,1150
Maharashtra,Nashik,Lasalgaon,Onion,Red,12/6/2018,6/12/2018,10046,930,1620,1300
Maharashtra,Nashik,Lasalgaon,Onion,Other,13/06/2018,6/13/2018,5232,930,1460,1270
Maharashtra,Nashik,Lasalgaon,Onion,Red,13/06/2018,6/13/2018,10168,850,1880,1420
Maharashtra,Nashik,Lasalgaon,Onion,Other,14/06/2018,6/14/2018,10719,810,1870,1380
Maharashtra,Nashik,Lasalgaon,Onion,Red,14/06/2018,6/14/2018,5123,910,1930,1510
Maharashtra,Nashik,Lasalgaon,Onion,Other,15/06/2018,6/15/2018,6900,720,1570,1240
Maharashtra,Nashik,Lasalgaon,Onion,Red,15/06/2018,6/15/2018,4654,980,1950,1500
Maharashtra,Nashik,Lasalgaon,Onion,Other,16/06/2018,6/16/2018,9486,820,1520,1310
Maharashtra,Nashik,Lasalgaon,Onion,Red,16/06/2018,6/16/2018,6587,1110,1820,1500
Maharashtra,Nashik,Lasalgaon,Onion,Other,18/06/2018,6/18/2018,9134,760,1620,1300
Maharashtra,Nashik,Lasalgaon,Onion,Red,18/06/2018,6/18/2018,7273,930,1760,1410
Maharashtra,Nashik,Lasalgaon,Onion,Other,19/06/2018,6/19/2018,5233,730,1760,1290
Maharashtra,Nashik,Lasalgaon,Onion,Red,19/06/2018,6/19/2018,6317,1000,1990,1440
Maharashtra,Nashik,Lasalgaon,Onion,Other,20/06/2018,6/20/2018,9284,1010,1930,1390
Maharashtra,Nashik,Lasalgaon,Onion,Red,20/06/2018,6/20/2018,7140,840,1950,1480
Maharashtra,Nashik,Lasalgaon,Onion,Other,21/06/2018,6/21/2018,7621,750,1720,1280
Maharashtra,Nashik,Lasalgaon,Onion,Red,21/06/2018,6/21/2018,9943,870,1780,1430
Maharashtra,Nashik,Lasalgaon,Onion,Other,22/06/2018,6/22/2018,10575,730,1550,1280
Maharashtra,Nashik,Lasalgaon,Onion,Red,22/06/2018,6/22/2018,8309,980,1880,1460
Maharashtra,Nashik,Lasalgaon,Onion,Other,23/06/2018,6/23/2018,5433,950,1720,1450
Maharashtra,Nashik,Lasalgaon,Onion,Red,23/06/2018,6/23/2018,6392,1060,2230,1610
Maharashtra,Nashik,Lasalgaon,Onion,Other,25/06/2018,6/25/2018,5287,850,1650,1420
Maharashtra,Nashik,Lasalgaon,Onion,Red,25/06/2018,6/25/2018,6762,1120,1940,1620
Maharashtra,Nashik,Lasalgaon,Onion,Other,26/06/2018,6/26/2018,7513,890,1950,1560
Maharashtra,Nashik,Lasalgaon,Onion,Red,26/06/2018,6/26/2018,5453,1150,2370,1750
Maharashtra,Nashik,Lasalgaon,Onion,Other,27/06/2018,6/27/2018,7151,980,1960,1480
Maharashtra,Nashik,Lasalgaon,Onion,Red,27/06/2018,6/27/2018,7597,980,2230,1700
Maharashtra,Nashik,Lasalgaon,Onion,Other,28/06/2018,6/28/2018,5258,970,1710,1320
Maharashtra,Nashik,Lasalgaon,Onion,Red,28/06/2018,6/28/2018,9434,980,2050,1530
Maharashtra,Nashik,Lasalgaon,Onion,Other,29/06/2018,6/29/2018,10058,930,1930,1540
Maharashtra,Nashik,Lasalgaon,Onion,Red,29/06/2018,6/29/2018,9547,1260,2290,1730
Maharashtra,Nashik,Lasalgaon,Onion,Other,30/06/2018,6/30/2018,6240,830,1740,1390
Maharashtra,Nashik,Lasalgaon,Onion,Red,30/06/2018,6/30/2018,6383,940,1820,1540
Maharashtra,Nashik,Lasalgaon,Onion,Other,2/7/2018,7/2/2018,10287,840,1820,1360
Maharashtra,Nashik,Lasalgaon,Onion,Red,2/7/2018,7/2/2018,9025,1130,1980,1610
Maharashtra,Nashik,Lasalgaon,Onion,Other,3/7/2018,7/3/2018,5309,970,1900,1630
Maharashtra,Nashik,Lasalgaon,Onion,Red,3/7/2018,7/3/2018,5891,1300,2350,1800
Maharashtra,Nashik,Lasalgaon,Onion,Other,4/7/2018,7/4/2018,9679,1130,2010,1660
Maharashtra,Nashik,Lasalgaon,Onion,Red,4/7/2018,7/4/2018,4371,1220,2640,1990
Maharashtra,Nashik,Lasalgaon,Onion,Other,5/7/2018,7/5/2018,9559,940,1660,1420
Maharashtra,Nashik,Lasalgaon,Onion,Red,5/7/2018,7/5/2018,9476,910,2030,1540
Maharashtra,Nashik,Lasalgaon,Onion,Other,6/7/2018,7/6/2018,9250,1180,2140,1730
Maharashtra,Nashik,Lasalgaon,Onion,Red,6/7/2018,7/6/2018,8570,1190,2530,1960
Maharashtra,Nashik,Lasalgaon,Onion,Other,7/7/2018,7/7/2018,10382,930,1970,1450
Maharashtra,Nashik,Lasalgaon,Onion,Red,7/7/2018,7/7/2018,10014,1040,2090,1590
Maharashtra,Nashik,Lasalgaon,Onion,Other,9/7/2018,7/9/2018,9705,1110,2180,1610
Maharashtra,Nashik,Lasalgaon,Onion,Red,9/7/2018,7/9/2018,6985,1130,2090,1790
Maharashtra,Nashik,Lasalgaon,Onion,Other,10/7/2018,7/10/2018,9583,1110,1840,1570
Maharashtra,Nashik,Lasalgaon,Onion,Red,10/7/2018,7/10/2018,4997,1090,2230,1710
Maharashtra,Nashik,Lasalgaon,Onion,Other,11/7/2018,7/11/2018,7316,1190,2160,1600
Maharashtra,Nashik,Lasalgaon,Onion,Red,11/7/2018,7/11/2018,6447,1060,2460,1780
Maharashtra,Nashik,Lasalgaon,Onion,Other,12/7/2018,7/12/2018,5889,1260,1960,1700
Maharashtra,Nashik,Lasalgaon,Onion,Red,12/7/2018,7/12/2018,5031,1360,2200,1850
Maharashtra,Nashik,Lasalgaon,Onion,Other,13/07/2018,7/13/2018,8380,1170,2530,1810
Maharashtra,Nashik,Lasalgaon,Onion,Red,13/07/2018,7/13/2018,6555,1150,2850,2040
Maharashtra,Nashik,Lasalgaon,Onion,Other,14/07/2018,7/14/2018,4439,1080,2070,1760
Maharashtra,Nashik,Lasalgaon,Onion,Red,14/07/2018,7/14/2018,7672,1200,2560,1880
Maharashtra,Nashik,Lasalgaon,Onion,Other,16/07/2018,7/16/2018,9236,970,2040,1670
Maharashtra,Nashik,Lasalgaon,Onion,Red,16/07/2018,7/16/2018,5733,1350,2570,1840
Maharashtra,Nashik,Lasalgaon,Onion,Other,17/07/2018,7/17/2018,8225,990,2360,1730
Maharashtra,Nashik,Lasalgaon,Onion,Red,17/07/2018,7/17/2018,5926,1150,2480,1980
Maharashtra,Nashik,Lasalgaon,Onion,Other,18/07/2018,7/18/2018,6537,1310,2030,1750
Maharashtra,Nashik,Lasalgaon,Onion,Red,18/07/2018,7/18/2018,6034,1320,2610,2040
Maharashtra,Nashik,Lasalgaon,Onion,Other,19/07/2018,7/19/2018,9314,1380,2520,1860
Maharashtra,Nashik,Lasalgaon,Onion,Red,19/07/2018,7/19/2018,5899,1390,2860,2110
Maharashtra,Nashik,Lasalgaon,Onion,Other,20/07/2018,7/20/2018,10292,1050,2000,1640
Maharashtra,Nashik,Lasalgaon,Onion,Red,20/07/2018,7/20/2018,7509,1100,2100,1790
Maharashtra,Nashik,Lasalgaon,Onion,Other,21/07/2018,7/21/2018,8733,1150,2450,1810
Maharashtra,Nashik,Lasalgaon,Onion,Red,21/07/2018,7/21/2018,6122,1240,2400,1950
Maharashtra,Nashik,Lasalgaon,Onion,Other,23/07/2018,7/23/2018,9536,1040,2410,1740
Maharashtra,Nashik,Lasalgaon,Onion,Red,23/07/2018,7/23/2018,7292,1350,2480,1950
Maharashtra,Nashik,Lasalgaon,Onion,Other,24/07/2018,7/24/2018,8186,1150,2350,1950
Maharashtra,Nashik,Lasalgaon,Onion,Red,24/07/2018,7/24/2018,4668,1360,2980,2150
Maharashtra,Nashik,Lasalgaon,Onion,Other,25/07/2018,7/25/2018,6370,1460,2370,1990
Maharashtra,Nashik,Lasalgaon,Onion,Red,25/07/2018,7/25/2018,9423,1510,2660,2240
Maharashtra,Nashik,Lasalgaon,Onion,Other,26/07/2018,7/26/2018,5770,1180,2060,1760
Maharashtra,Nashik,Lasalgaon,Onion,Red,26/07/2018,7/26/2018,8911,1370,2560,1860
Maharashtra,Nashik,Lasalgaon,Onion,Other,27/07/2018,7/27/2018,4848,1290,2310,1770
Maharashtra,Nashik,Lasalgaon,Onion,Red,27/07/2018,7/27/2018,4700,1480,2810,2020
Maharashtra,Nashik,Lasalgaon,Onion,Other,28/07/2018,7/28/2018,7880,1090,2060,1730
Maharashtra,Nashik,Lasalgaon,Onion,Red,28/07/2018,7/28/2018,4781,1450,2490,1950
Maharashtra,Nashik,Lasalgaon,Onion,Other,30/07/2018,7/30/2018,5536,1300,2260,1800
Maharashtra,Nashik,Lasalgaon,Onion,Red,30/07/2018,7/30/2018,5713,1220,2790,2080
Maharashtra,Nashik,Lasalgaon,Onion,Other,31/07/2018,7/31/2018,9779,1170,2420,1910
Maharashtra,Nashik,Lasalgaon,Onion,Red,31/07/2018,7/31/2018,6137,1600,2620,2180
Maharashtra,Nashik,Lasalgaon,Onion,Other,1/8/2018,8/1/2018,9540,1290,2770,2020
Maharashtra,Nashik,Lasalgaon,Onion,Red,1/8/2018,8/1/2018,9102,1370,2780,2190
Maharashtra,Nashik,Lasalgaon,Onion,Other,2/8/2018,8/2/2018,4536,1150,2320,1930
Maharashtra,Nashik,Lasalgaon,Onion,Red,2/8/2018,8/2/2018,4528,1400,2510,2060
Maharashtra,Nashik,Lasalgaon,Onion,Other,3/8/2018,8/3/2018,6509,1530,2700,2130
Maharashtra,Nashik,Lasalgaon,Onion,Red,3/8/2018,8/3/2018,5210,1750,2810,2340
Maharashtra,Nashik,Lasalgaon,Onion,Other,4/8/2018,8/4/2018,7837,1220,2690,1950
Maharashtra,Nashik,Lasalgaon,Onion,Red,4/8/2018,8/4/2018,4436,1360,2980,2160
Maharashtra,Nashik,Lasalgaon,Onion,Other,6/8/2018,8/6/2018,6436,1430,2470,2130
Maharashtra,Nashik,Lasalgaon,Onion,Red,6/8/2018,8/6/2018,7540,1560,3040,2300
Maharashtra,Nashik,Lasalgaon,Onion,Other,7/8/2018,8/7/2018,9625,1290,2390,2030
Maharashtra,Nashik,Lasalgaon,Onion,Red,7/8/2018,8/7/2018,8303,1450,2770,2250
Maharashtra,Nashik,Lasalgaon,Onion,Other,8/8/2018,8/8/2018,8268,1330,2560,1870
Maharashtra,Nashik,Lasalgaon,Onion,Red,8/8/2018,8/8/2018,8500,1170,2700,2090
Maharashtra,Nashik,Lasalgaon,Onion,Other,9/8/2018,8/9/2018,8441,1520,2410,2090
Maharashtra,Nashik,Lasalgaon,Onion,Red,9/8/2018,8/9/2018,4106,1490,2910,2310
Maharashtra,Nashik,Lasalgaon,Onion,Other,10/8/2018,8/10/2018,8159,1370,2750,2090
Maharashtra,Nashik,Lasalgaon,Onion,Red,10/8/2018,8/10/2018,6134,1780,3090,2410
Maharashtra,Nashik,Lasalgaon,Onion,Other,11/8/2018,8/11/2018,8819,1330,2580,2180
Maharashtra,Nashik,Lasalgaon,Onion,Red,11/8/2018,8/11/2018,6449,1540,3250,2470
Maharashtra,Nashik,Lasalgaon,Onion,Other,13/08/2018,8/13/2018,7100,1260,2820,2250
Maharashtra,Nashik,Lasalgaon,Onion,Red,13/08/2018,8/13/2018,8391,1550,3250,2430
Maharashtra,Nashik,Lasalgaon,Onion,Other,14/08/2018,8/14/2018,8749,1640,3030,2230
Maharashtra,Nashik,Lasalgaon,Onion,Red,14/08/2018,8/14/2018,6523,1470,3020,2400
Maharashtra,Nashik,Lasalgaon,Onion,Other,15/08/2018,8/15/2018,7835,1610,2840,2190
Maharashtra,Nashik,Lasalgaon,Onion,Red,15/08/2018,8/15/2018,7281,1790,3020,2440
Maharashtra,Nashik,Lasalgaon,Onion,Other,16/08/2018,8/16/2018,6972,1430,2870,2300
Maharashtra,Nashik,Lasalgaon,Onion,Red,16/08/2018,8/16/2018,4935,1440,3170,2620
Maharashtra,Nashik,Lasalgaon,Onion,Other,17/08/2018,8/17/2018,6758,1420,2820,2350
Maharashtra,Nashik,Lasalgaon,Onion,Red,17/08/2018,8/17/2018,4289,1870,3130,2590
Maharashtra,Nashik,Lasalgaon,Onion,Other,18/08/2018,8/18/2018,9076,1610,3300,2440
Maharashtra,Nashik,Lasalgaon,Onion,Red,18/08/2018,8/18/2018,6338,1900,3480,2680
Maharashtra,Nashik,Lasalgaon,Onion,Other,20/08/2018,8/20/2018,7444,1470,2620,2140
Maharashtra,Nashik,Lasalgaon,Onion,Red,20/08/2018,8/20/2018,8504,1590,3000,2380
Maharashtra,Nashik,Lasalgaon,Onion,Other,21/08/2018,8/21/2018,8400,1480,2960,2250
Maharashtra,Nashik,Lasalgaon,Onion,Red,21/08/2018,8/21/2018,4805,1510,3160,2410
Maharashtra,Nashik,Lasalgaon,Onion,Other,22/08/2018,8/22/2018,5197,1590,2650,2290
Maharashtra,Nashik,Lasalgaon,Onion,Red,22/08/2018,8/22/2018,6590,1690,3570,2610
Maharashtra,Nashik,Lasalgaon,Onion,Other,23/08/2018,8/23/2018,8407,1510,2740,2320
Maharashtra,Nashik,Lasalgaon,Onion,Red,23/08/2018,8/23/2018,8495,1590,3650,2660
Maharashtra,Nashik,Lasalgaon,Onion,Other,24/08/2018,8/24/2018,4755,1610,3150,2340
Maharashtra,Nashik,Lasalgaon,Onion,Red,24/08/2018,8/24/2018,6371,1790,3100,2670
Maharashtra,Nashik,Lasalgaon,Onion,Other,25/08/2018,8/25/2018,7459,1430,2900,2300
Maharashtra,Nashik,Lasalgaon,Onion,Red,25/08/2018,8/25/2018,4861,1440,3260,2550
Maharashtra,Nashik,Lasalgaon,Onion,Other,27/08/2018,8/27/2018,5563,1750,3530,2650
Maharashtra,Nashik,Lasalgaon,Onion,Red,27/08/2018,8/27/2018,5900,2140,3830,3040
Maharashtra,Nashik,Lasalgaon,Onion,Other,28/08/2018,8/28/2018,4376,1560,2990,2560
Maharashtra,Nashik,Lasalgaon,Onion,Red,28/08/2018,8/28/2018,4240,2190,3940,2980
Maharashtra,Nashik,Lasalgaon,Onion,Other,29/08/2018,8/29/2018,5134,1840,2970,2560
Maharashtra,Nashik,Lasalgaon,Onion,Red,29/08/2018,8/29/2018,4808,1990,3150,2730
Maharashtra,Nashik,Lasalgaon,Onion,Other,30/08/2018,8/30/2018,4138,1460,2830,2430
Maharashtra,Nashik,Lasalgaon,Onion,Red,30/08/2018,8/30/2018,5872,1650,3770,2750
Maharashtra,Nashik,Lasalgaon,Onion,Other,31/08/2018,8/31/2018,6682,1570,2970,2480
Maharashtra,Nashik,Lasalgaon,Onion,Red,31/08/2018,8/31/2018,4080,2040,3780,2790
Maharashtra,Nashik,Lasalgaon,Onion,Other,1/9/2018,9/1/2018,6715,1850,2980,2530
Maharashtra,Nashik,Lasalgaon,Onion,Red,1/9/2018,9/1/2018,5977,2150,3710,2960
Maharashtra,Nashik,Lasalgaon,Onion,Other,3/9/2018,9/3/2018,5491,1490,3360,2430
Maharashtra,Nashik,Lasalgaon,Onion,Red,3/9/2018,9/3/2018,4642,1730,3550,2690
Maharashtra,Nashik,Lasalgaon,Onion,Other,4/9/2018,9/4/2018,7196,1960,3550,2710
Maharashtra,Nashik,Lasalgaon,Onion,Red,4/9/2018,9/4/2018,4227,1740,4200,3030
Maharashtra,Nashik,Lasalgaon,Onion,Other,5/9/2018,9/5/2018,8089,1740,3140,2360
Maharashtra,Nashik,Lasalgaon,Onion,Red,5/9/2018,9/5/2018,6936,1610,3410,2710
Maharashtra,Nashik,Lasalgaon,Onion,Other,6/9/2018,9/6/2018,5426,1800,3330,2430
Maharashtra,Nashik,Lasalgaon,Onion,Red,6/9/2018,9/6/2018,6113,1960,3500,2740
Maharashtra,Nashik,Lasalgaon,Onion,Other,7/9/2018,9/7/2018,7128,1810,3260,2600
Maharashtra,Nashik,Lasalgaon,Onion,Red,7/9/2018,9/7/2018,4018,1920,3690,2780
Maharashtra,Nashik,Lasalgaon,Onion,Other,8/9/2018,9/8/2018,6502,1490,3000,2480
Maharashtra,Nashik,Lasalgaon,Onion,Red,8/9/2018,9/8/2018,7407,2080,3560,2860
Maharashtra,Nashik,Lasalgaon,Onion,Other,10/9/2018,9/10/2018,5040,1880,3370,2510
Maharashtra,Nashik,Lasalgaon,Onion,Red,10/9/2018,9/10/2018,5850,1780,3310,2740
Maharashtra,Nashik,Lasalgaon,Onion,Other,11/9/2018,9/11/2018,6903,1570,3630,2630
Maharashtra,Nashik,Lasalgaon,Onion,Red,11/9/2018,9/11/2018,6526,1880,3830,3000
Maharashtra,Nashik,Lasalgaon,Onion,Other,12/9/2018,9/12/2018,8310,1580,2910,2430
Maharashtra,Nashik,Lasalgaon,Onion,Red,12/9/2018,9/12/2018,7395,1930,3470,2930
Maharashtra,Nashik,Lasalgaon,Onion,Other,13/09/2018,9/13/2018,9014,1560,2820,2390
Maharashtra,Nashik,Lasalgaon,Onion,Red,13/09/2018,9/13/2018,5916,1560,3220,2660
Maharashtra,Nashik,Lasalgaon,Onion,Other,14/09/2018,9/14/2018,5132,1760,3270,2740
Maharashtra,Nashik,Lasalgaon,Onion,Red,14/09/2018,9/14/2018,6522,1970,3590,3030
Maharashtra,Nashik,Lasalgaon,Onion,Other,15/09/2018,9/15/2018,8437,2080,3880,2820
Maharashtra,Nashik,Lasalgaon,Onion,Red,15/09/2018,9/15/2018,4883,1920,3780,3200
Maharashtra,Nashik,Lasalgaon,Onion,Other,17/09/2018,9/17/2018,4149,1410,3220,2550
Maharashtra,Nashik,Lasalgaon,Onion,Red,17/09/2018,9/17/2018,6000,1910,3580,2900
Maharashtra,Nashik,Lasalgaon,Onion,Other,18/09/2018,9/18/2018,7945,1860,3430,2720
Maharashtra,Nashik,Lasalgaon,Onion,Red,18/09/2018,9/18/2018,6095,2250,3630,3070
Maharashtra,Nashik,Lasalgaon,Onion,Other,19/09/2018,9/19/2018,8131,1580,3670,2710
Maharashtra,Nashik,Lasalgaon,Onion,Red,19/09/2018,9/19/2018,7864,2250,3730,3070
Maharashtra,Nashik,Lasalgaon,Onion,Other,20/09/2018,9/20/2018,7508,1500,3100,2670
Maharashtra,Nashik,Lasalgaon,Onion,Red,20/09/2018,9/20/2018,4661,1810,3450,2840
Maharashtra,Nashik,Lasalgaon,Onion,Other,21/09/2018,9/21/2018,5609,1630,3120,2520
Maharashtra,Nashik,Lasalgaon,Onion,Red,21/09/2018,9/21/2018,3909,2030,3580,2730
Maharashtra,Nashik,Lasalgaon,Onion,Other,22/09/2018,9/22/2018,7596,1680,3230,2750
Maharashtra,Nashik,Lasalgaon,Onion,Red,22/09/2018,9/22/2018,3821,2060,3970,3070
Maharashtra,Nashik,Lasalgaon,Onion,Other,24/09/2018,9/24/2018,6624,1570,3390,2660
Maharashtra,Nashik,Lasalgaon,Onion,Red,24/09/2018,9/24/2018,7809,1760,4020,2900
Maharashtra,Nashik,Lasalgaon,Onion,Other,25/09/2018,9/25/2018,4747,1460,3250,2550
Maharashtra,Nashik,Lasalgaon,Onion,Red,25/09/2018,9/25/2018,6101,2140,3410,2870
Maharashtra,Nashik,Lasalgaon,Onion,Other,26/09/2018,9/26/2018,5088,1630,3560,2830
Maharashtra,Nashik,Lasalgaon,Onion,Red,26/09/2018,9/26/2018,7925,2220,3550,3060
Maharashtra,Nashik,Lasalgaon,Onion,Other,27/09/2018,9/27/2018,8963,1790,2940,2540
Maharashtra,Nashik,Lasalgaon,Onion,Red,27/09/2018,9/27/2018,5456,1900,3560,2900
Maharashtra,Nashik,Lasalgaon,Onion,Other,28/09/2018,9/28/2018,5112,1680,3660,2640
Maharashtra,Nashik,Lasalgaon,Onion,Red,28/09/2018,9/28/2018,7087,1920,3720,2930
Maharashtra,Nashik,Lasalgaon,Onion,Other,29/09/2018,9/29/2018,4878,1610,3540,2730
Maharashtra,Nashik,Lasalgaon,Onion,Red,29/09/2018,9/29/2018,6120,2160,4150,2990
Maharashtra,Nashik,Lasalgaon,Onion,Other,1/10/2018,10/1/2018,7467,1360,2960,2430
Maharashtra,Nashik,Lasalgaon,Onion,Red,1/10/2018,10/1/2018,5843,1760,3710,2680
Maharashtra,Nashik,Lasalgaon,Onion,Other,2/10/2018,10/2/2018,6217,1710,3180,2610
Maharashtra,Nashik,Lasalgaon,Onion,Red,2/10/2018,10/2/2018,8023,1980,4090,3080
Maharashtra,Nashik,Lasalgaon,Onion,Other,3/10/2018,10/3/2018,4755,1680,3330,2590
Maharashtra,Nashik,Lasalgaon,Onion,Red,3/10/2018,10/3/2018,8331,2030,4040,2890
Maharashtra,Nashik,Lasalgaon,Onion,Other,4/10/2018,10/4/2018,6579,1850,3390,2680
Maharashtra,Nashik,Lasalgaon,Onion,Red,4/10/2018,10/4/2018,5429,2150,3790,2980
Maharashtra,Nashik,Lasalgaon,Onion,Other,5/10/2018,10/5/2018,6784,1800,4210,3060
Maharashtra,Nashik,Lasalgaon,Onion,Red,5/10/2018,10/5/2018,6033,2310,4010,3410
Maharashtra,Nashik,Lasalgaon,Onion,Other,6/10/2018,10/6/2018,6467,1500,2640,2250
Maharashtra,Nashik,Lasalgaon,Onion,Red,6/10/2018,10/6/2018,6811,1500,3590,2570
Maharashtra,Nashik,Lasalgaon,Onion,Other,8/10/2018,10/8/2018,5483,1400,3430,2460
Maharashtra,Nashik,Lasalgaon,Onion,Red,8/10/2018,10/8/2018,3833,1810,3740,2850
Maharashtra,Nashik,Lasalgaon,Onion,Other,9/10/2018,10/9/2018,4660,1610,3110,2670
Maharashtra,Nashik,Lasalgaon,Onion,Red,9/10/2018,10/9/2018,4736,2260,4090,3090
Maharashtra,Nashik,Lasalgaon,Onion,Other,10/10/2018,10/10/2018,5687,1770,3340,2670
Maharashtra,Nashik,Lasalgaon,Onion,Red,10/10/2018,10/10/2018,8347,1750,3890,2960
Maharashtra,Nashik,Lasalgaon,Onion,Other,11/10/2018,10/11/2018,5101,1710,3400,2700
Maharashtra,Nashik,Lasalgaon,Onion,Red,11/10/2018,10/11/2018,6320,2090,3720,2920
Maharashtra,Nashik,Lasalgaon,Onion,Other,12/10/2018,10/12/2018,4982,1410,3310,2490
Maharashtra,Nashik,Lasalgaon,Onion,Red,12/10/2018,10/12/2018,5871,1890,3430,2750
Maharashtra,Nashik,Lasalgaon,Onion,Other,13/10/2018,10/13/2018,7692,1300,2810,2290
Maharashtra,Nashik,Lasalgaon,Onion,Red,13/10/2018,10/13/2018,6328,1730,3080,2530
Maharashtra,Nashik,Lasalgaon,Onion,Other,15/10/2018,10/15/2018,5007,1410,3500,2550
Maharashtra,Nashik,Lasalgaon,Onion,Red,15/10/2018,10/15/2018,4372,1670,3420,2810
Maharashtra,Nashik,Lasalgaon,Onion,Other,16/10/2018,10/16/2018,5698,1460,3320,2530
Maharashtra,Nashik,Lasalgaon,Onion,Red,16/10/2018,10/16/2018,4978,1970,3680,2850
Maharashtra,Nashik,Lasalgaon,Onion,Other,17/10/2018,10/17/2018,5350,1640,3150,2500
Maharashtra,Nashik,Lasalgaon,Onion,Red,17/10/2018,10/17/2018,8684,1900,3870,2830
Maharashtra,Nashik,Lasalgaon,Onion,Other,18/10/2018,10/18/2018,6570,1430,2910,2400
Maharashtra,Nashik,Lasalgaon,Onion,Red,18/10/2018,10/18/2018,5583,1750,3860,2800
Maharashtra,Nashik,Lasalgaon,Onion,Other,19/10/2018,10/19/2018,7278,1730,3160,2410
Maharashtra,Nashik,Lasalgaon,Onion,Red,19/10/2018,10/19/2018,4081,1590,3500,2590
Maharashtra,Nashik,Lasalgaon,Onion,Other,20/10/2018,10/20/2018,7288,1660,3350,2630
Maharashtra,Nashik,Lasalgaon,Onion,Red,20/10/2018,10/20/2018,5732,1680,4150,3030
Maharashtra,Nashik,Lasalgaon,Onion,Other,22/10/2018,10/22/2018,6084,1580,3160,2480
Maharashtra,Nashik,Lasalgaon,Onion,Red,22/10/2018,10/22/2018,8619,1880,3450,2750
Maharashtra,Nashik,Lasalgaon,Onion,Other,23/10/2018,10/23/2018,5416,1610,3510,2810
Maharashtra,Nashik,Lasalgaon,Onion,Red,23/10/2018,10/23/2018,3858,2110,4340,3180
Maharashtra,Nashik,Lasalgaon,Onion,Other,24/10/2018,10/24/2018,4438,1790,3680,2710
Maharashtra,Nashik,Lasalgaon,Onion,Red,24/10/2018,10/24/2018,8244,1700,3800,2950
Maharashtra,Nashik,Lasalgaon,Onion,Other,25/10/2018,10/25/2018,8578,1560,3220,2330
Maharashtra,Nashik,Lasalgaon,Onion,Red,25/10/2018,10/25/2018,4497,1910,2950,2550
Maharashtra,Nashik,Lasalgaon,Onion,Other,26/10/2018,10/26/2018,7700,1690,3370,2780
Maharashtra,Nashik,Lasalgaon,Onion,Red,26/10/2018,10/26/2018,5882,1770,3920,3150
Maharashtra,Nashik,Lasalgaon,Onion,Other,27/10/2018,10/27/2018,6596,1770,3720,2860
Maharashtra,Nashik,Lasalgaon,Onion,Red,27/10/2018,10/27/2018,4648,2130,4240,3240
Maharashtra,Nashik,Lasalgaon,Onion,Other,29/10/2018,10/29/2018,7981,1860,3430,2580
Maharashtra,Nashik,Lasalgaon,Onion,Red,29/10/2018,10/29/2018,5729,1720,3470,2780
Maharashtra,Nashik,Lasalgaon,Onion,Other,30/10/2018,10/30/2018,7905,1520,3020,2600
Maharashtra,Nashik,Lasalgaon,Onion,Red,30/10/2018,10/30/2018,7117,1750,3960,2910
Maharashtra,Nashik,Lasalgaon,Onion,Other,31/10/2018,10/31/2018,7196,1740,3230,2550
Maharashtra,Nashik,Lasalgaon,Onion,Red,31/10/2018,10/31/2018,6158,1860,3480,2910
Maharashtra,Nashik,Lasalgaon,Onion,Other,1/11/2018,11/1/2018,4325,1940,3650,2780
Maharashtra,Nashik,Lasalgaon,Onion,Red,1/11/2018,11/1/2018,7744,2170,3980,3120
Maharashtra,Nashik,Lasalgaon,Onion,Other,2/11/2018,11/2/2018,3872,1540,3560,2670
Maharashtra,Nashik,Lasalgaon,Onion,Red,2/11/2018,11/2/2018,7297,1640,3640,2810
Maharashtra,Nashik,Lasalgaon,Onion,Other,3/11/2018,11/3/2018,3889,1770,3230,2590
Maharashtra,Nashik,Lasalgaon,Onion,Red,3/11/2018,11/3/2018,6939,1690,3770,2940
Maharashtra,Nashik,Lasalgaon,Onion,Other,5/11/2018,11/5/2018,4719,1820,3250,2780
Maharashtra,Nashik,Lasalgaon,Onion,Red,5/11/2018,11/5/2018,7820,2200,4080,3070
Maharashtra,Nashik,Lasalgaon,Onion,Other,6/11/2018,11/6/2018,5738,1580,3270,2380
Maharashtra,Nashik,Lasalgaon,Onion,Red,6/11/2018,11/6/2018,6984,1850,3230,2700
Maharashtra,Nashik,Lasalgaon,Onion,Other,7/11/2018,11/7/2018,8901,1440,2810,2350
Maharashtra,Nashik,Lasalgaon,Onion,Red,7/11/2018,11/7/2018,6204,1630,3140,2590
Maharashtra,Nashik,Lasalgaon,Onion,Other,8/11/2018,11/8/2018,8198,2000,3380,2690
Maharashtra,Nashik,Lasalgaon,Onion,Red,8/11/2018,11/8/2018,7014,1950,3500,2940
Maharashtra,Nashik,Lasalgaon,Onion,Other,9/11/2018,11/9/2018,8199,2060,3570,2830
Maharashtra,Nashik,Lasalgaon,Onion,Red,9/11/2018,11/9/2018,6291,2230,4060,3190
Maharashtra,Nashik,Lasalgaon,Onion,Other,10/11/2018,11/10/2018,4274,1510,3200,2450
Maharashtra,Nashik,Lasalgaon,Onion,Red,10/11/2018,11/10/2018,5452,1530,3480,2750
Maharashtra,Nashik,Lasalgaon,Onion,Other,12/11/2018,11/12/2018,6936,1300,2960,2240
Maharashtra,Nashik,Lasalgaon,Onion,Red,12/11/2018,11/12/2018,7076,1460,3050,2480
Maharashtra,Nashik,Lasalgaon,Onion,Other,13/11/2018,11/13/2018,6352,1800,3410,2590
Maharashtra,Nashik,Lasalgaon,Onion,Red,13/11/2018,11/13/2018,6641,2010,3440,2970
Maharashtra,Nashik,Lasalgaon,Onion,Other,14/11/2018,11/14/2018,7370,1530,3000,2460
Maharashtra,Nashik,Lasalgaon,Onion,Red,14/11/2018,11/14/2018,5386,1980,3920,2870
Maharashtra,Nashik,Lasalgaon,Onion,Other,15/11/2018,11/15/2018,6663,1820,3210,2500
Maharashtra,Nashik,Lasalgaon,Onion,Red,15/11/2018,11/15/2018,8394,1940,3900,2910
Maharashtra,Nashik,Lasalgaon,Onion,Other,16/11/2018,11/16/2018,4471,1650,3110,2450
Maharashtra,Nashik,Lasalgaon,Onion,Red,16/11/2018,11/16/2018,5309,1970,3740,2790
Maharashtra,Nashik,Lasalgaon,Onion,Other,17/11/2018,11/17/2018,5238,1440,3500,2560
Maharashtra,Nashik,Lasalgaon,Onion,Red,17/11/2018,11/17/2018,7091,1890,3910,2830
Maharashtra,Nashik,Lasalgaon,Onion,Other,19/11/2018,11/19/2018,8935,1640,3240,2660
Maharashtra,Nashik,Lasalgaon,Onion,Red,19/11/2018,11/19/2018,5411,2040,3820,2910
Maharashtra,Nashik,Lasalgaon,Onion,Other,20/11/2018,11/20/2018,4035,1720,3560,2620
Maharashtra,Nashik,Lasalgaon,Onion,Red,20/11/2018,11/20/2018,5808,1850,3580,2960
Maharashtra,Nashik,Lasalgaon,Onion,Other,21/11/2018,11/21/2018,4023,1600,3350,2420
Maharashtra,Nashik,Lasalgaon,Onion,Red,21/11/2018,11/21/2018,4512,1900,3730,2710
Maharashtra,Nashik,Lasalgaon,Onion,Other,22/11/2018,11/22/2018,6883,1730,3020,2350
Maharashtra,Nashik,Lasalgaon,Onion,Red,22/11/2018,11/22/2018,8104,1490,2960,2570
Maharashtra,Nashik,Lasalgaon,Onion,Other,23/11/2018,11/23/2018,7563,1760,2880,2400
Maharashtra,Nashik,Lasalgaon,Onion,Red,23/11/2018,11/23/2018,4699,1490,3420,2630
Maharashtra,Nashik,Lasalgaon,Onion,Other,24/11/2018,11/24/2018,5061,1430,2890,2230
Maharashtra,Nashik,Lasalgaon,Onion,Red,24/11/2018,11/24/2018,7349,1790,3140,2560
Maharashtra,Nashik,Lasalgaon,Onion,Other,26/11/2018,11/26/2018,5338,1380,3010,2390
Maharashtra,Nashik,Lasalgaon,Onion,Red,26/11/2018,11/26/2018,8404,1830,3180,2620
Maharashtra,Nashik,Lasalgaon,Onion,Other,27/11/2018,11/27/2018,6201,1550,2690,2300
Maharashtra,Nashik,Lasalgaon,Onion,Red,27/11/2018,11/27/2018,7129,1790,3400,2580
Maharashtra,Nashik,Lasalgaon,Onion,Other,28/11/2018,11/28/2018,6933,1250,2910,2190
Maharashtra,Nashik,Lasalgaon,Onion,Red,28/11/2018,11/28/2018,5780,1630,2860,2360
Maharashtra,Nashik,Lasalgaon,Onion,Other,29/11/2018,11/29/2018,6400,1780,3120,2440
Maharashtra,Nashik,Lasalgaon,Onion,Red,29/11/2018,11/29/2018,3883,1500,3680,2690
Maharashtra,Nashik,Lasalgaon,Onion,Other,30/11/2018,11/30/2018,4227,1410,3140,2270
Maharashtra,Nashik,Lasalgaon,Onion,Red,30/11/2018,11/30/2018,5018,1730,3340,2590
Maharashtra,Nashik,Lasalgaon,Onion,Other,1/12/2018,12/1/2018,8836,1750,2900,2520
Maharashtra,Nashik,Lasalgaon,Onion,Red,1/12/2018,12/1/2018,5104,1610,3330,2750
Maharashtra,Nashik,Lasalgaon,Onion,Other,3/12/2018,12/3/2018,5260,1400,2690,2330
Maharashtra,Nashik,Lasalgaon,Onion,Red,3/12/2018,12/3/2018,6064,1480,3110,2640
Maharashtra,Nashik,Lasalgaon,Onion,Other,4/12/2018,12/4/2018,9097,1340,3090,2230
Maharashtra,Nashik,Lasalgaon,Onion,Red,4/12/2018,12/4/2018,6045,1590,2970,2400
Maharashtra,Nashik,Lasalgaon,Onion,Other,5/12/2018,12/5/2018,9023,1550,3300,2420
Maharashtra,Nashik,Lasalgaon,Onion,Red,5/12/2018,12/5/2018,4323,1640,3430,2660
Maharashtra,Nashik,Lasalgaon,Onion,Other,6/12/2018,12/6/2018,5062,1270,2930,2140
Maharashtra,Nashik,Lasalgaon,Onion,Red,6/12/2018,12/6/2018,7807,1480,3010,2320
Maharashtra,Nashik,Lasalgaon,Onion,Other,7/12/2018,12/7/2018,4432,1530,2900,2310
Maharashtra,Nashik,Lasalgaon,Onion,Red,7/12/2018,12/7/2018,7100,1650,3470,2560
Maharashtra,Nashik,Lasalgaon,Onion,Other,8/12/2018,12/8/2018,5851,1240,2490,2160
Maharashtra,Nashik,Lasalgaon,Onion,Red,8/12/2018,12/8/2018,5496,1730,3370,2500
Maharashtra,Nashik,Lasalgaon,Onion,Other,10/12/2018,12/10/2018,5213,1130,2160,1790
Maharashtra,Nashik,Lasalgaon,Onion,Red,10/12/2018,12/10/2018,5409,1180,2320,1990
Maharashtra,Nashik,Lasalgaon,Onion,Other,11/12/2018,12/11/2018,8982,1270,2360,2050
Maharashtra,Nashik,Lasalgaon,Onion,Red,11/12/2018,12/11/2018,9021,1240,3090,2230
Maharashtra,Nashik,Lasalgaon,Onion,Other,12/12/2018,12/12/2018,7479,1630,2990,2390
Maharashtra,Nashik,Lasalgaon,Onion,Red,12/12/2018,12/12/2018,6005,1570,3280,2820
Maharashtra,Nashik,Lasalgaon,Onion,Other,13/12/2018,12/13/2018,5291,1260,3000,2210
Maharashtra,Nashik,Lasalgaon,Onion,Red,13/12/2018,12/13/2018,6055,1560,3060,2490
Maharashtra,Nashik,Lasalgaon,Onion,Other,14/12/2018,12/14/2018,6979,1470,2620,2080
Maharashtra,Nashik,Lasalgaon,Onion,Red,14/12/2018,12/14/2018,6793,1620,2990,2250
Maharashtra,Nashik,Lasalgaon,Onion,Other,15/12/2018,12/15/2018,5697,1410,2560,2120
Maharashtra,Nashik,Lasalgaon,Onion,Red,15/12/2018,12/15/2018,9371,1680,2740,2360
Maharashtra,Nashik,Lasalgaon,Onion,Other,17/12/2018,12/17/2018,9202,1300,2630,2060
Maharashtra,Nashik,Lasalgaon,Onion,Red,17/12/2018,12/17/2018,4349,1450,2940,2290
Maharashtra,Nashik,Lasalgaon,Onion,Other,18/12/2018,12/18/2018,8060,1100,2410,1920
Maharashtra,Nashik,Lasalgaon,Onion,Red,18/12/2018,12/18/2018,4601,1500,2590,2170
Maharashtra,Nashik,Lasalgaon,Onion,Other,19/12/2018,12/19/2018,7766,1370,2580,1920
Maharashtra,Nashik,Lasalgaon,Onion,Red,19/12/2018,12/19/2018,4828,1350,2650,2180
Maharashtra,Nashik,Lasalgaon,Onion,Other,20/12/2018,12/20/2018,6058,1430,2910,2290
Maharashtra,Nashik,Lasalgaon,Onion,Red,20/12/2018,12/20/2018,4731,1760,3560,2590
Maharashtra,Nashik,Lasalgaon,Onion,Other,21/12/2018,12/21/2018,9802,1250,2460,1850
Maharashtra,Nashik,Lasalgaon,Onion,Red,21/12/2018,12/21/2018,4597,1240,2840,2050
Maharashtra,Nashik,Lasalgaon,Onion,Other,22/12/2018,12/22/2018,8234,1370,2410,1880
Maharashtra,Nashik,Lasalgaon,Onion,Red,22/12/2018,12/22/2018,4415,1510,2510,2110
Maharashtra,Nashik,Lasalgaon,Onion,Other,24/12/2018,12/24/2018,7834,1080,2370,1870
Maharashtra,Nashik,Lasalgaon,Onion,Red,24/12/2018,12/24/2018,4362,1190,2610,2140
Maharashtra,Nashik,Lasalgaon,Onion,Other,25/12/2018,12/25/2018,5193,1490,2620,2000
Maharashtra,Nashik,Lasalgaon,Onion,Red,25/12/2018,12/25/2018,4965,1630,2850,2230
Maharashtra,Nashik,Lasalgaon,Onion,Other,26/12/2018,12/26/2018,5505,1320,2520,1890
Maharashtra,Nashik,Lasalgaon,Onion,Red,26/12/2018,12/26/2018,5413,1260,2820,2130
Maharashtra,Nashik,Lasalgaon,Onion,Other,27/12/2018,12/27/2018,8744,1430,2560,2030
Maharashtra,Nashik,Lasalgaon,Onion,Red,27/12/2018,12/27/2018,5358,1620,2960,2250
Maharashtra,Nashik,Lasalgaon,Onion,Other,28/12/2018,12/28/2018,5677,1000,2130,1750
Maharashtra,Nashik,Lasalgaon,Onion,Red,28/12/2018,12/28/2018,4942,1220,2610,1900
Maharashtra,Nashik,Lasalgaon,Onion,Other,29/12/2018,12/29/2018,7580,1100,2680,1940
Maharashtra,Nashik,Lasalgaon,Onion,Red,29/12/2018,12/29/2018,5525,1390,2990,2240
Maharashtra,Nashik,Lasalgaon,Onion,Other,31/12/2018,12/31/2018,8155,1290,2260,1790
Maharashtra,Nashik,Lasalgaon,Onion,Red,31/12/2018,12/31/2018,8657,1190,2650,2010
Maharashtra,Nashik,Lasalgaon,Onion,Other,1/1/2019,1/1/2019,6976,1360,2920,2120
Maharashtra,Nashik,Lasalgaon,Onion,Red,1/1/2019,1/1/2019,6263,1680,3160,2340
Maharashtra,Nashik,Lasalgaon,Onion,Other,2/1/2019,1/2/2019,7495,1280,2160,1790
Maharashtra,Nashik,Lasalgaon,Onion,Red,2/1/2019,1/2/2019,8016,1370,2390,1930
Maharashtra,Nashik,Lasalgaon,Onion,Other,3/1/2019,1/3/2019,6016,1260,2090,1780
Maharashtra,Nashik,Lasalgaon,Onion,Red,3/1/2019,1/3/2019,9845,1430,2440,1980
Maharashtra,Nashik,Lasalgaon,Onion,Other,4/1/2019,1/4/2019,9642,1180,1980,1710
Maharashtra,Nashik,Lasalgaon,Onion,Red,4/1/2019,1/4/2019,5346,1100,2260,1910
Maharashtra,Nashik,Lasalgaon,Onion,Other,5/1/2019,1/5/2019,6379,1280,2240,1800
Maharashtra,Nashik,Lasalgaon,Onion,Red,5/1/2019,1/5/2019,7404,1200,2560,2010
Maharashtra,Nashik,Lasalgaon,Onion,Other,7/1/2019,1/7/2019,10361,1190,1920,1610
Maharashtra,Nashik,Lasalgaon,Onion,Red,7/1/2019,1/7/2019,6323,1020,2340,1840
Maharashtra,Nashik,Lasalgaon,Onion,Other,8/1/2019,1/8/2019,8498,1250,2460,1960
Maharashtra,Nashik,Lasalgaon,Onion,Red,8/1/2019,1/8/2019,5599,1450,2860,2110
Maharashtra,Nashik,Lasalgaon,Onion,Other,9/1/2019,1/9/2019,6190,1160,2370,1860
Maharashtra,Nashik,Lasalgaon,Onion,Red,9/1/2019,1/9/2019,4730,1270,2630,2190
Maharashtra,Nashik,Lasalgaon,Onion,Other,10/1/2019,1/10/2019,4695,1340,2420,1820
Maharashtra,Nashik,Lasalgaon,Onion,Red,10/1/2019,1/10/2019,6692,1530,2870,2100
Maharashtra,Nashik,Lasalgaon,Onion,Other,11/1/2019,1/11/2019,4950,1130,2370,1720
Maharashtra,Nashik,Lasalgaon,Onion,Red,11/1/2019,1/11/2019,7685,1140,2430,1930
Maharashtra,Nashik,Lasalgaon,Onion,Other,12/1/2019,1/12/2019,5720,1150,2100,1620
Maharashtra,Nashik,Lasalgaon,Onion,Red,12/1/2019,1/12/2019,8928,1170,2410,1800
Maharashtra,Nashik,Lasalgaon,Onion,Other,14/01/2019,1/14/2019,7168,1070,1900,1440
Maharashtra,Nashik,Lasalgaon,Onion,Red,14/01/2019,1/14/2019,5992,980,2150,1610
Maharashtra,Nashik,Lasalgaon,Onion,Other,15/01/2019,1/15/2019,5226,990,2120,1630
Maharashtra,Nashik,Lasalgaon,Onion,Red,15/01/2019,1/15/2019,4432,1200,2150,1760
Maharashtra,Nashik,Lasalgaon,Onion,Other,16/01/2019,1/16/2019,10469,1100,2030,1560
Maharashtra,Nashik,Lasalgaon,Onion,Red,16/01/2019,1/16/2019,4799,1110,2340,1770
Maharashtra,Nashik,Lasalgaon,Onion,Other,17/01/2019,1/17/2019,5248,1070,1980,1620
Maharashtra,Nashik,Lasalgaon,Onion,Red,17/01/2019,1/17/2019,6590,1250,2370,1810
Maharashtra,Nashik,Lasalgaon,Onion,Other,18/01/2019,1/18/2019,7756,990,1950,1610
Maharashtra,Nashik,Lasalgaon,Onion,Red,18/01/2019,1/18/2019,9956,1280,2100,1790
Maharashtra,Nashik,Lasalgaon,Onion,Other,19/01/2019,1/19/2019,7081,1030,1860,1490
Maharashtra,Nashik,Lasalgaon,Onion,Red,19/01/2019,1/19/2019,5233,1200,2360,1690
Maharashtra,Nashik,Lasalgaon,Onion,Other,21/01/2019,1/21/2019,4958,910,1800,1450
Maharashtra,Nashik,Lasalgaon,Onion,Red,21/01/2019,1/21/2019,5789,1040,1900,1510
Maharashtra,Nashik,Lasalgaon,Onion,Other,22/01/2019,1/22/2019,8468,990,1880,1540
Maharashtra,Nashik,Lasalgaon,Onion,Red,22/01/2019,1/22/2019,8772,1060,2110,1740
Maharashtra,Nashik,Lasalgaon,Onion,Other,23/01/2019,1/23/2019,7894,840,1950,1410
Maharashtra,Nashik,Lasalgaon,Onion,Red,23/01/2019,1/23/2019,6965,970,2130,1560
Maharashtra,Nashik,Lasalgaon,Onion,Other,24/01/2019,1/24/2019,8934,850,1670,1360
Maharashtra,Nashik,Lasalgaon,Onion,Red,24/01/2019,1/24/2019,5006,910,1940,1500
Maharashtra,Nashik,Lasalgaon,Onion,Other,25/01/2019,1/25/2019,8789,1040,1750,1410
Maharashtra,Nashik,Lasalgaon,Onion,Red,25/01/2019,1/25/2019,4947,910,1800,1520
Maharashtra,Nashik,Lasalgaon,Onion,Other,26/01/2019,1/26/2019,4800,790,1810,1350
Maharashtra,Nashik,Lasalgaon,Onion,Red,26/01/2019,1/26/2019,7721,990,1860,1490
Maharashtra,Nashik,Lasalgaon,Onion,Other,28/01/2019,1/28/2019,10319,750,1650,1240
Maharashtra,Nashik,Lasalgaon,Onion,Red,28/01/2019,1/28/2019,10241,830,1650,1410
Maharashtra,Nashik,Lasalgaon,Onion,Other,29/01/2019,1/29/2019,8301,890,1690,1430
Maharashtra,Nashik,Lasalgaon,Onion,Red,29/01/2019,1/29/2019,7364,990,1820,1510
Maharashtra,Nashik,Lasalgaon,Onion,Other,30/01/2019,1/30/2019,9055,790,1790,1390
Maharashtra,Nashik,Lasalgaon,Onion,Red,30/01/2019,1/30/2019,5451,1140,2100,1610
Maharashtra,Nashik,Lasalgaon,Onion,Other,31/01/2019,1/31/2019,6721,790,1780,1420
Maharashtra,Nashik,Lasalgaon,Onion,Red,31/01/2019,1/31/2019,8062,1120,1970,1640
Maharashtra,Nashik,Lasalgaon,Onion,Other,1/2/2019,2/1/2019,8476,840,1960,1410
Maharashtra,Nashik,Lasalgaon,Onion,Red,1/2/2019,2/1/2019,5678,1110,1830,1560
Maharashtra,Nashik,Lasalgaon,Onion,Other,2/2/2019,2/2/2019,6982,810,1600,1210
Maharashtra,Nashik,Lasalgaon,Onion,Red,2/2/2019,2/2/2019,8322,800,1640,1410
Maharashtra,Nashik,Lasalgaon,Onion,Other,4/2/2019,2/4/2019,7146,910,1760,1400
Maharashtra,Nashik,Lasalgaon,Onion,Red,4/2/2019,2/4/2019,10469,880,1950,1580
Maharashtra,Nashik,Lasalgaon,Onion,Other,5/2/2019,2/5/2019,7593,820,1670,1230
Maharashtra,Nashik,Lasalgaon,Onion,Red,5/2/2019,2/5/2019,7834,780,1640,1410
Maharashtra,Nashik,Lasalgaon,Onion,Other,6/2/2019,2/6/2019,4927,870,1680,1280
Maharashtra,Nashik,Lasalgaon,Onion,Red,6/2/2019,2/6/2019,6227,1040,1960,1460
Maharashtra,Nashik,Lasalgaon,Onion,Other,7/2/2019,2/7/2019,5976,640,1390,1160
Maharashtra,Nashik,Lasalgaon,Onion,Red,7/2/2019,2/7/2019,7922,810,1650,1320
Maharashtra,Nashik,Lasalgaon,Onion,Other,8/2/2019,2/8/2019,7454,600,1410,1080
Maharashtra,Nashik,Lasalgaon,Onion,Red,8/2/2019,2/8/2019,9566,740,1650,1210
Maharashtra,Nashik,Lasalgaon,Onion,Other,9/2/2019,2/9/2019,6127,690,1580,1190
Maharashtra,Nashik,Lasalgaon,Onion,Red,9/2/2019,2/9/2019,9832,880,1610,1380
Maharashtra,Nashik,Lasalgaon,Onion,Other,11/2/2019,2/11/2019,9994,810,1510,1160
Maharashtra,Nashik,Lasalgaon,Onion,Red,11/2/2019,2/11/2019,7621,850,1800,1330
Maharashtra,Nashik,Lasalgaon,Onion,Other,12/2/2019,2/12/2019,10127,740,1550,1150
Maharashtra,Nashik,Lasalgaon,Onion,Red,12/2/2019,2/12/2019,7676,870,1570,1310
Maharashtra,Nashik,Lasalgaon,Onion,Other,13/02/2019,2/13/2019,10143,920,1490,1280
Maharashtra,Nashik,Lasalgaon,Onion,Red,13/02/2019,2/13/2019,6624,930,1700,1420
Maharashtra,Nashik,Lasalgaon,Onion,Other,14/02/2019,2/14/2019,10084,640,1350,1140
Maharashtra,Nashik,Lasalgaon,Onion,Red,14/02/2019,2/14/2019,7691,700,1470,1210
Maharashtra,Nashik,Lasalgaon,Onion,Other,15/02/2019,2/15/2019,8745,770,1630,1210
Maharashtra,Nashik,Lasalgaon,Onion,Red,15/02/2019,2/15/2019,7430,780,1620,1360
Maharashtra,Nashik,Lasalgaon,Onion,Other,16/02/2019,2/16/2019,5901,790,1480,1190
Maharashtra,Nashik,Lasalgaon,Onion,Red,16/02/2019,2/16/2019,7396,780,1690,1310
Maharashtra,Nashik,Lasalgaon,Onion,Other,18/02/2019,2/18/2019,6646,670,1340,980
Maharashtra,Nashik,Lasalgaon,Onion,Red,18/02/2019,2/18/2019,7028,710,1530,1100
Maharashtra,Nashik,Lasalgaon,Onion,Other,19/02/2019,2/19/2019,11240,670,1170,1000
Maharashtra,Nashik,Lasalgaon,Onion,Red,19/02/2019,2/19/2019,9409,780,1520,1120
Maharashtra,Nashik,Lasalgaon,Onion,Other,20/02/2019,2/20/2019,8258,690,1330,960
Maharashtra,Nashik,Lasalgaon,Onion,Red,20/02/2019,2/20/2019,8314,840,1480,1140
Maharashtra,Nashik,Lasalgaon,Onion,Other,21/02/2019,2/21/2019,8350,520,1130,940
Maharashtra,Nashik,Lasalgaon,Onion,Red,21/02/2019,2/21/2019,11320,650,1310,1040
Maharashtra,Nashik,Lasalgaon,Onion,Other,22/02/2019,2/22/2019,10071,560,1130,970
Maharashtra,Nashik,Lasalgaon,Onion,Red,22/02/2019,2/22/2019,5894,680,1380,1030
Maharashtra,Nashik,Lasalgaon,Onion,Other,23/02/2019,2/23/2019,5867,540,1040,900
Maharashtra,Nashik,Lasalgaon,Onion,Red,23/02/2019,2/23/2019,11384,630,1210,1020
Maharashtra,Nashik,Lasalgaon,Onion,Other,25/02/2019,2/25/2019,5403,550,1200,930
Maharashtra,Nashik,Lasalgaon,Onion,Red,25/02/2019,2/25/2019,6528,740,1430,1030
Maharashtra,Nashik,Lasalgaon,Onion,Other,26/02/2019,2/26/2019,6762,640,1180,940
Maharashtra,Nashik,Lasalgaon,Onion,Red,26/02/2019,2/26/2019,7618,620,1380,1050
Maharashtra,Nashik,Lasalgaon,Onion,Other,27/02/2019,2/27/2019,5720,650,1340,980
Maharashtra,Nashik,Lasalgaon,Onion,Red,27/02/2019,2/27/2019,5635,760,1410,1070
Maharashtra,Nashik,Lasalgaon,Onion,Other,28/02/2019,2/28/2019,9270,670,1070,910
Maharashtra,Nashik,Lasalgaon,Onion,Red,28/02/2019,2/28/2019,7045,670,1480,1060
Maharashtra,Nashik,Lasalgaon,Onion,Other,1/3/2019,3/1/2019,7836,730,1180,970
Maharashtra,Nashik,Lasalgaon,Onion,Red,1/3/2019,3/1/2019,4985,700,1310,1070
Maharashtra,Nashik,Lasalgaon,Onion,Other,2/3/2019,3/2/2019,10846,560,1040,880
Maharashtra,Nashik,Lasalgaon,Onion,Red,2/3/2019,3/2/2019,9256,660,1120,960
Maharashtra,Nashik,Lasalgaon,Onion,Other,4/3/2019,3/4/2019,11166,500,1110,910
Maharashtra,Nashik,Lasalgaon,Onion,Red,4/3/2019,3/4/2019,9928,760,1360,1030
Maharashtra,Nashik,Lasalgaon,Onion,Other,5/3/2019,3/5/2019,10425,530,1060,880
Maharashtra,Nashik,Lasalgaon,Onion,Red,5/3/2019,3/5/2019,11149,560,1220,970
Maharashtra,Nashik,Lasalgaon,Onion,Other,6/3/2019,3/6/2019,7858,510,1070,870
Maharashtra,Nashik,Lasalgaon,Onion,Red,6/3/2019,3/6/2019,11356,600,1200,980
Maharashtra,Nashik,Lasalgaon,Onion,Other,7/3/2019,3/7/2019,11117,490,1150,890
Maharashtra,Nashik,Lasalgaon,Onion,Red,7/3/2019,3/7/2019,9254,590,1170,970
Maharashtra,Nashik,Lasalgaon,Onion,Other,8/3/2019,3/8/2019,11368,550,1100,900
Maharashtra,Nashik,Lasalgaon,Onion,Red,8/3/2019,3/8/2019,10440,770,1320,1040
Maharashtra,Nashik,Lasalgaon,Onion,Other,9/3/2019,3/9/2019,8772,420,920,730
Maharashtra,Nashik,Lasalgaon,Onion,Red,9/3/2019,3/9/2019,10353,440,990,790
Maharashtra,Nashik,Lasalgaon,Onion,Other,11/3/2019,3/11/2019,8733,640,1010,880
Maharashtra,Nashik,Lasalgaon,Onion,Red,11/3/2019,3/11/2019,7043,720,1310,1020
Maharashtra,Nashik,Lasalgaon,Onion,Other,12/3/2019,3/12/2019,10399,580,1140,870
Maharashtra,Nashik,Lasalgaon,Onion,Red,12/3/2019,3/12/2019,8343,660,1210,970
Maharashtra,Nashik,Lasalgaon,Onion,Other,13/03/2019,3/13/2019,11269,490,920,780
Maharashtra,Nashik,Lasalgaon,Onion,Red,13/03/2019,3/13/2019,7741,510,1190,910
Maharashtra,Nashik,Lasalgaon,Onion,Other,14/03/2019,3/14/2019,10170,500,1140,880
Maharashtra,Nashik,Lasalgaon,Onion,Red,14/03/2019,3/14/2019,10891,690,1150,960
Maharashtra,Nashik,Lasalgaon,Onion,Other,15/03/2019,3/15/2019,11225,540,1070,830
Maharashtra,Nashik,Lasalgaon,Onion,Red,15/03/2019,3/15/2019,6791,690,1180,940
Maharashtra,Nashik,Lasalgaon,Onion,Other,16/03/2019,3/16/2019,11005,430,860,710
Maharashtra,Nashik,Lasalgaon,Onion,Red,16/03/2019,3/16/2019,6263,430,1010,760
Maharashtra,Nashik,Lasalgaon,Onion,Other,18/03/2019,3/18/2019,11112,450,1000,750
Maharashtra,Nashik,Lasalgaon,Onion,Red,18/03/2019,3/18/2019,8207,490,1050,830
Maharashtra,Nashik,Lasalgaon,Onion,Other,19/03/2019,3/19/2019,10813,510,1030,780
Maharashtra,Nashik,Lasalgaon,Onion,Red,19/03/2019,3/19/2019,11073,490,1110,880
Maharashtra,Nashik,Lasalgaon,Onion,Other,20/03/2019,3/20/2019,8612,510,950,770
Maharashtra,Nashik,Lasalgaon,Onion,Red,20/03/2019,3/20/2019,9757,610,1130,900
Maharashtra,Nashik,Lasalgaon,Onion,Other,21/03/2019,3/21/2019,9769,480,940,750
Maharashtra,Nashik,Lasalgaon,Onion,Red,21/03/2019,3/21/2019,10932,500,1100,840
Maharashtra,Nashik,Lasalgaon,Onion,Other,22/03/2019,3/22/2019,6655,590,920,780
Maharashtra,Nashik,Lasalgaon,Onion,Red,22/03/2019,3/22/2019,5672,650,1210,870
Maharashtra,Nashik,Lasalgaon,Onion,Other,23/03/2019,3/23/2019,6944,440,1030,790
Maharashtra,Nashik,Lasalgaon,Onion,Red,23/03/2019,3/23/2019,9587,640,1080,890
Maharashtra,Nashik,Lasalgaon,Onion,Other,25/03/2019,3/25/2019,7126,380,850,680
Maharashtra,Nashik,Lasalgaon,Onion,Red,25/03/2019,3/25/2019,8171,550,1050,780
Maharashtra,Nashik,Lasalgaon,Onion,Other,26/03/2019,3/26/2019,6933,570,990,790
Maharashtra,Nashik,Lasalgaon,Onion,Red,26/03/2019,3/26/2019,7970,560,1190,920
Maharashtra,Nashik,Lasalgaon,Onion,Other,27/03/2019,3/27/2019,6494,470,820,680
Maharashtra,Nashik,Lasalgaon,Onion,Red,27/03/2019,3/27/2019,9053,480,920,760
Maharashtra,Nashik,Lasalgaon,Onion,Other,28/03/2019,3/28/2019,6211,450,820,680
Maharashtra,Nashik,Lasalgaon,Onion,Red,28/03/2019,3/28/2019,7928,520,900,720
Maharashtra,Nashik,Lasalgaon,Onion,Other,29/03/2019,3/29/2019,9953,470,920,710
Maharashtra,Nashik,Lasalgaon,Onion,Red,29/03/2019,3/29/2019,10552,460,950,790
Maharashtra,Nashik,Lasalgaon,Onion,Other,30/03/2019,3/30/2019,6160,360,790,640
Maharashtra,Nashik,Lasalgaon,Onion,Red,30/03/2019,3/30/2019,6098,500,930,720
Maharashtra,Nashik,Lasalgaon,Onion,Other,1/4/2019,4/1/2019,7270,440,930,720
Maharashtra,Nashik,Lasalgaon,Onion,Red,1/4/2019,4/1/2019,6350,440,940,780
Maharashtra,Nashik,Lasalgaon,Onion,Other,2/4/2019,4/2/2019,8590,470,900,780
Maharashtra,Nashik,Lasalgaon,Onion,Red,2/4/2019,4/2/2019,8985,570,1180,850
Maharashtra,Nashik,Lasalgaon,Onion,Other,3/4/2019,4/3/2019,7245,590,1090,800
Maharashtra,Nashik,Lasalgaon,Onion,Red,3/4/2019,4/3/2019,8382,520,1060,880
Maharashtra,Nashik,Lasalgaon,Onion,Other,4/4/2019,4/4/2019,10643,390,930,700
Maharashtra,Nashik,Lasalgaon,Onion,Red,4/4/2019,4/4/2019,7924,500,1070,820
Maharashtra,Nashik,Lasalgaon,Onion,Other,5/4/2019,4/5/2019,7207,560,990,770
Maharashtra,Nashik,Lasalgaon,Onion,Red,5/4/2019,4/5/2019,7617,610,1050,870
Maharashtra,Nashik,Lasalgaon,Onion,Other,6/4/2019,4/6/2019,7555,450,850,710
Maharashtra,Nashik,Lasalgaon,Onion,Red,6/4/2019,4/6/2019,10070,490,970,810
Maharashtra,Nashik,Lasalgaon,Onion,Other,8/4/2019,4/8/2019,7825,430,950,680
Maharashtra,Nashik,Lasalgaon,Onion,Red,8/4/2019,4/8/2019,9135,410,850,730
Maharashtra,Nashik,Lasalgaon,Onion,Other,9/4/2019,4/9/2019,8741,400,730,630
Maharashtra,Nashik,Lasalgaon,Onion,Red,9/4/2019,4/9/2019,5810,480,880,740
Maharashtra,Nashik,Lasalgaon,Onion,Other,10/4/2019,4/10/2019,11772,380,760,640
Maharashtra,Nashik,Lasalgaon,Onion,Red,10/4/2019,4/10/2019,7352,520,870,720
Maharashtra,Nashik,Lasalgaon,Onion,Other,11/4/2019,4/11/2019,8720,380,910,690
Maharashtra,Nashik,Lasalgaon,Onion,Red,11/4/2019,4/11/2019,10575,540,880,740
Maharashtra,Nashik,Lasalgaon,Onion,Other,12/4/2019,4/12/2019,6890,430,810,680
Maharashtra,Nashik,Lasalgaon,Onion,Red,12/4/2019,4/12/2019,7883,460,980,760
Maharashtra,Nashik,Lasalgaon,Onion,Other,13/04/2019,4/13/2019,7280,380,900,660
Maharashtra,Nashik,Lasalgaon,Onion,Red,13/04/2019,4/13/2019,8282,520,990,770
Maharashtra,Nashik,Lasalgaon,Onion,Other,15/04/2019,4/15/2019,11156,440,1010,770
Maharashtra,Nashik,Lasalgaon,Onion,Red,15/04/2019,4/15/2019,9825,480,1020,860
Maharashtra,Nashik,Lasalgaon,Onion,Other,16/04/2019,4/16/2019,6065,350,780,610
Maharashtra,Nashik,Lasalgaon,Onion,Red,16/04/2019,4/16/2019,6932,430,880,660
Maharashtra,Nashik,Lasalgaon,Onion,Other,17/04/2019,4/17/2019,7957,490,960,710
Maharashtra,Nashik,Lasalgaon,Onion,Red,17/04/2019,4/17/2019,5902,560,920,790
Maharashtra,Nashik,Lasalgaon,Onion,Other,18/04/2019,4/18/2019,9632,490,840,680
Maharashtra,Nashik,Lasalgaon,Onion,Red,18/04/2019,4/18/2019,7535,510,960,740
Maharashtra,Nashik,Lasalgaon,Onion,Other,19/04/2019,4/19/2019,6062,350,870,620
Maharashtra,Nashik,Lasalgaon,Onion,Red,19/04/2019,4/19/2019,7176,400,980,720
Maharashtra,Nashik,Lasalgaon,Onion,Other,20/04/2019,4/20/2019,7525,410,790,650
Maharashtra,Nashik,Lasalgaon,Onion,Red,20/04/2019,4/20/2019,8573,470,1000,750
Maharashtra,Nashik,Lasalgaon,Onion,Other,22/04/2019,4/22/2019,8901,610,960,830
Maharashtra,Nashik,Lasalgaon,Onion,Red,22/04/2019,4/22/2019,10795,670,1120,930
Maharashtra,Nashik,Lasalgaon,Onion,Other,23/04/2019,4/23/2019,11394,460,840,720
Maharashtra,Nashik,Lasalgaon,Onion,Red,23/04/2019,4/23/2019,9696,530,950,820
Maharashtra,Nashik,Lasalgaon,Onion,Other,24/04/2019,4/24/2019,9093,400,790,670
Maharashtra,Nashik,Lasalgaon,Onion,Red,24/04/2019,4/24/2019,10650,510,960,750
Maharashtra,Nashik,Lasalgaon,Onion,Other,25/04/2019,4/25/2019,7948,410,980,740
Maharashtra,Nashik,Lasalgaon,Onion,Red,25/04/2019,4/25/2019,7380,560,1110,850
Maharashtra,Nashik,Lasalgaon,Onion,Other,26/04/2019,4/26/2019,9109,450,860,720
Maharashtra,Nashik,Lasalgaon,Onion,Red,26/04/2019,4/26/2019,7232,500,910,790
Maharashtra,Nashik,Lasalgaon,Onion,Other,27/04/2019,4/27/2019,7201,530,1010,760
Maharashtra,Nashik,Lasalgaon,Onion,Red,27/04/2019,4/27/2019,10583,500,1060,870
Maharashtra,Nashik,Lasalgaon,Onion,Other,29/04/2019,4/29/2019,7295,410,880,740
Maharashtra,Nashik,Lasalgaon,Onion,Red,29/04/2019,4/29/2019,11374,560,990,840
Maharashtra,Nashik,Lasalgaon,Onion,Other,30/04/2019,4/30/2019,9184,550,1050,780
Maharashtra,Nashik,Lasalgaon,Onion,Red,30/04/2019,4/30/2019,9224,590,1140,870
Maharashtra,Nashik,Lasalgaon,Onion,Other,1/5/2019,5/1/2019,10998,540,1040,770
Maharashtra,Nashik,Lasalgaon,Onion,Red,1/5/2019,5/1/2019,8259,510,1010,860
Maharashtra,Nashik,Lasalgaon,Onion,Other,2/5/2019,5/2/2019,8600,530,1060,820
Maharashtra,Nashik,Lasalgaon,Onion,Red,2/5/2019,5/2/2019,10488,510,1200,920
Maharashtra,Nashik,Lasalgaon,Onion,Other,3/5/2019,5/3/2019,5913,520,930,780
Maharashtra,Nashik,Lasalgaon,Onion,Red,3/5/2019,5/3/2019,6557,640,1060,850
Maharashtra,Nashik,Lasalgaon,Onion,Other,4/5/2019,5/4/2019,5658,540,1050,800
Maharashtra,Nashik,Lasalgaon,Onion,Red,4/5/2019,5/4/2019,7114,640,1090,870
Maharashtra,Nashik,Lasalgaon,Onion,Other,6/5/2019,5/6/2019,7224,490,940,680
Maharashtra,Nashik,Lasalgaon,Onion,Red,6/5/2019,5/6/2019,11423,540,1010,750
Maharashtra,Nashik,Lasalgaon,Onion,Other,7/5/2019,5/7/2019,5087,500,1110,820
Maharashtra,Nashik,Lasalgaon,Onion,Red,7/5/2019,5/7/2019,7167,590,1090,880
Maharashtra,Nashik,Lasalgaon,Onion,Other,8/5/2019,5/8/2019,6806,570,1170,850
Maharashtra,Nashik,Lasalgaon,Onion,Red,8/5/2019,5/8/2019,5029,630,1220,970
Maharashtra,Nashik,Lasalgaon,Onion,Other,9/5/2019,5/9/2019,8794,610,1220,910
Maharashtra,Nashik,Lasalgaon,Onion,Red,9/5/2019,5/9/2019,8807,590,1230,1040
Maharashtra,Nashik,Lasalgaon,Onion,Other,10/5/2019,5/10/2019,7274,510,1040,810
Maharashtra,Nashik,Lasalgaon,Onion,Red,10/5/2019,5/10/2019,7216,620,1180,900
Maharashtra,Nashik,Lasalgaon,Onion,Other,11/5/2019,5/11/2019,5094,590,1120,870
Maharashtra,Nashik,Lasalgaon,Onion,Red,11/5/2019,5/11/2019,11116,690,1250,1010
Maharashtra,Nashik,Lasalgaon,Onion,Other,13/05/2019,5/13/2019,7295,520,1040,870
Maharashtra,Nashik,Lasalgaon,Onion,Red,13/05/2019,5/13/2019,8307,650,1230,1010
Maharashtra,Nashik,Lasalgaon,Onion,Other,14/05/2019,5/14/2019,9233,600,1090,870
Maharashtra,Nashik,Lasalgaon,Onion,Red,14/05/2019,5/14/2019,8746,610,1210,990
Maharashtra,Nashik,Lasalgaon,Onion,Other,15/05/2019,5/15/2019,5476,620,1260,1010
Maharashtra,Nashik,Lasalgaon,Onion,Red,15/05/2019,5/15/2019,5326,640,1380,1130
Maharashtra,Nashik,Lasalgaon,Onion,Other,16/05/2019,5/16/2019,8241,540,1210,890
Maharashtra,Nashik,Lasalgaon,Onion,Red,16/05/2019,5/16/2019,7454,600,1260,990
Maharashtra,Nashik,Lasalgaon,Onion,Other,17/05/2019,5/17/2019,7377,630,1060,840
Maharashtra,Nashik,Lasalgaon,Onion,Red,17/05/2019,5/17/2019,10481,650,1170,950
Maharashtra,Nashik,Lasalgaon,Onion,Other,18/05/2019,5/18/2019,9770,570,1360,1000
Maharashtra,Nashik,Lasalgaon,Onion,Red,18/05/2019,5/18/2019,6909,660,1310,1110
Maharashtra,Nashik,Lasalgaon,Onion,Other,20/05/2019,5/20/2019,11350,570,1160,900
Maharashtra,Nashik,Lasalgaon,Onion,Red,20/05/2019,5/20/2019,8518,660,1360,1010
Maharashtra,Nashik,Lasalgaon,Onion,Other,21/05/2019,5/21/2019,10681,620,1290,930
Maharashtra,Nashik,Lasalgaon,Onion,Red,21/05/2019,5/21/2019,6221,620,1250,1040
Maharashtra,Nashik,Lasalgaon,Onion,Other,22/05/2019,5/22/2019,6669,600,1160,920
Maharashtra,Nashik,Lasalgaon,Onion,Red,22/05/2019,5/22/2019,5744,690,1230,1070
Maharashtra,Nashik,Lasalgaon,Onion,Other,23/05/2019,5/23/2019,7385,620,1250,980
Maharashtra,Nashik,Lasalgaon,Onion,Red,23/05/2019,5/23/2019,9805,780,1490,1110
Maharashtra,Nashik,Lasalgaon,Onion,Other,24/05/2019,5/24/2019,7183,570,1170,920
Maharashtra,Nashik,Lasalgaon,Onion,Red,24/05/2019,5/24/2019,5802,740,1290,1050
Maharashtra,Nashik,Lasalgaon,Onion,Other,25/05/2019,5/25/2019,7779,600,1300,1000
Maharashtra,Nashik,Lasalgaon,Onion,Red,25/05/2019,5/25/2019,9396,630,1420,1120
Maharashtra,Nashik,Lasalgaon,Onion,Other,27/05/2019,5/27/2019,10972,650,1260,1080
Maharashtra,Nashik,Lasalgaon,Onion,Red,27/05/2019,5/27/2019,9855,760,1560,1210
Maharashtra,Nashik,Lasalgaon,Onion,Other,28/05/2019,5/28/2019,5805,630,1340,1100
Maharashtra,Nashik,Lasalgaon,Onion,Red,28/05/2019,5/28/2019,9391,850,1440,1200
Maharashtra,Nashik,Lasalgaon,Onion,Other,29/05/2019,5/29/2019,7037,680,1320,1040
Maharashtra,Nashik,Lasalgaon,Onion,Red,29/05/2019,5/29/2019,11126,760,1540,1190
Maharashtra,Nashik,Lasalgaon,Onion,Other,30/05/2019,5/30/2019,7466,710,1440,1050
Maharashtra,Nashik,Lasalgaon,Onion,Red,30/05/2019,5/30/2019,8647,890,1510,1200
Maharashtra,Nashik,Lasalgaon,Onion,Other,31/05/2019,5/31/2019,8279,640,1430,1070
Maharashtra,Nashik,Lasalgaon,Onion,Red,31/05/2019,5/31/2019,8334,730,1620,1200
Maharashtra,Nashik,Lasalgaon,Onion,Other,1/6/2019,6/1/2019,7595,640,1300,1000
Maharashtra,Nashik,Lasalgaon,Onion,Red,1/6/2019,6/1/2019,8129,680,1600,1150
Maharashtra,Nashik,Lasalgaon,Onion,Other,3/6/2019,6/3/2019,7551,660,1340,1070
Maharashtra,Nashik,Lasalgaon,Onion,Red,3/6/2019,6/3/2019,7938,820,1600,1240
Maharashtra,Nashik,Lasalgaon,Onion,Other,4/6/2019,6/4/2019,10887,650,1320,1120
Maharashtra,Nashik,Lasalgaon,Onion,Red,4/6/2019,6/4/2019,7351,820,1600,1220
Maharashtra,Nashik,Lasalgaon,Onion,Other,5/6/2019,6/5/2019,11019,810,1430,1150
Maharashtra,Nashik,Lasalgaon,Onion,Red,5/6/2019,6/5/2019,5813,940,1790,1310
Maharashtra,Nashik,Lasalgaon,Onion,Other,6/6/2019,6/6/2019,5080,660,1480,1090
Maharashtra,Nashik,Lasalgaon,Onion,Red,6/6/2019,6/6/2019,6096,670,1440,1180
Maharashtra,Nashik,Lasalgaon,Onion,Other,7/6/2019,6/7/2019,7537,800,1400,1210
Maharashtra,Nashik,Lasalgaon,Onion,Red,7/6/2019,6/7/2019,8952,840,1570,1340
Maharashtra,Nashik,Lasalgaon,Onion,Other,8/6/2019,6/8/2019,10830,870,1440,1250
Maharashtra,Nashik,Lasalgaon,Onion,Red,8/6/2019,6/8/2019,4738,1030,1980,1440
Maharashtra,Nashik,Lasalgaon,Onion,Other,10/6/2019,6/10/2019,8564,930,1590,1260
Maharashtra,Nashik,Lasalgaon,Onion,Red,10/6/2019,6/10/2019,5083,960,2050,1480
Maharashtra,Nashik,Lasalgaon,Onion,Other,11/6/2019,6/11/2019,10369,970,1780,1370
Maharashtra,Nashik,Lasalgaon,Onion,Red,11/6/2019,6/11/2019,7030,1130,1790,1540
Maharashtra,Nashik,Lasalgaon,Onion,Other,12/6/2019,6/12/2019,5314,940,1540,1310
Maharashtra,Nashik,Lasalgaon,Onion,Red,12/6/2019,6/12/2019,6263,980,1880,1470
Maharashtra,Nashik,Lasalgaon,Onion,Other,13/06/2019,6/13/2019,7706,830,1770,1330
Maharashtra,Nashik,Lasalgaon,Onion,Red,13/06/2019,6/13/2019,7410,850,2040,1480
Maharashtra,Nashik,Lasalgaon,Onion,Other,14/06/2019,6/14/2019,7965,670,1430,1210
Maharashtra,Nashik,Lasalgaon,Onion,Red,14/06/2019,6/14/2019,8984,970,1740,1410
Maharashtra,Nashik,Lasalgaon,Onion,Other,15/06/2019,6/15/2019,7745,890,1890,1370
Maharashtra,Nashik,Lasalgaon,Onion,Red,15/06/2019,6/15/2019,6415,1010,1900,1580
Maharashtra,Nashik,Lasalgaon,Onion,Other,17/06/2019,6/17/2019,9559,800,1630,1330
Maharashtra,Nashik,Lasalgaon,Onion,Red,17/06/2019,6/17/2019,5664,910,1780,1470
Maharashtra,Nashik,Lasalgaon,Onion,Other,18/06/2019,6/18/2019,9073,830,1660,1300
Maharashtra,Nashik,Lasalgaon,Onion,Red,18/06/2019,6/18/2019,4898,1000,1990,1470
Maharashtra,Nashik,Lasalgaon,Onion,Other,19/06/2019,6/19/2019,6717,740,1550,1270
Maharashtra,Nashik,Lasalgaon,Onion,Red,19/06/2019,6/19/2019,7060,910,1820,1380
Maharashtra,Nashik,Lasalgaon,Onion,Other,20/06/2019,6/20/2019,4884,790,1660,1300
Maharashtra,Nashik,Lasalgaon,Onion,Red,20/06/2019,6/20/2019,10388,850,1880,1500
Maharashtra,Nashik,Lasalgaon,Onion,Other,21/06/2019,6/21/2019,8530,970,1800,1350
Maharashtra,Nashik,Lasalgaon,Onion,Red,21/06/2019,6/21/2019,5944,1090,1900,1520
Maharashtra,Nashik,Lasalgaon,Onion,Other,22/06/2019,6/22/2019,10199,1090,2130,1650
Maharashtra,Nashik,Lasalgaon,Onion,Red,22/06/2019,6/22/2019,8987,1380,2580,1890
Maharashtra,Nashik,Lasalgaon,Onion,Other,24/06/2019,6/24/2019,9271,1030,1830,1440
Maharashtra,Nashik,Lasalgaon,Onion,Red,24/06/2019,6/24/2019,9053,890,1860,1530
Maharashtra,Nashik,Lasalgaon,Onion,Other,25/06/2019,6/25/2019,9051,850,1750,1420
Maharashtra,Nashik,Lasalgaon,Onion,Red,25/06/2019,6/25/2019,5185,960,1990,1540
Maharashtra,Nashik,Lasalgaon,Onion,Other,26/06/2019,6/26/2019,5948,970,1900,1430
Maharashtra,Nashik,Lasalgaon,Onion,Red,26/06/2019,6/26/2019,7077,1200,2150,1650
Maharashtra,Nashik,Lasalgaon,Onion,Other,27/06/2019,6/27/2019,8972,880,1920,1420
Maharashtra,Nashik,Lasalgaon,Onion,Red,27/06/2019,6/27/2019,8843,1140,2040,1620
Maharashtra,Nashik,Lasalgaon,Onion,Other,28/06/2019,6/28/2019,6611,940,1940,1390
Maharashtra,Nashik,Lasalgaon,Onion,Red,28/06/2019,6/28/2019,7879,990,2030,1540
Maharashtra,Nashik,Lasalgaon,Onion,Other,29/06/2019,6/29/2019,9126,880,2200,1570
Maharashtra,Nashik,Lasalgaon,Onion,Red,29/06/2019,6/29/2019,9446,1290,2340,1790
Maharashtra,Nashik,Lasalgaon,Onion,Other,1/7/2019,7/1/2019,5060,1110,1840,1530
Maharashtra,Nashik,Lasalgaon,Onion,Red,1/7/2019,7/1/2019,5455,1190,2280,1680
Maharashtra,Nashik,Lasalgaon,Onion,Other,2/7/2019,7/2/2019,7051,1060,2200,1620
Maharashtra,Nashik,Lasalgaon,Onion,Red,2/7/2019,7/2/2019,7304,1090,2270,1860
Maharashtra,Nashik,Lasalgaon,Onion,Other,3/7/2019,7/3/2019,9083,1220,2240,1730
Maharashtra,Nashik,Lasalgaon,Onion,Red,3/7/2019,7/3/2019,9334,1140,2260,1940
Maharashtra,Nashik,Lasalgaon,Onion,Other,4/7/2019,7/4/2019,9836,1100,2010,1600
Maharashtra,Nashik,Lasalgaon,Onion,Red,4/7/2019,7/4/2019,6179,1090,2060,1790
Maharashtra,Nashik,Lasalgaon,Onion,Other,5/7/2019,7/5/2019,10274,950,1980,1450
Maharashtra,Nashik,Lasalgaon,Onion,Red,5/7/2019,7/5/2019,7777,1010,2120,1670
Maharashtra,Nashik,Lasalgaon,Onion,Other,6/7/2019,7/6/2019,4505,1080,1990,1730
Maharashtra,Nashik,Lasalgaon,Onion,Red,6/7/2019,7/6/2019,4475,1210,2400,1890
Maharashtra,Nashik,Lasalgaon,Onion,Other,8/7/2019,7/8/2019,5571,1040,1920,1570
Maharashtra,Nashik,Lasalgaon,Onion,Red,8/7/2019,7/8/2019,7533,1140,2180,1810
Maharashtra,Nashik,Lasalgaon,Onion,Other,9/7/2019,7/9/2019,8950,990,2250,1710
Maharashtra,Nashik,Lasalgaon,Onion,Red,9/7/2019,7/9/2019,4791,1050,2330,1840
Maharashtra,Nashik,Lasalgaon,Onion,Other,10/7/2019,7/10/2019,10185,1030,2000,1560
Maharashtra,Nashik,Lasalgaon,Onion,Red,10/7/2019,7/10/2019,6783,1180,2310,1780
Maharashtra,Nashik,Lasalgaon,Onion,Other,11/7/2019,7/11/2019,9208,1160,2470,1820
Maharashtra,Nashik,Lasalgaon,Onion,Red,11/7/2019,7/11/2019,5918,1180,2670,2010
Maharashtra,Nashik,Lasalgaon,Onion,Other,12/7/2019,7/12/2019,4515,1140,1990,1640
Maharashtra,Nashik,Lasalgaon,Onion,Red,12/7/2019,7/12/2019,5025,1240,2140,1790
Maharashtra,Nashik,Lasalgaon,Onion,Other,13/07/2019,7/13/2019,10239,1100,1980,1710
Maharashtra,Nashik,Lasalgaon,Onion,Red,13/07/2019,7/13/2019,6238,1280,2270,1840
Maharashtra,Nashik,Lasalgaon,Onion,Other,15/07/2019,7/15/2019,9111,1180,2440,2040
Maharashtra,Nashik,Lasalgaon,Onion,Red,15/07/2019,7/15/2019,8907,1340,2780,2230
Maharashtra,Nashik,Lasalgaon,Onion,Other,16/07/2019,7/16/2019,8868,1160,1950,1690
Maharashtra,Nashik,Lasalgaon,Onion,Red,16/07/2019,7/16/2019,9770,1270,2650,1960
Maharashtra,Nashik,Lasalgaon,Onion,Other,17/07/2019,7/17/2019,9882,1030,2110,1600
Maharashtra,Nashik,Lasalgaon,Onion,Red,17/07/2019,7/17/2019,9191,1060,2480,1800
Maharashtra,Nashik,Lasalgaon,Onion,Other,18/07/2019,7/18/2019,8010,1030,2200,1800
Maharashtra,Nashik,Lasalgaon,Onion,Red,18/07/2019,7/18/2019,7825,1420,2750,2000
Maharashtra,Nashik,Lasalgaon,Onion,Other,19/07/2019,7/19/2019,6402,1200,2150,1850
Maharashtra,Nashik,Lasalgaon,Onion,Red,19/07/2019,7/19/2019,6884,1190,2660,2030
Maharashtra,Nashik,Lasalgaon,Onion,Other,20/07/2019,7/20/2019,7683,1170,1900,1580
Maharashtra,Nashik,Lasalgaon,Onion,Red,20/07/2019,7/20/2019,9918,1230,2270,1760
Maharashtra,Nashik,Lasalgaon,Onion,Other,22/07/2019,7/22/2019,6042,1050,2420,1860
Maharashtra,Nashik,Lasalgaon,Onion,Red,22/07/2019,7/22/2019,7360,1140,2510,1950
Maharashtra,Nashik,Lasalgaon,Onion,Other,23/07/2019,7/23/2019,6967,1330,2370,1980
Maharashtra,Nashik,Lasalgaon,Onion,Red,23/07/2019,7/23/2019,6333,1520,2800,2190
Maharashtra,Nashik,Lasalgaon,Onion,Other,24/07/2019,7/24/2019,4640,1540,2750,2080
Maharashtra,Nashik,Lasalgaon,Onion,Red,24/07/2019,7/24/2019,4639,1440,3070,2230
Maharashtra,Nashik,Lasalgaon,Onion,Other,25/07/2019,7/25/2019,7751,1330,2650,2110
Maharashtra,Nashik,Lasalgaon,Onion,Red,25/07/2019,7/25/2019,7261,1640,2700,2330
Maharashtra,Nashik,Lasalgaon,Onion,Other,26/07/2019,7/26/2019,6232,1200,2460,1940
Maharashtra,Nashik,Lasalgaon,Onion,Red,26/07/2019,7/26/2019,4387,1210,2500,2110
Maharashtra,Nashik,Lasalgaon,Onion,Other,27/07/2019,7/27/2019,8332,1200,2900,2090
Maharashtra,Nashik,Lasalgaon,Onion,Red,27/07/2019,7/27/2019,8509,1590,3070,2340
Maharashtra,Nashik,Lasalgaon,Onion,Other,29/07/2019,7/29/2019,8946,1420,2660,2050
Maharashtra,Nashik,Lasalgaon,Onion,Red,29/07/2019,7/29/2019,7043,1260,2960,2240
Maharashtra,Nashik,Lasalgaon,Onion,Other,30/07/2019,7/30/2019,7230,1270,2580,1880
Maharashtra,Nashik,Lasalgaon,Onion,Red,30/07/2019,7/30/2019,4825,1460,2550,2040
Maharashtra,Nashik,Lasalgaon,Onion,Other,31/07/2019,7/31/2019,4639,1310,2530,1890
Maharashtra,Nashik,Lasalgaon,Onion,Red,31/07/2019,7/31/2019,7323,1220,2510,2060
Maharashtra,Nashik,Lasalgaon,Onion,Other,1/8/2019,8/1/2019,7112,1280,2770,2060
Maharashtra,Nashik,Lasalgaon,Onion,Red,1/8/2019,8/1/2019,6301,1280,2980,2230
Maharashtra,Nashik,Lasalgaon,Onion,Other,2/8/2019,8/2/2019,5624,1320,2500,2030
Maharashtra,Nashik,Lasalgaon,Onion,Red,2/8/2019,8/2/2019,8431,1380,2520,2180
Maharashtra,Nashik,Lasalgaon,Onion,Other,3/8/2019,8/3/2019,5198,1630,2910,2290
Maharashtra,Nashik,Lasalgaon,Onion,Red,3/8/2019,8/3/2019,5140,1820,3460,2610
Maharashtra,Nashik,Lasalgaon,Onion,Other,5/8/2019,8/5/2019,6560,1540,2660,2220
Maharashtra,Nashik,Lasalgaon,Onion,Red,5/8/2019,8/5/2019,7840,1410,3120,2500
Maharashtra,Nashik,Lasalgaon,Onion,Other,6/8/2019,8/6/2019,4557,1320,2710,1980
Maharashtra,Nashik,Lasalgaon,Onion,Red,6/8/2019,8/6/2019,8042,1350,2560,2150
Maharashtra,Nashik,Lasalgaon,Onion,Other,7/8/2019,8/7/2019,9249,1360,2690,2240
Maharashtra,Nashik,Lasalgaon,Onion,Red,7/8/2019,8/7/2019,4083,1360,3100,2460
Maharashtra,Nashik,Lasalgaon,Onion,Other,8/8/2019,8/8/2019,6168,1380,2660,2250
Maharashtra,Nashik,Lasalgaon,Onion,Red,8/8/2019,8/8/2019,6991,1550,3050,2270
Maharashtra,Nashik,Lasalgaon,Onion,Other,9/8/2019,8/9/2019,5639,1250,2450,2060
Maharashtra,Nashik,Lasalgaon,Onion,Red,9/8/2019,8/9/2019,7096,1380,2980,2330
Maharashtra,Nashik,Lasalgaon,Onion,Other,10/8/2019,8/10/2019,5411,1590,2910,2400
Maharashtra,Nashik,Lasalgaon,Onion,Red,10/8/2019,8/10/2019,7566,1520,3330,2720
Maharashtra,Nashik,Lasalgaon,Onion,Other,12/8/2019,8/12/2019,6071,1540,3190,2410
Maharashtra,Nashik,Lasalgaon,Onion,Red,12/8/2019,8/12/2019,6698,1600,3440,2750
Maharashtra,Nashik,Lasalgaon,Onion,Other,13/08/2019,8/13/2019,6046,1310,2320,2010
Maharashtra,Nashik,Lasalgaon,Onion,Red,13/08/2019,8/13/2019,6574,1610,2910,2250
Maharashtra,Nashik,Lasalgaon,Onion,Other,14/08/2019,8/14/2019,9524,1360,2950,2170
Maharashtra,Nashik,Lasalgaon,Onion,Red,14/08/2019,8/14/2019,8588,1510,2950,2360
Maharashtra,Nashik,Lasalgaon,Onion,Other,15/08/2019,8/15/2019,6704,1510,3390,2530
Maharashtra,Nashik,Lasalgaon,Onion,Red,15/08/2019,8/15/2019,4919,1900,3600,2680
Maharashtra,Nashik,Lasalgaon,Onion,Other,16/08/2019,8/16/2019,3982,1520,2940,2460
Maharashtra,Nashik,Lasalgaon,Onion,Red,16/08/2019,8/16/2019,6503,1800,3470,2810
Maharashtra,Nashik,Lasalgaon,Onion,Other,17/08/2019,8/17/2019,6577,1440,2890,2400
Maharashtra,Nashik,Lasalgaon,Onion,Red,17/08/2019,8/17/2019,5218,1730,3210,2670
Maharashtra,Nashik,Lasalgaon,Onion,Other,19/08/2019,8/19/2019,7747,1730,3110,2460
Maharashtra,Nashik,Lasalgaon,Onion,Red,19/08/2019,8/19/2019,8733,1880,3190,2690
Maharashtra,Nashik,Lasalgaon,Onion,Other,20/08/2019,8/20/2019,4810,1360,2740,2320
Maharashtra,Nashik,Lasalgaon,Onion,Red,20/08/2019,8/20/2019,7868,1850,3340,2640
Maharashtra,Nashik,Lasalgaon,Onion,Other,21/08/2019,8/21/2019,5581,1720,2880,2500
Maharashtra,Nashik,Lasalgaon,Onion,Red,21/08/2019,8/21/2019,3840,1970,3350,2900
Maharashtra,Nashik,Lasalgaon,Onion,Other,22/08/2019,8/22/2019,8134,1500,3280,2480
Maharashtra,Nashik,Lasalgaon,Onion,Red,22/08/2019,8/22/2019,8326,1740,3300,2850
Maharashtra,Nashik,Lasalgaon,Onion,Other,23/08/2019,8/23/2019,5261,1510,3120,2320
Maharashtra,Nashik,Lasalgaon,Onion,Red,23/08/2019,8/23/2019,9032,1560,3120,2580
Maharashtra,Nashik,Lasalgaon,Onion,Other,24/08/2019,8/24/2019,9060,1830,2960,2490
Maharashtra,Nashik,Lasalgaon,Onion,Red,24/08/2019,8/24/2019,4908,1990,3690,2690
Maharashtra,Nashik,Lasalgaon,Onion,Other,26/08/2019,8/26/2019,7755,1990,3180,2660
Maharashtra,Nashik,Lasalgaon,Onion,Red,26/08/2019,8/26/2019,5600,1880,3630,3040
Maharashtra,Nashik,Lasalgaon,Onion,Other,27/08/2019,8/27/2019,6080,1620,3440,2460
Maharashtra,Nashik,Lasalgaon,Onion,Red,27/08/2019,8/27/2019,5644,1920,3550,2860
Maharashtra,Nashik,Lasalgaon,Onion,Other,28/08/2019,8/28/2019,4374,1680,3420,2550
Maharashtra,Nashik,Lasalgaon,Onion,Red,28/08/2019,8/28/2019,3796,1700,3660,2870
Maharashtra,Nashik,Lasalgaon,Onion,Other,29/08/2019,8/29/2019,6621,1400,3070,2520
Maharashtra,Nashik,Lasalgaon,Onion,Red,29/08/2019,8/29/2019,7088,1800,3730,2700
Maharashtra,Nashik,Lasalgaon,Onion,Other,30/08/2019,8/30/2019,4529,1860,3150,2630
Maharashtra,Nashik,Lasalgaon,Onion,Red,30/08/2019,8/30/2019,7510,2010,3780,2930
Maharashtra,Nashik,Lasalgaon,Onion,Other,31/08/2019,8/31/2019,4430,1970,3390,2640
Maharashtra,Nashik,Lasalgaon,Onion,Red,31/08/2019,8/31/2019,7261,2200,3720,3070
Maharashtra,Nashik,Lasalgaon,Onion,Other,2/9/2019,9/2/2019,5043,2230,4210,3330
Maharashtra,Nashik,Lasalgaon,Onion,Red,2/9/2019,9/2/2019,6253,2320,4900,3740
Maharashtra,Nashik,Lasalgaon,Onion,Other,3/9/2019,9/3/2019,5763,2030,4210,3130
Maharashtra,Nashik,Lasalgaon,Onion,Red,3/9/2019,9/3/2019,6101,2340,4780,3560
Maharashtra,Nashik,Lasalgaon,Onion,Other,4/9/2019,9/4/2019,3787,2050,4930,3520
Maharashtra,Nashik,Lasalgaon,Onion,Red,4/9/2019,9/4/2019,3986,2170,5390,3920
Maharashtra,Nashik,Lasalgaon,Onion,Other,5/9/2019,9/5/2019,4550,2540,4920,3520
Maharashtra,Nashik,Lasalgaon,Onion,Red,5/9/2019,9/5/2019,4543,2770,4730,4010
Maharashtra,Nashik,Lasalgaon,Onion,Other,6/9/2019,9/6/2019,6367,2200,4200,3290
Maharashtra,Nashik,Lasalgaon,Onion,Red,6/9/2019,9/6/2019,5456,2820,4410,3790
Maharashtra,Nashik,Lasalgaon,Onion,Other,7/9/2019,9/7/2019,4859,1910,4350,3370
Maharashtra,Nashik,Lasalgaon,Onion,Red,7/9/2019,9/7/2019,5128,2260,5300,3890
Maharashtra,Nashik,Lasalgaon,Onion,Other,9/9/2019,9/9/2019,4871,2290,3740,3130
Maharashtra,Nashik,Lasalgaon,Onion,Red,9/9/2019,9/9/2019,4217,2270,4230,3480
Maharashtra,Nashik,Lasalgaon,Onion,Other,10/9/2019,9/10/2019,6759,1830,4050,3250
Maharashtra,Nashik,Lasalgaon,Onion,Red,10/9/2019,9/10/2019,5572,2420,4600,3660
Maharashtra,Nashik,Lasalgaon,Onion,Other,11/9/2019,9/11/2019,7110,1990,4680,3550
Maharashtra,Nashik,Lasalgaon,Onion,Red,11/9/2019,9/11/2019,4163,2810,4730,3950
Maharashtra,Nashik,Lasalgaon,Onion,Other,12/9/2019,9/12/2019,6670,2380,4450,3350
Maharashtra,Nashik,Lasalgaon,Onion,Red,12/9/2019,9/12/2019,5917,2150,5020,3770
Maharashtra,Nashik,Lasalgaon,Onion,Other,13/09/2019,9/13/2019,7384,1990,4430,3440
Maharashtra,Nashik,Lasalgaon,Onion,Red,13/09/2019,9/13/2019,3065,2410,5210,3830
Maharashtra,Nashik,Lasalgaon,Onion,Other,14/09/2019,9/14/2019,5163,2050,4680,3590
Maharashtra,Nashik,Lasalgaon,Onion,Red,14/09/2019,9/14/2019,3787,2950,4720,4000
Maharashtra,Nashik,Lasalgaon,Onion,Other,16/09/2019,9/16/2019,5965,2100,4740,3470
Maharashtra,Nashik,Lasalgaon,Onion,Red,16/09/2019,9/16/2019,3432,2580,4920,3840
Maharashtra,Nashik,Lasalgaon,Onion,Other,17/09/2019,9/17/2019,7323,2160,4420,3350
Maharashtra,Nashik,Lasalgaon,Onion,Red,17/09/2019,9/17/2019,3362,2600,5150,3720
Maharashtra,Nashik,Lasalgaon,Onion,Other,18/09/2019,9/18/2019,5753,2030,4000,3290
Maharashtra,Nashik,Lasalgaon,Onion,Red,18/09/2019,9/18/2019,6101,2300,4600,3600
Maharashtra,Nashik,Lasalgaon,Onion,Other,19/09/2019,9/19/2019,6909,1870,3970,3210
Maharashtra,Nashik,Lasalgaon,Onion,Red,19/09/2019,9/19/2019,4280,2480,4650,3530
Maharashtra,Nashik,Lasalgaon,Onion,Other,20/09/2019,9/20/2019,5073,2480,4940,3830
Maharashtra,Nashik,Lasalgaon,Onion,Red,20/09/2019,9/20/2019,2998,2990,6000,4510
Maharashtra,Nashik,Lasalgaon,Onion,Other,21/09/2019,9/21/2019,7620,1910,4740,3400
Maharashtra,Nashik,Lasalgaon,Onion,Red,21/09/2019,9/21/2019,3809,2160,4850,3850
Maharashtra,Nashik,Lasalgaon,Onion,Other,23/09/2019,9/23/2019,4530,2820,4980,3810
Maharashtra,Nashik,Lasalgaon,Onion,Red,23/09/2019,9/23/2019,6153,2860,5230,4260
Maharashtra,Nashik,Lasalgaon,Onion,Other,24/09/2019,9/24/2019,3373,2200,4370,3580
Maharashtra,Nashik,Lasalgaon,Onion,Red,24/09/2019,9/24/2019,4118,2940,5200,4120
Maharashtra,Nashik,Lasalgaon,Onion,Other,25/09/2019,9/25/2019,6731,2200,5220,3830
Maharashtra,Nashik,Lasalgaon,Onion,Red,25/09/2019,9/25/2019,3568,3160,5340,4280
Maharashtra,Nashik,Lasalgaon,Onion,Other,26/09/2019,9/26/2019,5659,1890,4210,3230
Maharashtra,Nashik,Lasalgaon,Onion,Red,26/09/2019,9/26/2019,6087,2540,4070,3510
Maharashtra,Nashik,Lasalgaon,Onion,Other,27/09/2019,9/27/2019,7017,2710,4960,3720
Maharashtra,Nashik,Lasalgaon,Onion,Red,27/09/2019,9/27/2019,2833,2620,5430,4260
Maharashtra,Nashik,Lasalgaon,Onion,Other,28/09/2019,9/28/2019,7261,2050,4050,3500
Maharashtra,Nashik,Lasalgaon,Onion,Red,28/09/2019,9/28/2019,3646,2140,5170,3880
Maharashtra,Nashik,Lasalgaon,Onion,Other,30/09/2019,9/30/2019,6622,2120,5380,3850
Maharashtra,Nashik,Lasalgaon,Onion,Red,30/09/2019,9/30/2019,3876,3240,5850,4450
Maharashtra,Nashik,Lasalgaon,Onion,Other,1/10/2019,10/1/2019,5727,3040,5390,4580
Maharashtra,Nashik,Lasalgaon,Onion,Red,1/10/2019,10/1/2019,3744,3020,6290,5220
Maharashtra,Nashik,Lasalgaon,Onion,Other,2/10/2019,10/2/2019,4805,2890,5580,4850
Maharashtra,Nashik,Lasalgaon,Onion,Red,2/10/2019,10/2/2019,3027,4200,7610,5630
Maharashtra,Nashik,Lasalgaon,Onion,Other,3/10/2019,10/3/2019,4050,3030,5870,4630
Maharashtra,Nashik,Lasalgaon,Onion,Red,3/10/2019,10/3/2019,2978,3740,6790,5300
Maharashtra,Nashik,Lasalgaon,Onion,Other,4/10/2019,10/4/2019,5281,2480,5620,4280
Maharashtra,Nashik,Lasalgaon,Onion,Red,4/10/2019,10/4/2019,5241,3400,6190,4850
Maharashtra,Nashik,Lasalgaon,Onion,Other,5/10/2019,10/5/2019,3507,3200,5230,4290
Maharashtra,Nashik,Lasalgaon,Onion,Red,5/10/2019,10/5/2019,5389,3150,5740,4930
Maharashtra,Nashik,Lasalgaon,Onion,Other,7/10/2019,10/7/2019,2342,3450,6460,5070
Maharashtra,Nashik,Lasalgaon,Onion,Red,7/10/2019,10/7/2019,2539,4030,7970,6000
Maharashtra,Nashik,Lasalgaon,Onion,Other,8/10/2019,10/8/2019,3952,2660,5320,4470
Maharashtra,Nashik,Lasalgaon,Onion,Red,8/10/2019,10/8/2019,3352,3670,6930,5110
Maharashtra,Nashik,Lasalgaon,Onion,Other,9/10/2019,10/9/2019,5051,3080,6130,5140
Maharashtra,Nashik,Lasalgaon,Onion,Red,9/10/2019,10/9/2019,2501,3950,8170,5860
Maharashtra,Nashik,Lasalgaon,Onion,Other,10/10/2019,10/10/2019,3824,2660,5640,4410
Maharashtra,Nashik,Lasalgaon,Onion,Red,10/10/2019,10/10/2019,2374,2940,6130,5040
Maharashtra,Nashik,Lasalgaon,Onion,Other,11/10/2019,10/11/2019,2853,2660,5570,4670
Maharashtra,Nashik,Lasalgaon,Onion,Red,11/10/2019,10/11/2019,3935,3700,6450,5500
Maharashtra,Nashik,Lasalgaon,Onion,Other,12/10/2019,10/12/2019,4039,2700,6480,4780
Maharashtra,Nashik,Lasalgaon,Onion,Red,12/10/2019,10/12/2019,3821,3910,7070,5440
Maharashtra,Nashik,Lasalgaon,Onion,Other,14/10/2019,10/14/2019,3046,2500,5180,4490
Maharashtra,Nashik,Lasalgaon,Onion,Red,14/10/2019,10/14/2019,3616,3620,6880,5320
Maharashtra,Nashik,Lasalgaon,Onion,Other,15/10/2019,10/15/2019,4601,3440,5840,4670
Maharashtra,Nashik,Lasalgaon,Onion,Red,15/10/2019,10/15/2019,3689,3650,6950,5170
Maharashtra,Nashik,Lasalgaon,Onion,Other,16/10/2019,10/16/2019,3520,3340,5560,4590
Maharashtra,Nashik,Lasalgaon,Onion,Red,16/10/2019,10/16/2019,3269,2960,7130,5290
Maharashtra,Nashik,Lasalgaon,Onion,Other,17/10/2019,10/17/2019,4592,3270,6070,4470
Maharashtra,Nashik,Lasalgaon,Onion,Red,17/10/2019,10/17/2019,3579,3300,6230,4910
Maharashtra,Nashik,Lasalgaon,Onion,Other,18/10/2019,10/18/2019,4805,2710,5270,4170
Maharashtra,Nashik,Lasalgaon,Onion,Red,18/10/2019,10/18/2019,3426,2630,5810,4550
Maharashtra,Nashik,Lasalgaon,Onion,Other,19/10/2019,10/19/2019,4934,3070,6060,4550
Maharashtra,Nashik,Lasalgaon,Onion,Red,19/10/2019,10/19/2019,3144,3420,6610,5300
Maharashtra,Nashik,Lasalgaon,Onion,Other,21/10/2019,10/21/2019,3113,3340,6340,4630
Maharashtra,Nashik,Lasalgaon,Onion,Red,21/10/2019,10/21/2019,2750,3180,7200,5500
Maharashtra,Nashik,Lasalgaon,Onion,Other,22/10/2019,10/22/2019,3974,2900,5940,4920
Maharashtra,Nashik,Lasalgaon,Onion,Red,22/10/2019,10/22/2019,2690,3290,6900,5620
Maharashtra,Nashik,Lasalgaon,Onion,Other,23/10/2019,10/23/2019,2701,3200,5390,4530
Maharashtra,Nashik,Lasalgaon,Onion,Red,23/10/2019,10/23/2019,3304,3380,6970,5000
Maharashtra,Nashik,Lasalgaon,Onion,Other,24/10/2019,10/24/2019,4569,3430,6310,4690
Maharashtra,Nashik,Lasalgaon,Onion,Red,24/10/2019,10/24/2019,2489,3130,6570,5110
Maharashtra,Nashik,Lasalgaon,Onion,Other,25/10/2019,10/25/2019,2382,3680,6020,4950
Maharashtra,Nashik,Lasalgaon,Onion,Red,25/10/2019,10/25/2019,3772,3750,7540,5690
Maharashtra,Nashik,Lasalgaon,Onion,Other,26/10/2019,10/26/2019,5701,2900,5490,4450
Maharashtra,Nashik,Lasalgaon,Onion,Red,26/10/2019,10/26/2019,4207,3150,6580,4880
Maharashtra,Nashik,Lasalgaon,Onion,Other,28/10/2019,10/28/2019,4634,3160,5380,4410
Maharashtra,Nashik,Lasalgaon,Onion,Red,28/10/2019,10/28/2019,3180,3020,6460,5090
Maharashtra,Nashik,Lasalgaon,Onion,Other,29/10/2019,10/29/2019,4785,3520,5450,4720
Maharashtra,Nashik,Lasalgaon,Onion,Red,29/10/2019,10/29/2019,3310,3130,6040,5210
Maharashtra,Nashik,Lasalgaon,Onion,Other,30/10/2019,10/30/2019,4879,3330,5380,4600
Maharashtra,Nashik,Lasalgaon,Onion,Red,30/10/2019,10/30/2019,4412,3780,7260,5510
Maharashtra,Nashik,Lasalgaon,Onion,Other,31/10/2019,10/31/2019,4544,2400,4940,3920
Maharashtra,Nashik,Lasalgaon,Onion,Red,31/10/2019,10/31/2019,3072,2740,6010,4310
Maharashtra,Nashik,Lasalgaon,Onion,Other,1/11/2019,11/1/2019,2260,4150,8360,6160
Maharashtra,Nashik,Lasalgaon,Onion,Red,1/11/2019,11/1/2019,1408,4480,8830,7050
Maharashtra,Nashik,Lasalgaon,Onion,Other,2/11/2019,11/2/2019,2959,3930,6910,5830
Maharashtra,Nashik,Lasalgaon,Onion,Red,2/11/2019,11/2/2019,2478,3580,7990,6500
Maharashtra,Nashik,Lasalgaon,Onion,Other,4/11/2019,11/4/2019,1535,4550,7780,6280
Maharashtra,Nashik,Lasalgaon,Onion,Red,4/11/2019,11/4/2019,1994,5050,9680,7030
Maharashtra,Nashik,Lasalgaon,Onion,Other,5/11/2019,11/5/2019,2981,4700,7770,6430
Maharashtra,Nashik,Lasalgaon,Onion,Red,5/11/2019,11/5/2019,1318,4290,9780,7020
Maharashtra,Nashik,Lasalgaon,Onion,Other,6/11/2019,11/6/2019,2924,4000,7460,6190
Maharashtra,Nashik,Lasalgaon,Onion,Red,6/11/2019,11/6/2019,1062,4280,9370,7270
Maharashtra,Nashik,Lasalgaon,Onion,Other,7/11/2019,11/7/2019,2876,3690,7050,5840
Maharashtra,Nashik,Lasalgaon,Onion,Red,7/11/2019,11/7/2019,2414,4640,8510,6410
Maharashtra,Nashik,Lasalgaon,Onion,Other,8/11/2019,11/8/2019,2053,3580,8270,6140
Maharashtra,Nashik,Lasalgaon,Onion,Red,8/11/2019,11/8/2019,2396,4290,8390,6780
Maharashtra,Nashik,Lasalgaon,Onion,Other,9/11/2019,11/9/2019,3470,3520,8080,6090
Maharashtra,Nashik,Lasalgaon,Onion,Red,9/11/2019,11/9/2019,2705,4230,8440,6640
Maharashtra,Nashik,Lasalgaon,Onion,Other,11/11/2019,11/11/2019,2355,3560,7070,5350
Maharashtra,Nashik,Lasalgaon,Onion,Red,11/11/2019,11/11/2019,1449,4620,8150,6470
Maharashtra,Nashik,Lasalgaon,Onion,Other,12/11/2019,11/12/2019,3877,3290,7550,5770
Maharashtra,Nashik,Lasalgaon,Onion,Red,12/11/2019,11/12/2019,2552,4860,9280,6680
Maharashtra,Nashik,Lasalgaon,Onion,Other,13/11/2019,11/13/2019,2652,3870,7510,5770
Maharashtra,Nashik,Lasalgaon,Onion,Red,13/11/2019,11/13/2019,1938,4870,8500,6660
Maharashtra,Nashik,Lasalgaon,Onion,Other,14/11/2019,11/14/2019,3513,3470,7560,5920
Maharashtra,Nashik,Lasalgaon,Onion,Red,14/11/2019,11/14/2019,2339,4690,8960,6650
Maharashtra,Nashik,Lasalgaon,Onion,Other,15/11/2019,11/15/2019,1831,4450,7320,6110
Maharashtra,Nashik,Lasalgaon,Onion,Red,15/11/2019,11/15/2019,2477,5040,9250,6760
Maharashtra,Nashik,Lasalgaon,Onion,Other,16/11/2019,11/16/2019,1807,4010,7600,5910
Maharashtra,Nashik,Lasalgaon,Onion,Red,16/11/2019,11/16/2019,2070,4750,8670,6790
Maharashtra,Nashik,Lasalgaon,Onion,Other,18/11/2019,11/18/2019,3193,2620,5460,4480
Maharashtra,Nashik,Lasalgaon,Onion,Red,18/11/2019,11/18/2019,2617,3050,7220,5180
Maharashtra,Nashik,Lasalgaon,Onion,Other,19/11/2019,11/19/2019,3346,4040,7140,6010
Maharashtra,Nashik,Lasalgaon,Onion,Red,19/11/2019,11/19/2019,1849,4560,7790,6450
Maharashtra,Nashik,Lasalgaon,Onion,Other,20/11/2019,11/20/2019,2378,3540,7210,5590
Maharashtra,Nashik,Lasalgaon,Onion,Red,20/11/2019,11/20/2019,2060,4030,8190,6300
Maharashtra,Nashik,Lasalgaon,Onion,Other,21/11/2019,11/21/2019,1910,3640,8060,5930
Maharashtra,Nashik,Lasalgaon,Onion,Red,21/11/2019,11/21/2019,1285,4820,7980,6720
Maharashtra,Nashik,Lasalgaon,Onion,Other,22/11/2019,11/22/2019,2658,4070,6900,5560
Maharashtra,Nashik,Lasalgaon,Onion,Red,22/11/2019,11/22/2019,1804,4290,8340,6600
Maharashtra,Nashik,Lasalgaon,Onion,Other,23/11/2019,11/23/2019,2176,4350,8420,6040
Maharashtra,Nashik,Lasalgaon,Onion,Red,23/11/2019,11/23/2019,1963,4790,8630,6910
Maharashtra,Nashik,Lasalgaon,Onion,Other,25/11/2019,11/25/2019,3867,3960,7910,5700
Maharashtra,Nashik,Lasalgaon,Onion,Red,25/11/2019,11/25/2019,2227,4660,8630,6380
Maharashtra,Nashik,Lasalgaon,Onion,Other,26/11/2019,11/26/2019,3438,2970,6860,5360
Maharashtra,Nashik,Lasalgaon,Onion,Red,26/11/2019,11/26/2019,3937,3790,8060,5780
Maharashtra,Nashik,Lasalgaon,Onion,Other,27/11/2019,11/27/2019,4146,3450,6730,5430
Maharashtra,Nashik,Lasalgaon,Onion,Red,27/11/2019,11/27/2019,3615,3870,7640,5910
Maharashtra,Nashik,Lasalgaon,Onion,Other,28/11/2019,11/28/2019,2797,3760,6830,5430
Maharashtra,Nashik,Lasalgaon,Onion,Red,28/11/2019,11/28/2019,2289,3430,7790,6120
Maharashtra,Nashik,Lasalgaon,Onion,Other,29/11/2019,11/29/2019,1894,4070,7000,5780
Maharashtra,Nashik,Lasalgaon,Onion,Red,29/11/2019,11/29/2019,3241,4530,7250,6290
Maharashtra,Nashik,Lasalgaon,Onion,Other,30/11/2019,11/30/2019,3020,2990,5750,4990
Maharashtra,Nashik,Lasalgaon,Onion,Red,30/11/2019,11/30/2019,2204,3320,7480,5740
Maharashtra,Nashik,Lasalgaon,Onion,Other,2/12/2019,12/2/2019,632,4610,8750,7560
Maharashtra,Nashik,Lasalgaon,Onion,Red,2/12/2019,12/2/2019,200,4800,11530,8640
Maharashtra,Nashik,Lasalgaon,Onion,Other,3/12/2019,12/3/2019,2643,4110,8210,6420
Maharashtra,Nashik,Lasalgaon,Onion,Red,3/12/2019,12/3/2019,1175,4510,8800,7450
Maharashtra,Nashik,Lasalgaon,Onion,Other,4/12/2019,12/4/2019,2668,4250,7970,6260
Maharashtra,Nashik,Lasalgaon,Onion,Red,4/12/2019,12/4/2019,2335,4380,8880,6650
Maharashtra,Nashik,Lasalgaon,Onion,Other,5/12/2019,12/5/2019,1272,5240,9090,7230
Maharashtra,Nashik,Lasalgaon,Onion,Red,5/12/2019,12/5/2019,211,5750,10590,8180
Maharashtra,Nashik,Lasalgaon,Onion,Other,6/12/2019,12/6/2019,2054,4990,7840,6740
Maharashtra,Nashik,Lasalgaon,Onion,Red,6/12/2019,12/6/2019,564,4900,9510,7710
Maharashtra,Nashik,Lasalgaon,Onion,Other,7/12/2019,12/7/2019,3199,3440,7860,6030
Maharashtra,Nashik,Lasalgaon,Onion,Red,7/12/2019,12/7/2019,1248,5100,9970,7250
Maharashtra,Nashik,Lasalgaon,Onion,Other,9/12/2019,12/9/2019,2908,3810,7480,5980
Maharashtra,Nashik,Lasalgaon,Onion,Red,9/12/2019,12/9/2019,2065,4410,8840,6610
Maharashtra,Nashik,Lasalgaon,Onion,Other,10/12/2019,12/10/2019,3215,3460,8210,6190
Maharashtra,Nashik,Lasalgaon,Onion,Red,10/12/2019,12/10/2019,1867,4390,9520,6890
Maharashtra,Nashik,Lasalgaon,Onion,Other,11/12/2019,12/11/2019,2744,4020,8160,6590
Maharashtra,Nashik,Lasalgaon,Onion,Red,11/12/2019,12/11/2019,1472,5450,10400,7460
Maharashtra,Nashik,Lasalgaon,Onion,Other,12/12/2019,12/12/2019,2423,3930,8690,6220
Maharashtra,Nashik,Lasalgaon,Onion,Red,12/12/2019,12/12/2019,1455,4580,8890,6930
Maharashtra,Nashik,Lasalgaon,Onion,Other,13/12/2019,12/13/2019,2543,4220,7810,5980
Maharashtra,Nashik,Lasalgaon,Onion,Red,13/12/2019,12/13/2019,2198,4060,9220,6750
Maharashtra,Nashik,Lasalgaon,Onion,Other,14/12/2019,12/14/2019,1331,3900,8720,6870
Maharashtra,Nashik,Lasalgaon,Onion,Red,14/12/2019,12/14/2019,852,4670,10380,7890
Maharashtra,Nashik,Lasalgaon,Onion,Other,16/12/2019,12/16/2019,3906,3740,7530,5510
Maharashtra,Nashik,Lasalgaon,Onion,Red,16/12/2019,12/16/2019,3136,4410,7830,6100
Maharashtra,Nashik,Lasalgaon,Onion,Other,17/12/2019,12/17/2019,3949,3640,7410,5800
Maharashtra,Nashik,Lasalgaon,Onion,Red,17/12/2019,12/17/2019,1732,4590,7500,6340
Maharashtra,Nashik,Lasalgaon,Onion,Other,18/12/2019,12/18/2019,4615,3640,7440,5410
Maharashtra,Nashik,Lasalgaon,Onion,Red,18/12/2019,12/18/2019,2876,4020,8030,5910
Maharashtra,Nashik,Lasalgaon,Onion,Other,19/12/2019,12/19/2019,2204,3890,7860,5890
Maharashtra,Nashik,Lasalgaon,Onion,Red,19/12/2019,12/19/2019,3208,3950,7860,6340
Maharashtra,Nashik,Lasalgaon,Onion,Other,20/12/2019,12/20/2019,2481,4440,7720,6340
Maharashtra,Nashik,Lasalgaon,Onion,Red,20/12/2019,12/20/2019,2137,5130,8930,7040
Maharashtra,Nashik,Lasalgaon,Onion,Other,21/12/2019,12/21/2019,2749,3650,8070,5830
Maharashtra,Nashik,Lasalgaon,Onion,Red,21/12/2019,12/21/2019,2016,4430,8490,6730
Maharashtra,Nashik,Lasalgaon,Onion,Other,23/12/2019,12/23/2019,3573,3950,6860,5440
Maharashtra,Nashik,Lasalgaon,Onion,Red,23/12/2019,12/23/2019,2087,3520,7010,6090
Maharashtra,Nashik,Lasalgaon,Onion,Other,24/12/2019,12/24/2019,2573,3960,6510,5410
Maharashtra,Nashik,Lasalgaon,Onion,Red,24/12/2019,12/24/2019,3164,3580,7050,6110
Maharashtra,Nashik,Lasalgaon,Onion,Other,25/12/2019,12/25/2019,3045,3320,6910,5650
Maharashtra,Nashik,Lasalgaon,Onion,Red,25/12/2019,12/25/2019,2585,4810,7870,6490
Maharashtra,Nashik,Lasalgaon,Onion,Other,26/12/2019,12/26/2019,4842,3160,5750,4920
Maharashtra,Nashik,Lasalgaon,Onion,Red,26/12/2019,12/26/2019,2191,3250,7230,5430
Maharashtra,Nashik,Lasalgaon,Onion,Other,27/12/2019,12/27/2019,3852,4100,7000,5510
Maharashtra,Nashik,Lasalgaon,Onion,Red,27/12/2019,12/27/2019,2376,3870,7420,6210
Maharashtra,Nashik,Lasalgaon,Onion,Other,28/12/2019,12/28/2019,3732,3700,7030,5470
Maharashtra,Nashik,Lasalgaon,Onion,Red,28/12/2019,12/28/2019,2266,3430,7720,5990
Maharashtra,Nashik,Lasalgaon,Onion,Other,30/12/2019,12/30/2019,4329,2780,6090,5030
Maharashtra,Nashik,Lasalgaon,Onion,Red,30/12/2019,12/30/2019,4227,3300,7080,5540
Maharashtra,Nashik,Lasalgaon,Onion,Other,31/12/2019,12/31/2019,2841,3120,6310,4990
Maharashtra,Nashik,Lasalgaon,Onion,Red,31/12/2019,12/31/2019,3726,3940,7230,5830
Maharashtra,Nashik,Lasalgaon,Onion,Other,1/1/2020,1/1/2020,6504,2260,4360,3630
Maharashtra,Nashik,Lasalgaon,Onion,Red,1/1/2020,1/1/2020,,1051,4600,3801
Maharashtra,Nashik,Lasalgaon,Onion,Red,1/1/2020,1/1/2020,3546,2730,5080,4210
Maharashtra,Nashik,Lasalgaon,Onion,Other,2/1/2020,1/2/2020,5195,2120,4570,3560
Maharashtra,Nashik,Lasalgaon,Onion,Red,2/1/2020,1/2/2020,,1200,5031,4351
Maharashtra,Nashik,Lasalgaon,Onion,Red,2/1/2020,1/2/2020,6467,2620,5380,3930
Maharashtra,Nashik,Lasalgaon,Onion,Other,3/1/2020,1/3/2020,5872,2140,4380,3370
Maharashtra,Nashik,Lasalgaon,Onion,Red,3/1/2020,1/3/2020,,1200,4799,4251
Maharashtra,Nashik,Lasalgaon,Onion,Red,3/1/2020,1/3/2020,5779,2560,4480,3770
Maharashtra,Nashik,Lasalgaon,Onion,Other,4/1/2020,1/4/2020,3477,2170,4670,3520
Maharashtra,Nashik,Lasalgaon,Onion,Red,4/1/2020,1/4/2020,,1400,4575,4000
Maharashtra,Nashik,Lasalgaon,Onion,Red,4/1/2020,1/4/2020,3965,2440,5120,3860
Maharashtra,Nashik,Lasalgaon,Onion,Other,6/1/2020,1/6/2020,5458,2300,4260,3440
Maharashtra,Nashik,Lasalgaon,Onion,Red,6/1/2020,1/6/2020,5726,2660,5040,3980
Maharashtra,Nashik,Lasalgaon,Onion,Other,7/1/2020,1/7/2020,5034,1790,3490,3030
Maharashtra,Nashik,Lasalgaon,Onion,Red,7/1/2020,1/7/2020,,1301,4752,4300
Maharashtra,Nashik,Lasalgaon,Onion,Red,7/1/2020,1/7/2020,4285,2350,4530,3360
Maharashtra,Nashik,Lasalgaon,Onion,Other,8/1/2020,1/8/2020,6741,2400,4330,3270
Maharashtra,Nashik,Lasalgaon,Onion,Red,8/1/2020,1/8/2020,,1200,4650,3651
Maharashtra,Nashik,Lasalgaon,Onion,Red,8/1/2020,1/8/2020,3180,2110,4480,3710
Maharashtra,Nashik,Lasalgaon,Onion,Other,9/1/2020,1/9/2020,,1500,4342,3500
Maharashtra,Nashik,Lasalgaon,Onion,Other,9/1/2020,1/9/2020,7489,2160,3770,3050
Maharashtra,Nashik,Lasalgaon,Onion,Red,9/1/2020,1/9/2020,,1500,4342,3200
Maharashtra,Nashik,Lasalgaon,Onion,Red,9/1/2020,1/9/2020,4735,2040,4220,3540
Maharashtra,Nashik,Lasalgaon,Onion,Other,10/1/2020,1/10/2020,5439,2010,3360,2860
Maharashtra,Nashik,Lasalgaon,Onion,Red,10/1/2020,1/10/2020,,1000,3540,2700
Maharashtra,Nashik,Lasalgaon,Onion,Red,10/1/2020,1/10/2020,7972,2240,3640,3120
Maharashtra,Nashik,Lasalgaon,Onion,Other,11/1/2020,1/11/2020,6715,2110,3890,3000
Maharashtra,Nashik,Lasalgaon,Onion,Red,11/1/2020,1/11/2020,7304,2260,3810,3230
Maharashtra,Nashik,Lasalgaon,Onion,Other,13/01/2020,1/13/2020,4399,2340,4260,3220
Maharashtra,Nashik,Lasalgaon,Onion,Red,13/01/2020,1/13/2020,,1500,3195,2800
Maharashtra,Nashik,Lasalgaon,Onion,Red,13/01/2020,1/13/2020,3332,2400,4800,3770
Maharashtra,Nashik,Lasalgaon,Onion,Other,14/01/2020,1/14/2020,7602,1710,4250,3080
Maharashtra,Nashik,Lasalgaon,Onion,Red,14/01/2020,1/14/2020,,1200,3800,3351
Maharashtra,Nashik,Lasalgaon,Onion,Red,14/01/2020,1/14/2020,3722,2370,4370,3620
Maharashtra,Nashik,Lasalgaon,Onion,Other,15/01/2020,1/15/2020,6626,1820,3880,2790
Maharashtra,Nashik,Lasalgaon,Onion,Red,15/01/2020,1/15/2020,,1151,3900,3460
Maharashtra,Nashik,Lasalgaon,Onion,Red,15/01/2020,1/15/2020,5836,2230,4020,3060
Maharashtra,Nashik,Lasalgaon,Onion,Other,16/01/2020,1/16/2020,4248,2160,3650,2980
Maharashtra,Nashik,Lasalgaon,Onion,Red,16/01/2020,1/16/2020,7259,2480,4460,3440
Maharashtra,Nashik,Lasalgaon,Onion,Other,17/01/2020,1/17/2020,5371,1720,3430,2550
Maharashtra,Nashik,Lasalgaon,Onion,Red,17/01/2020,1/17/2020,,1200,3720,3451
Maharashtra,Nashik,Lasalgaon,Onion,Red,17/01/2020,1/17/2020,4376,1890,3790,2850
Maharashtra,Nashik,Lasalgaon,Onion,Other,18/01/2020,1/18/2020,4133,2220,3710,3000
Maharashtra,Nashik,Lasalgaon,Onion,Red,18/01/2020,1/18/2020,,1500,4000,3551
Maharashtra,Nashik,Lasalgaon,Onion,Red,18/01/2020,1/18/2020,7570,2260,4070,3470
Maharashtra,Nashik,Lasalgaon,Onion,Other,20/01/2020,1/20/2020,7041,1400,3240,2480
Maharashtra,Nashik,Lasalgaon,Onion,Red,20/01/2020,1/20/2020,,1301,4855,4051
Maharashtra,Nashik,Lasalgaon,Onion,Red,20/01/2020,1/20/2020,5253,1700,3870,2810
Maharashtra,Nashik,Lasalgaon,Onion,Other,21/01/2020,1/21/2020,5267,1800,4360,3150
Maharashtra,Nashik,Lasalgaon,Onion,Red,21/01/2020,1/21/2020,,1300,4223,3801
Maharashtra,Nashik,Lasalgaon,Onion,Red,21/01/2020,1/21/2020,6110,1880,4150,3330
Maharashtra,Nashik,Lasalgaon,Onion,Other,22/01/2020,1/22/2020,7378,1750,3820,3130
Maharashtra,Nashik,Lasalgaon,Onion,Red,22/01/2020,1/22/2020,,1300,4107,3700
Maharashtra,Nashik,Lasalgaon,Onion,Red,22/01/2020,1/22/2020,3677,1990,4790,3510
Maharashtra,Nashik,Lasalgaon,Onion,Other,23/01/2020,1/23/2020,4146,1810,3200,2700
Maharashtra,Nashik,Lasalgaon,Onion,Red,23/01/2020,1/23/2020,,1251,3815,3500
Maharashtra,Nashik,Lasalgaon,Onion,Red,23/01/2020,1/23/2020,5023,1840,3670,3100
Maharashtra,Nashik,Lasalgaon,Onion,Other,24/01/2020,1/24/2020,6352,2240,4150,3160
Maharashtra,Nashik,Lasalgaon,Onion,Red,24/01/2020,1/24/2020,5014,2260,4540,3580
Maharashtra,Nashik,Lasalgaon,Onion,Other,25/01/2020,1/25/2020,4897,1450,3450,2630
Maharashtra,Nashik,Lasalgaon,Onion,Red,25/01/2020,1/25/2020,3989,2180,4080,2990
Maharashtra,Nashik,Lasalgaon,Onion,Other,27/01/2020,1/27/2020,7529,1770,3210,2640
Maharashtra,Nashik,Lasalgaon,Onion,Red,27/01/2020,1/27/2020,,1500,2930,2500
Maharashtra,Nashik,Lasalgaon,Onion,Red,27/01/2020,1/27/2020,3816,1920,3540,2880
Maharashtra,Nashik,Lasalgaon,Onion,Other,28/01/2020,1/28/2020,6998,1780,3120,2480
Maharashtra,Nashik,Lasalgaon,Onion,Red,28/01/2020,1/28/2020,,1100,2990,2680
Maharashtra,Nashik,Lasalgaon,Onion,Red,28/01/2020,1/28/2020,5569,2050,3870,2830
Maharashtra,Nashik,Lasalgaon,Onion,Other,29/01/2020,1/29/2020,8434,1700,3210,2680
Maharashtra,Nashik,Lasalgaon,Onion,Red,29/01/2020,1/29/2020,,1100,2991,2750
Maharashtra,Nashik,Lasalgaon,Onion,Red,29/01/2020,1/29/2020,3750,1730,3400,2940
Maharashtra,Nashik,Lasalgaon,Onion,Other,30/01/2020,1/30/2020,5458,1700,3410,2780
Maharashtra,Nashik,Lasalgaon,Onion,Red,30/01/2020,1/30/2020,,1300,3026,2700
Maharashtra,Nashik,Lasalgaon,Onion,Red,30/01/2020,1/30/2020,7791,2200,3730,3200
Maharashtra,Nashik,Lasalgaon,Onion,Other,31/01/2020,1/31/2020,8412,1540,3030,2590
Maharashtra,Nashik,Lasalgaon,Onion,Red,31/01/2020,1/31/2020,,1200,2932,2600
Maharashtra,Nashik,Lasalgaon,Onion,Red,31/01/2020,1/31/2020,7186,2060,3570,2850
Maharashtra,Nashik,Lasalgaon,Onion,Other,1/2/2020,2/1/2020,7613,900,1890,1470
Maharashtra,Nashik,Lasalgaon,Onion,Red,1/2/2020,2/1/2020,,1250,2847,2501
Maharashtra,Nashik,Lasalgaon,Onion,Red,1/2/2020,2/1/2020,5491,1030,2280,1660
Maharashtra,Nashik,Lasalgaon,Onion,Other,3/2/2020,2/3/2020,7130,930,1640,1370
Maharashtra,Nashik,Lasalgaon,Onion,Red,3/2/2020,2/3/2020,,1100,2637,2250
Maharashtra,Nashik,Lasalgaon,Onion,Red,3/2/2020,2/3/2020,8728,1100,1800,1480
Maharashtra,Nashik,Lasalgaon,Onion,Other,4/2/2020,2/4/2020,7624,960,1730,1300
Maharashtra,Nashik,Lasalgaon,Onion,Red,4/2/2020,2/4/2020,,900,2152,1800
Maharashtra,Nashik,Lasalgaon,Onion,Red,4/2/2020,2/4/2020,8212,1010,2010,1520
Maharashtra,Nashik,Lasalgaon,Onion,Other,5/2/2020,2/5/2020,4979,780,1550,1290
Maharashtra,Nashik,Lasalgaon,Onion,Red,5/2/2020,2/5/2020,,1000,1999,1770
Maharashtra,Nashik,Lasalgaon,Onion,Red,5/2/2020,2/5/2020,8802,820,2020,1470
Maharashtra,Nashik,Lasalgaon,Onion,Other,6/2/2020,2/6/2020,10114,1000,1760,1380
Maharashtra,Nashik,Lasalgaon,Onion,Red,6/2/2020,2/6/2020,,1000,2068,1740
Maharashtra,Nashik,Lasalgaon,Onion,Red,6/2/2020,2/6/2020,8749,1000,2230,1610
Maharashtra,Nashik,Lasalgaon,Onion,Other,7/2/2020,2/7/2020,8454,860,1550,1310
Maharashtra,Nashik,Lasalgaon,Onion,Red,7/2/2020,2/7/2020,,900,1902,1600
Maharashtra,Nashik,Lasalgaon,Onion,Red,7/2/2020,2/7/2020,10557,860,1630,1410
Maharashtra,Nashik,Lasalgaon,Onion,Other,8/2/2020,2/8/2020,7937,910,1650,1330
Maharashtra,Nashik,Lasalgaon,Onion,Red,8/2/2020,2/8/2020,,800,1941,1780
Maharashtra,Nashik,Lasalgaon,Onion,Red,8/2/2020,2/8/2020,6159,1030,2090,1500
Maharashtra,Nashik,Lasalgaon,Onion,Other,10/2/2020,2/10/2020,9208,800,1760,1270
Maharashtra,Nashik,Lasalgaon,Onion,Red,10/2/2020,2/10/2020,,1051,2350,2101
Maharashtra,Nashik,Lasalgaon,Onion,Red,10/2/2020,2/10/2020,7651,800,1970,1430
Maharashtra,Nashik,Lasalgaon,Onion,Other,11/2/2020,2/11/2020,9855,800,1760,1390
Maharashtra,Nashik,Lasalgaon,Onion,Red,11/2/2020,2/11/2020,,1000,2260,1850
Maharashtra,Nashik,Lasalgaon,Onion,Red,11/2/2020,2/11/2020,4624,830,1820,1490
Maharashtra,Nashik,Lasalgaon,Onion,Other,12/2/2020,2/12/2020,8563,930,1820,1310
Maharashtra,Nashik,Lasalgaon,Onion,Red,12/2/2020,2/12/2020,,800,2200,1880
Maharashtra,Nashik,Lasalgaon,Onion,Red,12/2/2020,2/12/2020,9426,870,2000,1450
Maharashtra,Nashik,Lasalgaon,Onion,Other,13/02/2020,2/13/2020,7049,960,1740,1310
Maharashtra,Nashik,Lasalgaon,Onion,Red,13/02/2020,2/13/2020,,1000,2140,1860
Maharashtra,Nashik,Lasalgaon,Onion,Red,13/02/2020,2/13/2020,6983,1030,1730,1490
Maharashtra,Nashik,Lasalgaon,Onion,Other,14/02/2020,2/14/2020,9126,600,1290,1090
Maharashtra,Nashik,Lasalgaon,Onion,Red,14/02/2020,2/14/2020,,1000,2115,1850
Maharashtra,Nashik,Lasalgaon,Onion,Red,14/02/2020,2/14/2020,7007,860,1690,1210
Maharashtra,Nashik,Lasalgaon,Onion,Other,15/02/2020,2/15/2020,9632,700,1590,1200
Maharashtra,Nashik,Lasalgaon,Onion,Red,15/02/2020,2/15/2020,,900,2181,1940
Maharashtra,Nashik,Lasalgaon,Onion,Red,15/02/2020,2/15/2020,9798,770,1840,1350
Maharashtra,Nashik,Lasalgaon,Onion,Other,17/02/2020,2/17/2020,6585,730,1430,1120
Maharashtra,Nashik,Lasalgaon,Onion,Red,17/02/2020,2/17/2020,,1000,2255,2000
Maharashtra,Nashik,Lasalgaon,Onion,Red,17/02/2020,2/17/2020,5064,910,1540,1240
Maharashtra,Nashik,Lasalgaon,Onion,Other,18/02/2020,2/18/2020,5695,710,1380,1130
Maharashtra,Nashik,Lasalgaon,Onion,Red,18/02/2020,2/18/2020,,1100,2255,2050
Maharashtra,Nashik,Lasalgaon,Onion,Red,18/02/2020,2/18/2020,6909,860,1680,1200
Maharashtra,Nashik,Lasalgaon,Onion,Other,19/02/2020,2/19/2020,10606,830,1490,1190
Maharashtra,Nashik,Lasalgaon,Onion,Red,19/02/2020,2/19/2020,,1000,2240,2060
Maharashtra,Nashik,Lasalgaon,Onion,Red,19/02/2020,2/19/2020,8840,850,1620,1280
Maharashtra,Nashik,Lasalgaon,Onion,Other,20/02/2020,2/20/2020,9434,690,1320,1080
Maharashtra,Nashik,Lasalgaon,Onion,Red,20/02/2020,2/20/2020,,950,2287,2025
Maharashtra,Nashik,Lasalgaon,Onion,Red,20/02/2020,2/20/2020,11132,860,1590,1200
Maharashtra,Nashik,Lasalgaon,Onion,Other,21/02/2020,2/21/2020,9616,780,1370,1110
Maharashtra,Nashik,Lasalgaon,Onion,Red,21/02/2020,2/21/2020,8173,700,1650,1230
Maharashtra,Nashik,Lasalgaon,Onion,Other,22/02/2020,2/22/2020,5049,760,1340,1120
Maharashtra,Nashik,Lasalgaon,Onion,Red,22/02/2020,2/22/2020,,1000,2251,2000
Maharashtra,Nashik,Lasalgaon,Onion,Red,22/02/2020,2/22/2020,10396,770,1560,1210
Maharashtra,Nashik,Lasalgaon,Onion,Other,24/02/2020,2/24/2020,9799,720,1300,1030
Maharashtra,Nashik,Lasalgaon,Onion,Red,24/02/2020,2/24/2020,,1000,2111,1851
Maharashtra,Nashik,Lasalgaon,Onion,Red,24/02/2020,2/24/2020,8883,700,1470,1180
Maharashtra,Nashik,Lasalgaon,Onion,Other,25/02/2020,2/25/2020,10046,640,1360,990
Maharashtra,Nashik,Lasalgaon,Onion,Red,25/02/2020,2/25/2020,,901,2001,1750
Maharashtra,Nashik,Lasalgaon,Onion,Red,25/02/2020,2/25/2020,9208,700,1410,1150
Maharashtra,Nashik,Lasalgaon,Onion,Other,26/02/2020,2/26/2020,9546,570,1280,930
Maharashtra,Nashik,Lasalgaon,Onion,Red,26/02/2020,2/26/2020,11052,780,1410,1050
Maharashtra,Nashik,Lasalgaon,Onion,Other,27/02/2020,2/27/2020,7986,570,1360,1030
Maharashtra,Nashik,Lasalgaon,Onion,Red,27/02/2020,2/27/2020,,1000,2391,2001
Maharashtra,Nashik,Lasalgaon,Onion,Red,27/02/2020,2/27/2020,10366,700,1550,1130
Maharashtra,Nashik,Lasalgaon,Onion,Other,28/02/2020,2/28/2020,10431,610,1230,980
Maharashtra,Nashik,Lasalgaon,Onion,Red,28/02/2020,2/28/2020,,900,2125,1951
Maharashtra,Nashik,Lasalgaon,Onion,Red,28/02/2020,2/28/2020,6040,670,1510,1090
Maharashtra,Nashik,Lasalgaon,Onion,Other,29/02/2020,2/29/2020,10366,620,1280,1040
Maharashtra,Nashik,Lasalgaon,Onion,Red,29/02/2020,2/29/2020,,850,1982,1750
Maharashtra,Nashik,Lasalgaon,Onion,Red,29/02/2020,2/29/2020,8217,840,1480,1200
Maharashtra,Nashik,Lasalgaon,Onion,Other,2/3/2020,3/2/2020,11301,640,1190,890
Maharashtra,Nashik,Lasalgaon,Onion,Red,2/3/2020,3/2/2020,,500,1652,1452
Maharashtra,Nashik,Lasalgaon,Onion,Red,2/3/2020,3/2/2020,8578,690,1390,1000
Maharashtra,Nashik,Lasalgaon,Onion,Other,3/3/2020,3/3/2020,,1361,1811,1550
Maharashtra,Nashik,Lasalgaon,Onion,Other,3/3/2020,3/3/2020,9757,640,1100,950
Maharashtra,Nashik,Lasalgaon,Onion,Red,3/3/2020,3/3/2020,,551,1735,1650
Maharashtra,Nashik,Lasalgaon,Onion,Red,3/3/2020,3/3/2020,8689,780,1440,1070
Maharashtra,Nashik,Lasalgaon,Onion,Other,4/3/2020,3/4/2020,8999,570,1230,940
Maharashtra,Nashik,Lasalgaon,Onion,Red,4/3/2020,3/4/2020,8984,600,1240,1030
Maharashtra,Nashik,Lasalgaon,Onion,Other,5/3/2020,3/5/2020,,1000,1842,1640
Maharashtra,Nashik,Lasalgaon,Onion,Other,5/3/2020,3/5/2020,8261,640,1100,890
Maharashtra,Nashik,Lasalgaon,Onion,Red,5/3/2020,3/5/2020,,500,1875,1610
Maharashtra,Nashik,Lasalgaon,Onion,Red,5/3/2020,3/5/2020,7514,720,1180,980
Maharashtra,Nashik,Lasalgaon,Onion,Other,6/3/2020,3/6/2020,,1080,1961,1760
Maharashtra,Nashik,Lasalgaon,Onion,Other,6/3/2020,3/6/2020,10066,710,1350,980
Maharashtra,Nashik,Lasalgaon,Onion,Red,6/3/2020,3/6/2020,,650,1930,1750
Maharashtra,Nashik,Lasalgaon,Onion,Red,6/3/2020,3/6/2020,7346,660,1280,1110
Maharashtra,Nashik,Lasalgaon,Onion,Other,7/3/2020,3/7/2020,,1051,1878,1700
Maharashtra,Nashik,Lasalgaon,Onion,Other,7/3/2020,3/7/2020,10559,620,1060,910
Maharashtra,Nashik,Lasalgaon,Onion,Red,7/3/2020,3/7/2020,,700,1935,1790
Maharashtra,Nashik,Lasalgaon,Onion,Red,7/3/2020,3/7/2020,9324,600,1260,1000
Maharashtra,Nashik,Lasalgaon,Onion,Other,9/3/2020,3/9/2020,,1200,1921,1800
Maharashtra,Nashik,Lasalgaon,Onion,Other,9/3/2020,3/9/2020,10255,440,980,780
Maharashtra,Nashik,Lasalgaon,Onion,Red,9/3/2020,3/9/2020,,500,1961,1750
Maharashtra,Nashik,Lasalgaon,Onion,Red,9/3/2020,3/9/2020,7893,610,1040,830
Maharashtra,Nashik,Lasalgaon,Onion,Other,10/3/2020,3/10/2020,10330,530,1100,880
Maharashtra,Nashik,Lasalgaon,Onion,Red,10/3/2020,3/10/2020,9084,660,1160,980
Maharashtra,Nashik,Lasalgaon,Onion,Other,11/3/2020,3/11/2020,,751,1852,1675
Maharashtra,Nashik,Lasalgaon,Onion,Other,11/3/2020,3/11/2020,8133,560,1170,850
Maharashtra,Nashik,Lasalgaon,Onion,Red,11/3/2020,3/11/2020,,761,1901,1750
Maharashtra,Nashik,Lasalgaon,Onion,Red,11/3/2020,3/11/2020,10795,560,1110,920
Maharashtra,Nashik,Lasalgaon,Onion,Other,12/3/2020,3/12/2020,,900,1875,1700
Maharashtra,Nashik,Lasalgaon,Onion,Other,12/3/2020,3/12/2020,8235,490,1110,830
Maharashtra,Nashik,Lasalgaon,Onion,Red,12/3/2020,3/12/2020,,500,1999,1750
Maharashtra,Nashik,Lasalgaon,Onion,Red,12/3/2020,3/12/2020,10677,560,1110,900
Maharashtra,Nashik,Lasalgaon,Onion,Other,13/03/2020,3/13/2020,7168,670,1270,920
Maharashtra,Nashik,Lasalgaon,Onion,Red,13/03/2020,3/13/2020,7370,770,1210,1040
Maharashtra,Nashik,Lasalgaon,Onion,Other,14/03/2020,3/14/2020,,1000,2000,1751
Maharashtra,Nashik,Lasalgaon,Onion,Other,14/03/2020,3/14/2020,9186,490,990,810
Maharashtra,Nashik,Lasalgaon,Onion,Red,14/03/2020,3/14/2020,,1052,1999,1770
Maharashtra,Nashik,Lasalgaon,Onion,Red,14/03/2020,3/14/2020,10933,590,1230,920
Maharashtra,Nashik,Lasalgaon,Onion,Other,16/03/2020,3/16/2020,,1000,1831,1600
Maharashtra,Nashik,Lasalgaon,Onion,Other,16/03/2020,3/16/2020,6108,560,920,760
Maharashtra,Nashik,Lasalgaon,Onion,Red,16/03/2020,3/16/2020,,900,1780,1350
Maharashtra,Nashik,Lasalgaon,Onion,Red,16/03/2020,3/16/2020,5787,490,1120,860
Maharashtra,Nashik,Lasalgaon,Onion,Other,17/03/2020,3/17/2020,,851,1625,1400
Maharashtra,Nashik,Lasalgaon,Onion,Other,17/03/2020,3/17/2020,10606,470,1020,780
Maharashtra,Nashik,Lasalgaon,Onion,Red,17/03/2020,3/17/2020,,500,1586,1201
Maharashtra,Nashik,Lasalgaon,Onion,Red,17/03/2020,3/17/2020,6668,600,1040,860
Maharashtra,Nashik,Lasalgaon,Onion,Other,18/03/2020,3/18/2020,,1000,1476,1251
Maharashtra,Nashik,Lasalgaon,Onion,Other,18/03/2020,3/18/2020,8048,580,970,790
Maharashtra,Nashik,Lasalgaon,Onion,Red,18/03/2020,3/18/2020,,800,1315,1100
Maharashtra,Nashik,Lasalgaon,Onion,Red,18/03/2020,3/18/2020,7126,610,1150,890
Maharashtra,Nashik,Lasalgaon,Onion,Other,19/03/2020,3/19/2020,,800,1500,1200
Maharashtra,Nashik,Lasalgaon,Onion,Other,19/03/2020,3/19/2020,8082,490,1000,870
Maharashtra,Nashik,Lasalgaon,Onion,Red,19/03/2020,3/19/2020,,500,1307,1100
Maharashtra,Nashik,Lasalgaon,Onion,Red,19/03/2020,3/19/2020,6357,570,1300,980
Maharashtra,Nashik,Lasalgaon,Onion,Other,20/03/2020,3/20/2020,,900,1500,1200
Maharashtra,Nashik,Lasalgaon,Onion,Other,20/03/2020,3/20/2020,5274,470,850,720
Maharashtra,Nashik,Lasalgaon,Onion,Red,20/03/2020,3/20/2020,,500,1360,1120
Maharashtra,Nashik,Lasalgaon,Onion,Red,20/03/2020,3/20/2020,6025,450,1110,800
Maharashtra,Nashik,Lasalgaon,Onion,Other,21/03/2020,3/21/2020,,851,1446,1251
Maharashtra,Nashik,Lasalgaon,Onion,Other,21/03/2020,3/21/2020,8246,430,970,760
Maharashtra,Nashik,Lasalgaon,Onion,Red,21/03/2020,3/21/2020,,650,1281,1051
Maharashtra,Nashik,Lasalgaon,Onion,Red,21/03/2020,3/21/2020,10247,630,1190,860
Maharashtra,Nashik,Lasalgaon,Onion,Other,23/03/2020,3/23/2020,,1000,1478,1360
Maharashtra,Nashik,Lasalgaon,Onion,Other,23/03/2020,3/23/2020,9230,450,1000,720
Maharashtra,Nashik,Lasalgaon,Onion,Red,23/03/2020,3/23/2020,,500,1526,1351
Maharashtra,Nashik,Lasalgaon,Onion,Red,23/03/2020,3/23/2020,5337,570,1030,860
Maharashtra,Nashik,Lasalgaon,Onion,Other,24/03/2020,3/24/2020,10785,480,890,750
Maharashtra,Nashik,Lasalgaon,Onion,Red,24/03/2020,3/24/2020,5972,470,1160,850
Maharashtra,Nashik,Lasalgaon,Onion,Other,25/03/2020,3/25/2020,7203,450,1000,770
Maharashtra,Nashik,Lasalgaon,Onion,Red,25/03/2020,3/25/2020,7707,510,1200,880
Maharashtra,Nashik,Lasalgaon,Onion,Other,26/03/2020,3/26/2020,7614,440,960,700
Maharashtra,Nashik,Lasalgaon,Onion,Red,26/03/2020,3/26/2020,6058,570,1070,780
Maharashtra,Nashik,Lasalgaon,Onion,Other,27/03/2020,3/27/2020,,700,1691,1501
Maharashtra,Nashik,Lasalgaon,Onion,Other,27/03/2020,3/27/2020,6949,480,870,760
Maharashtra,Nashik,Lasalgaon,Onion,Red,27/03/2020,3/27/2020,,660,1640,1451
Maharashtra,Nashik,Lasalgaon,Onion,Red,27/03/2020,3/27/2020,5934,570,1140,840
Maharashtra,Nashik,Lasalgaon,Onion,Other,28/03/2020,3/28/2020,,1100,2109,1770
Maharashtra,Nashik,Lasalgaon,Onion,Other,28/03/2020,3/28/2020,10225,540,960,770
Maharashtra,Nashik,Lasalgaon,Onion,Red,28/03/2020,3/28/2020,,700,1752,1601
Maharashtra,Nashik,Lasalgaon,Onion,Red,28/03/2020,3/28/2020,9869,560,1080,890
Maharashtra,Nashik,Lasalgaon,Onion,Other,30/03/2020,3/30/2020,,900,1911,1751
Maharashtra,Nashik,Lasalgaon,Onion,Other,30/03/2020,3/30/2020,11437,460,1030,750
Maharashtra,Nashik,Lasalgaon,Onion,Red,30/03/2020,3/30/2020,,700,1490,1301
Maharashtra,Nashik,Lasalgaon,Onion,Red,30/03/2020,3/30/2020,7946,500,1130,840
Maharashtra,Nashik,Lasalgaon,Onion,Other,31/03/2020,3/31/2020,6662,510,920,730
Maharashtra,Nashik,Lasalgaon,Onion,Red,31/03/2020,3/31/2020,10125,490,1050,830
Maharashtra,Nashik,Lasalgaon,Onion,Other,1/4/2020,4/1/2020,5671,220,460,360
Maharashtra,Nashik,Lasalgaon,Onion,Red,1/4/2020,4/1/2020,8208,290,580,410
Maharashtra,Nashik,Lasalgaon,Onion,Other,2/4/2020,4/2/2020,10819,250,430,350
Maharashtra,Nashik,Lasalgaon,Onion,Red,2/4/2020,4/2/2020,9192,280,500,410
Maharashtra,Nashik,Lasalgaon,Onion,Other,3/4/2020,4/3/2020,11404,230,410,320
Maharashtra,Nashik,Lasalgaon,Onion,Red,3/4/2020,4/3/2020,9515,230,420,350
Maharashtra,Nashik,Lasalgaon,Onion,Other,4/4/2020,4/4/2020,5932,160,350,280
Maharashtra,Nashik,Lasalgaon,Onion,Red,4/4/2020,4/4/2020,7581,180,390,310
Maharashtra,Nashik,Lasalgaon,Onion,Other,6/4/2020,4/6/2020,10432,230,410,320
Maharashtra,Nashik,Lasalgaon,Onion,Red,6/4/2020,4/6/2020,9128,220,510,370
Maharashtra,Nashik,Lasalgaon,Onion,Other,7/4/2020,4/7/2020,,800,1371,1200
Maharashtra,Nashik,Lasalgaon,Onion,Other,7/4/2020,4/7/2020,5436,180,420,320
Maharashtra,Nashik,Lasalgaon,Onion,Red,7/4/2020,4/7/2020,,400,980,800
Maharashtra,Nashik,Lasalgaon,Onion,Red,7/4/2020,4/7/2020,9833,230,440,360
Maharashtra,Nashik,Lasalgaon,Onion,Other,8/4/2020,4/8/2020,8938,230,410,320
Maharashtra,Nashik,Lasalgaon,Onion,Red,8/4/2020,4/8/2020,10951,270,500,370
Maharashtra,Nashik,Lasalgaon,Onion,Other,9/4/2020,4/9/2020,8844,200,420,330
Maharashtra,Nashik,Lasalgaon,Onion,Red,9/4/2020,4/9/2020,8325,250,490,350
Maharashtra,Nashik,Lasalgaon,Onion,Other,10/4/2020,4/10/2020,12439,180,420,330
Maharashtra,Nashik,Lasalgaon,Onion,Red,10/4/2020,4/10/2020,7547,210,450,360
Maharashtra,Nashik,Lasalgaon,Onion,Other,11/4/2020,4/11/2020,10203,220,400,320
Maharashtra,Nashik,Lasalgaon,Onion,Red,11/4/2020,4/11/2020,10255,200,420,360
Maharashtra,Nashik,Lasalgaon,Onion,Other,13/04/2020,4/13/2020,12529,190,400,330
Maharashtra,Nashik,Lasalgaon,Onion,Red,13/04/2020,4/13/2020,6650,240,490,370
Maharashtra,Nashik,Lasalgaon,Onion,Other,14/04/2020,4/14/2020,9674,220,480,350
Maharashtra,Nashik,Lasalgaon,Onion,Red,14/04/2020,4/14/2020,9414,250,520,410
Maharashtra,Nashik,Lasalgaon,Onion,Other,15/04/2020,4/15/2020,10841,200,400,320
Maharashtra,Nashik,Lasalgaon,Onion,Red,15/04/2020,4/15/2020,7460,220,480,350
Maharashtra,Nashik,Lasalgaon,Onion,Other,16/04/2020,4/16/2020,,700,1101,900
Maharashtra,Nashik,Lasalgaon,Onion,Other,16/04/2020,4/16/2020,5742,230,460,350
Maharashtra,Nashik,Lasalgaon,Onion,Red,16/04/2020,4/16/2020,,500,899,650
Maharashtra,Nashik,Lasalgaon,Onion,Red,16/04/2020,4/16/2020,12443,250,480,390
Maharashtra,Nashik,Lasalgaon,Onion,Other,17/04/2020,4/17/2020,,500,1115,950
Maharashtra,Nashik,Lasalgaon,Onion,Other,17/04/2020,4/17/2020,9258,230,420,340
Maharashtra,Nashik,Lasalgaon,Onion,Red,17/04/2020,4/17/2020,,400,876,750
Maharashtra,Nashik,Lasalgaon,Onion,Red,17/04/2020,4/17/2020,6483,270,520,380
Maharashtra,Nashik,Lasalgaon,Onion,Other,18/04/2020,4/18/2020,,501,1100,980
Maharashtra,Nashik,Lasalgaon,Onion,Other,18/04/2020,4/18/2020,11542,170,400,300
Maharashtra,Nashik,Lasalgaon,Onion,Red,18/04/2020,4/18/2020,,400,872,775
Maharashtra,Nashik,Lasalgaon,Onion,Red,18/04/2020,4/18/2020,9872,210,440,330
Maharashtra,Nashik,Lasalgaon,Onion,Other,20/04/2020,4/20/2020,10314,220,430,310
Maharashtra,Nashik,Lasalgaon,Onion,Red,20/04/2020,4/20/2020,5858,190,420,350
Maharashtra,Nashik,Lasalgaon,Onion,Other,21/04/2020,4/21/2020,9309,210,500,370
Maharashtra,Nashik,Lasalgaon,Onion,Red,21/04/2020,4/21/2020,5915,280,580,410
Maharashtra,Nashik,Lasalgaon,Onion,Other,22/04/2020,4/22/2020,9596,260,460,360
Maharashtra,Nashik,Lasalgaon,Onion,Red,22/04/2020,4/22/2020,6191,270,540,400
Maharashtra,Nashik,Lasalgaon,Onion,Other,23/04/2020,4/23/2020,9012,220,420,340
Maharashtra,Nashik,Lasalgaon,Onion,Red,23/04/2020,4/23/2020,12114,290,500,390
Maharashtra,Nashik,Lasalgaon,Onion,Other,24/04/2020,4/24/2020,9699,250,460,350
Maharashtra,Nashik,Lasalgaon,Onion,Red,24/04/2020,4/24/2020,11179,260,530,390
Maharashtra,Nashik,Lasalgaon,Onion,Other,25/04/2020,4/25/2020,11194,230,390,310
Maharashtra,Nashik,Lasalgaon,Onion,Red,25/04/2020,4/25/2020,8914,210,400,340
Maharashtra,Nashik,Lasalgaon,Onion,Other,27/04/2020,4/27/2020,5983,210,440,350
Maharashtra,Nashik,Lasalgaon,Onion,Red,27/04/2020,4/27/2020,6413,240,530,390
Maharashtra,Nashik,Lasalgaon,Onion,Other,28/04/2020,4/28/2020,6132,250,490,360
Maharashtra,Nashik,Lasalgaon,Onion,Red,28/04/2020,4/28/2020,10395,250,560,410
Maharashtra,Nashik,Lasalgaon,Onion,Other,29/04/2020,4/29/2020,10928,240,440,380
Maharashtra,Nashik,Lasalgaon,Onion,Red,29/04/2020,4/29/2020,11662,300,560,440
Maharashtra,Nashik,Lasalgaon,Onion,Other,30/04/2020,4/30/2020,,400,912,770
Maharashtra,Nashik,Lasalgaon,Onion,Other,30/04/2020,4/30/2020,9064,240,440,330
Maharashtra,Nashik,Lasalgaon,Onion,Red,30/04/2020,4/30/2020,,200,752,700
Maharashtra,Nashik,Lasalgaon,Onion,Red,30/04/2020,4/30/2020,10039,210,430,360
Maharashtra,Nashik,Lasalgaon,Onion,Other,1/5/2020,5/1/2020,8070,250,460,340
Maharashtra,Nashik,Lasalgaon,Onion,Red,1/5/2020,5/1/2020,6531,270,470,380
Maharashtra,Nashik,Lasalgaon,Onion,Other,2/5/2020,5/2/2020,6862,230,390,320
Maharashtra,Nashik,Lasalgaon,Onion,Red,2/5/2020,5/2/2020,10978,260,410,350
Maharashtra,Nashik,Lasalgaon,Onion,Other,4/5/2020,5/4/2020,9339,240,380,320
Maharashtra,Nashik,Lasalgaon,Onion,Red,4/5/2020,5/4/2020,5711,220,420,360
Maharashtra,Nashik,Lasalgaon,Onion,Other,5/5/2020,5/5/2020,,400,880,650
Maharashtra,Nashik,Lasalgaon,Onion,Other,5/5/2020,5/5/2020,12031,200,410,330
Maharashtra,Nashik,Lasalgaon,Onion,Red,5/5/2020,5/5/2020,11642,280,510,380
Maharashtra,Nashik,Lasalgaon,Onion,Other,6/5/2020,5/6/2020,,301,951,630
Maharashtra,Nashik,Lasalgaon,Onion,Other,6/5/2020,5/6/2020,8848,210,410,310
Maharashtra,Nashik,Lasalgaon,Onion,Red,6/5/2020,5/6/2020,11244,210,470,340
Maharashtra,Nashik,Lasalgaon,Onion,Other,7/5/2020,5/7/2020,7861,220,440,370
Maharashtra,Nashik,Lasalgaon,Onion,Red,7/5/2020,5/7/2020,11103,260,470,410
Maharashtra,Nashik,Lasalgaon,Onion,Other,8/5/2020,5/8/2020,11706,200,430,360
Maharashtra,Nashik,Lasalgaon,Onion,Red,8/5/2020,5/8/2020,12439,260,540,390
Maharashtra,Nashik,Lasalgaon,Onion,Other,9/5/2020,5/9/2020,9910,230,440,310
Maharashtra,Nashik,Lasalgaon,Onion,Red,9/5/2020,5/9/2020,7911,240,460,340
Maharashtra,Nashik,Lasalgaon,Onion,Other,11/5/2020,5/11/2020,7739,260,440,380
Maharashtra,Nashik,Lasalgaon,Onion,Red,11/5/2020,5/11/2020,11717,250,510,430
Maharashtra,Nashik,Lasalgaon,Onion,Other,12/5/2020,5/12/2020,6511,250,450,380
Maharashtra,Nashik,Lasalgaon,Onion,Red,12/5/2020,5/12/2020,7254,240,520,400
Maharashtra,Nashik,Lasalgaon,Onion,Other,13/05/2020,5/13/2020,7702,200,480,360
Maharashtra,Nashik,Lasalgaon,Onion,Red,13/05/2020,5/13/2020,9371,280,500,410
Maharashtra,Nashik,Lasalgaon,Onion,Other,14/05/2020,5/14/2020,11804,220,480,350
Maharashtra,Nashik,Lasalgaon,Onion,Red,14/05/2020,5/14/2020,8881,210,440,370
Maharashtra,Nashik,Lasalgaon,Onion,Other,15/05/2020,5/15/2020,12133,210,470,360
Maharashtra,Nashik,Lasalgaon,Onion,Red,15/05/2020,5/15/2020,9583,300,490,400
Maharashtra,Nashik,Lasalgaon,Onion,Other,16/05/2020,5/16/2020,5904,210,440,350
Maharashtra,Nashik,Lasalgaon,Onion,Red,16/05/2020,5/16/2020,7522,290,500,420
Maharashtra,Nashik,Lasalgaon,Onion,Other,18/05/2020,5/18/2020,6654,300,560,450
Maharashtra,Nashik,Lasalgaon,Onion,Red,18/05/2020,5/18/2020,5991,350,590,500
Maharashtra,Nashik,Lasalgaon,Onion,Other,19/05/2020,5/19/2020,8562,220,460,360
Maharashtra,Nashik,Lasalgaon,Onion,Red,19/05/2020,5/19/2020,9881,290,540,420
Maharashtra,Nashik,Lasalgaon,Onion,Other,20/05/2020,5/20/2020,7540,230,460,370
Maharashtra,Nashik,Lasalgaon,Onion,Red,20/05/2020,5/20/2020,6482,320,570,420
Maharashtra,Nashik,Lasalgaon,Onion,Other,21/05/2020,5/21/2020,10575,250,530,390
Maharashtra,Nashik,Lasalgaon,Onion,Red,21/05/2020,5/21/2020,8903,250,530,430
Maharashtra,Nashik,Lasalgaon,Onion,Other,22/05/2020,5/22/2020,10247,300,530,410
Maharashtra,Nashik,Lasalgaon,Onion,Red,22/05/2020,5/22/2020,7033,270,600,470
Maharashtra,Nashik,Lasalgaon,Onion,Other,23/05/2020,5/23/2020,,400,925,650
Maharashtra,Nashik,Lasalgaon,Onion,Other,23/05/2020,5/23/2020,5367,270,530,450
Maharashtra,Nashik,Lasalgaon,Onion,Red,23/05/2020,5/23/2020,6044,270,570,490
Maharashtra,Nashik,Lasalgaon,Onion,Other,25/05/2020,5/25/2020,,501,976,820
Maharashtra,Nashik,Lasalgaon,Onion,Other,25/05/2020,5/25/2020,6233,300,490,400
Maharashtra,Nashik,Lasalgaon,Onion,Red,25/05/2020,5/25/2020,10095,290,600,440
Maharashtra,Nashik,Lasalgaon,Onion,Other,26/05/2020,5/26/2020,10013,300,580,440
Maharashtra,Nashik,Lasalgaon,Onion,Red,26/05/2020,5/26/2020,9371,340,640,460
Maharashtra,Nashik,Lasalgaon,Onion,Other,27/05/2020,5/27/2020,,400,920,750
Maharashtra,Nashik,Lasalgaon,Onion,Other,27/05/2020,5/27/2020,12253,340,550,480
Maharashtra,Nashik,Lasalgaon,Onion,Red,27/05/2020,5/27/2020,11352,310,660,520
Maharashtra,Nashik,Lasalgaon,Onion,Other,28/05/2020,5/28/2020,6562,250,540,430
Maharashtra,Nashik,Lasalgaon,Onion,Red,28/05/2020,5/28/2020,12291,290,570,460
Maharashtra,Nashik,Lasalgaon,Onion,Other,29/05/2020,5/29/2020,9340,260,550,430
Maharashtra,Nashik,Lasalgaon,Onion,Red,29/05/2020,5/29/2020,7462,280,630,470
Maharashtra,Nashik,Lasalgaon,Onion,Other,30/05/2020,5/30/2020,,401,981,801
Maharashtra,Nashik,Lasalgaon,Onion,Other,30/05/2020,5/30/2020,11069,290,610,450
Maharashtra,Nashik,Lasalgaon,Onion,Red,30/05/2020,5/30/2020,11814,310,630,510
Maharashtra,Nashik,Lasalgaon,Onion,Other,1/6/2020,6/1/2020,,300,951,750
Maharashtra,Nashik,Lasalgaon,Onion,Other,1/6/2020,6/1/2020,8935,390,770,560
Maharashtra,Nashik,Lasalgaon,Onion,Red,1/6/2020,6/1/2020,10562,350,800,620
Maharashtra,Nashik,Lasalgaon,Onion,Other,2/6/2020,6/2/2020,12122,380,690,520
Maharashtra,Nashik,Lasalgaon,Onion,Red,2/6/2020,6/2/2020,10863,330,800,580
Maharashtra,Nashik,Lasalgaon,Onion,Other,3/6/2020,6/3/2020,,400,1008,700
Maharashtra,Nashik,Lasalgaon,Onion,Other,3/6/2020,6/3/2020,9158,400,730,550
Maharashtra,Nashik,Lasalgaon,Onion,Red,3/6/2020,6/3/2020,7658,350,780,610
Maharashtra,Nashik,Lasalgaon,Onion,Other,4/6/2020,6/4/2020,10870,410,640,550
Maharashtra,Nashik,Lasalgaon,Onion,Red,4/6/2020,6/4/2020,6075,470,850,630
Maharashtra,Nashik,Lasalgaon,Onion,Other,5/6/2020,6/5/2020,7505,440,730,590
Maharashtra,Nashik,Lasalgaon,Onion,Red,5/6/2020,6/5/2020,11567,460,920,680
Maharashtra,Nashik,Lasalgaon,Onion,Other,6/6/2020,6/6/2020,,400,982,700
Maharashtra,Nashik,Lasalgaon,Onion,Other,6/6/2020,6/6/2020,8660,360,730,540
Maharashtra,Nashik,Lasalgaon,Onion,Red,6/6/2020,6/6/2020,5184,370,740,620
Maharashtra,Nashik,Lasalgaon,Onion,Other,8/6/2020,6/8/2020,9147,320,660,540
Maharashtra,Nashik,Lasalgaon,Onion,Red,8/6/2020,6/8/2020,5574,380,810,610
Maharashtra,Nashik,Lasalgaon,Onion,Other,9/6/2020,6/9/2020,,500,1111,850
Maharashtra,Nashik,Lasalgaon,Onion,Other,9/6/2020,6/9/2020,5682,350,700,570
Maharashtra,Nashik,Lasalgaon,Onion,Red,9/6/2020,6/9/2020,6023,450,820,620
Maharashtra,Nashik,Lasalgaon,Onion,Other,10/6/2020,6/10/2020,10667,380,730,550
Maharashtra,Nashik,Lasalgaon,Onion,Red,10/6/2020,6/10/2020,5246,410,810,640
Maharashtra,Nashik,Lasalgaon,Onion,Other,11/6/2020,6/11/2020,11549,350,810,590
Maharashtra,Nashik,Lasalgaon,Onion,Red,11/6/2020,6/11/2020,12001,500,920,670
Maharashtra,Nashik,Lasalgaon,Onion,Other,12/6/2020,6/12/2020,5871,440,740,610
Maharashtra,Nashik,Lasalgaon,Onion,Red,12/6/2020,6/12/2020,11115,510,830,680
Maharashtra,Nashik,Lasalgaon,Onion,Other,13/06/2020,6/13/2020,5777,370,700,540
Maharashtra,Nashik,Lasalgaon,Onion,Red,13/06/2020,6/13/2020,6482,350,750,600
Maharashtra,Nashik,Lasalgaon,Onion,Other,15/06/2020,6/15/2020,5825,340,760,600
Maharashtra,Nashik,Lasalgaon,Onion,Red,15/06/2020,6/15/2020,11023,400,840,690
Maharashtra,Nashik,Lasalgaon,Onion,Other,16/06/2020,6/16/2020,12109,380,770,580
Maharashtra,Nashik,Lasalgaon,Onion,Red,16/06/2020,6/16/2020,9968,360,730,630
Maharashtra,Nashik,Lasalgaon,Onion,Other,17/06/2020,6/17/2020,8692,440,890,640
Maharashtra,Nashik,Lasalgaon,Onion,Red,17/06/2020,6/17/2020,10896,530,1000,720
Maharashtra,Nashik,Lasalgaon,Onion,Other,18/06/2020,6/18/2020,,400,1135,800
Maharashtra,Nashik,Lasalgaon,Onion,Other,18/06/2020,6/18/2020,11277,400,760,600
Maharashtra,Nashik,Lasalgaon,Onion,Red,18/06/2020,6/18/2020,10325,380,800,660
Maharashtra,Nashik,Lasalgaon,Onion,Other,19/06/2020,6/19/2020,6268,400,830,630
Maharashtra,Nashik,Lasalgaon,Onion,Red,19/06/2020,6/19/2020,11402,500,880,700
Maharashtra,Nashik,Lasalgaon,Onion,Other,20/06/2020,6/20/2020,8905,340,670,580
Maharashtra,Nashik,Lasalgaon,Onion,Red,20/06/2020,6/20/2020,9220,370,810,650
Maharashtra,Nashik,Lasalgaon,Onion,Other,22/06/2020,6/22/2020,,301,1081,901
Maharashtra,Nashik,Lasalgaon,Onion,Other,22/06/2020,6/22/2020,5862,450,880,640
Maharashtra,Nashik,Lasalgaon,Onion,Red,22/06/2020,6/22/2020,5388,410,980,700
Maharashtra,Nashik,Lasalgaon,Onion,Other,23/06/2020,6/23/2020,,400,960,740
Maharashtra,Nashik,Lasalgaon,Onion,Other,23/06/2020,6/23/2020,9655,490,810,660
Maharashtra,Nashik,Lasalgaon,Onion,Red,23/06/2020,6/23/2020,10355,430,910,750
Maharashtra,Nashik,Lasalgaon,Onion,Other,24/06/2020,6/24/2020,,401,1071,770
Maharashtra,Nashik,Lasalgaon,Onion,Other,24/06/2020,6/24/2020,8180,460,980,720
Maharashtra,Nashik,Lasalgaon,Onion,Red,24/06/2020,6/24/2020,7286,600,1120,800
Maharashtra,Nashik,Lasalgaon,Onion,Other,25/06/2020,6/25/2020,,400,1001,770
Maharashtra,Nashik,Lasalgaon,Onion,Other,25/06/2020,6/25/2020,6316,400,970,710
Maharashtra,Nashik,Lasalgaon,Onion,Red,25/06/2020,6/25/2020,8994,440,970,770
Maharashtra,Nashik,Lasalgaon,Onion,Other,26/06/2020,6/26/2020,8225,470,870,670
Maharashtra,Nashik,Lasalgaon,Onion,Red,26/06/2020,6/26/2020,7399,460,960,750
Maharashtra,Nashik,Lasalgaon,Onion,Other,27/06/2020,6/27/2020,,400,1035,800
Maharashtra,Nashik,Lasalgaon,Onion,Other,27/06/2020,6/27/2020,6742,520,930,720
Maharashtra,Nashik,Lasalgaon,Onion,Red,27/06/2020,6/27/2020,6427,610,1080,840
Maharashtra,Nashik,Lasalgaon,Onion,Other,29/06/2020,6/29/2020,,401,1035,800
Maharashtra,Nashik,Lasalgaon,Onion,Other,29/06/2020,6/29/2020,10151,470,830,660
Maharashtra,Nashik,Lasalgaon,Onion,Red,29/06/2020,6/29/2020,11764,440,960,760
Maharashtra,Nashik,Lasalgaon,Onion,Other,30/06/2020,6/30/2020,9566,430,880,710
Maharashtra,Nashik,Lasalgaon,Onion,Red,30/06/2020,6/30/2020,8496,570,1080,810
Maharashtra,Nashik,Lasalgaon,Onion,Other,1/7/2020,7/1/2020,10266,930,2090,1620
Maharashtra,Nashik,Lasalgaon,Onion,Red,1/7/2020,7/1/2020,8104,1330,2430,1880
Maharashtra,Nashik,Lasalgaon,Onion,Other,2/7/2020,7/2/2020,9687,1020,2310,1650
Maharashtra,Nashik,Lasalgaon,Onion,Red,2/7/2020,7/2/2020,6749,1160,2390,1890
Maharashtra,Nashik,Lasalgaon,Onion,Other,3/7/2020,7/3/2020,,400,851,750
Maharashtra,Nashik,Lasalgaon,Onion,Other,3/7/2020,7/3/2020,4558,1050,2290,1780
Maharashtra,Nashik,Lasalgaon,Onion,Red,3/7/2020,7/3/2020,7860,1390,2570,1980
Maharashtra,Nashik,Lasalgaon,Onion,Other,4/7/2020,7/4/2020,8142,1140,2170,1680
Maharashtra,Nashik,Lasalgaon,Onion,Red,4/7/2020,7/4/2020,5787,1230,2270,1860
Maharashtra,Nashik,Lasalgaon,Onion,Other,6/7/2020,7/6/2020,9002,950,2210,1620
Maharashtra,Nashik,Lasalgaon,Onion,Red,6/7/2020,7/6/2020,5916,1250,2290,1830
Maharashtra,Nashik,Lasalgaon,Onion,Other,7/7/2020,7/7/2020,6867,1290,2260,1840
Maharashtra,Nashik,Lasalgaon,Onion,Red,7/7/2020,7/7/2020,8337,1200,2400,2040
Maharashtra,Nashik,Lasalgaon,Onion,Other,8/7/2020,7/8/2020,7117,1390,2170,1860
Maharashtra,Nashik,Lasalgaon,Onion,Red,8/7/2020,7/8/2020,8535,1460,2760,2050
Maharashtra,Nashik,Lasalgaon,Onion,Other,9/7/2020,7/9/2020,6394,1160,2410,1730
Maharashtra,Nashik,Lasalgaon,Onion,Red,9/7/2020,7/9/2020,10166,1340,2230,1830
Maharashtra,Nashik,Lasalgaon,Onion,Other,10/7/2020,7/10/2020,6041,1190,2150,1770
Maharashtra,Nashik,Lasalgaon,Onion,Red,10/7/2020,7/10/2020,6165,1190,2460,2090
Maharashtra,Nashik,Lasalgaon,Onion,Other,11/7/2020,7/11/2020,7816,1080,2580,1900
Maharashtra,Nashik,Lasalgaon,Onion,Red,11/7/2020,7/11/2020,5107,1630,2900,2200
Maharashtra,Nashik,Lasalgaon,Onion,Other,13/07/2020,7/13/2020,4924,1170,2440,2110
Maharashtra,Nashik,Lasalgaon,Onion,Red,13/07/2020,7/13/2020,6678,1410,2940,2340
Maharashtra,Nashik,Lasalgaon,Onion,Other,14/07/2020,7/14/2020,4397,1290,2370,1930
Maharashtra,Nashik,Lasalgaon,Onion,Red,14/07/2020,7/14/2020,5054,1200,2640,2120
Maharashtra,Nashik,Lasalgaon,Onion,Other,15/07/2020,7/15/2020,6163,1370,2510,2070
Maharashtra,Nashik,Lasalgaon,Onion,Red,15/07/2020,7/15/2020,8245,1500,3050,2240
Maharashtra,Nashik,Lasalgaon,Onion,Other,16/07/2020,7/16/2020,4711,1050,2310,1690
Maharashtra,Nashik,Lasalgaon,Onion,Red,16/07/2020,7/16/2020,8240,1440,2540,1930
Maharashtra,Nashik,Lasalgaon,Onion,Other,17/07/2020,7/17/2020,5891,1270,2300,1960
Maharashtra,Nashik,Lasalgaon,Onion,Red,17/07/2020,7/17/2020,6463,1580,2790,2160
Maharashtra,Nashik,Lasalgaon,Onion,Other,18/07/2020,7/18/2020,,300,875,700
Maharashtra,Nashik,Lasalgaon,Onion,Other,18/07/2020,7/18/2020,7201,1370,2590,1980
Maharashtra,Nashik,Lasalgaon,Onion,Red,18/07/2020,7/18/2020,5428,1400,2860,2200
Maharashtra,Nashik,Lasalgaon,Onion,Other,20/07/2020,7/20/2020,8847,1230,2540,2010
Maharashtra,Nashik,Lasalgaon,Onion,Red,20/07/2020,7/20/2020,7778,1340,2810,2290
Maharashtra,Nashik,Lasalgaon,Onion,Other,21/07/2020,7/21/2020,4561,1230,2870,2140
Maharashtra,Nashik,Lasalgaon,Onion,Red,21/07/2020,7/21/2020,7162,1300,3240,2360
Maharashtra,Nashik,Lasalgaon,Onion,Other,22/07/2020,7/22/2020,10089,1270,2410,1890
Maharashtra,Nashik,Lasalgaon,Onion,Red,22/07/2020,7/22/2020,6721,1550,2710,2070
Maharashtra,Nashik,Lasalgaon,Onion,Other,23/07/2020,7/23/2020,4483,1310,2830,2300
Maharashtra,Nashik,Lasalgaon,Onion,Red,23/07/2020,7/23/2020,6416,1450,3080,2570
Maharashtra,Nashik,Lasalgaon,Onion,Other,24/07/2020,7/24/2020,,400,941,715
Maharashtra,Nashik,Lasalgaon,Onion,Other,24/07/2020,7/24/2020,7338,1270,2410,2060
Maharashtra,Nashik,Lasalgaon,Onion,Red,24/07/2020,7/24/2020,9230,1450,3130,2400
Maharashtra,Nashik,Lasalgaon,Onion,Other,25/07/2020,7/25/2020,,400,852,700
Maharashtra,Nashik,Lasalgaon,Onion,Other,25/07/2020,7/25/2020,8588,1330,2870,2060
Maharashtra,Nashik,Lasalgaon,Onion,Red,25/07/2020,7/25/2020,9478,1670,2830,2290
Maharashtra,Nashik,Lasalgaon,Onion,Other,27/07/2020,7/27/2020,8447,1600,2910,2270
Maharashtra,Nashik,Lasalgaon,Onion,Red,27/07/2020,7/27/2020,6787,1730,3180,2590
Maharashtra,Nashik,Lasalgaon,Onion,Other,28/07/2020,7/28/2020,8207,1720,2890,2310
Maharashtra,Nashik,Lasalgaon,Onion,Red,28/07/2020,7/28/2020,5795,1480,3490,2600
Maharashtra,Nashik,Lasalgaon,Onion,Other,29/07/2020,7/29/2020,9314,1440,2530,2150
Maharashtra,Nashik,Lasalgaon,Onion,Red,29/07/2020,7/29/2020,7813,1340,3290,2380
Maharashtra,Nashik,Lasalgaon,Onion,Other,30/07/2020,7/30/2020,8048,1430,2660,2040
Maharashtra,Nashik,Lasalgaon,Onion,Red,30/07/2020,7/30/2020,9619,1380,2790,2190
Maharashtra,Nashik,Lasalgaon,Onion,Other,31/07/2020,7/31/2020,8437,1300,2870,2140
Maharashtra,Nashik,Lasalgaon,Onion,Red,31/07/2020,7/31/2020,4129,1410,2700,2310
Maharashtra,Nashik,Lasalgaon,Onion,Other,1/8/2020,8/1/2020,,400,861,700
Maharashtra,Nashik,Lasalgaon,Onion,Other,1/8/2020,8/1/2020,5768,1470,2490,1960
Maharashtra,Nashik,Lasalgaon,Onion,Red,1/8/2020,8/1/2020,7554,1540,2680,2110
Maharashtra,Nashik,Lasalgaon,Onion,Other,3/8/2020,8/3/2020,6022,1640,2870,2220
Maharashtra,Nashik,Lasalgaon,Onion,Red,3/8/2020,8/3/2020,5445,1640,3340,2430
Maharashtra,Nashik,Lasalgaon,Onion,Other,4/8/2020,8/4/2020,7364,1370,3120,2340
Maharashtra,Nashik,Lasalgaon,Onion,Red,4/8/2020,8/4/2020,5479,1800,3250,2620
Maharashtra,Nashik,Lasalgaon,Onion,Other,5/8/2020,8/5/2020,4226,1350,2560,2140
Maharashtra,Nashik,Lasalgaon,Onion,Red,5/8/2020,8/5/2020,9128,1810,3070,2440
Maharashtra,Nashik,Lasalgaon,Onion,Other,6/8/2020,8/6/2020,8291,1380,3140,2330
Maharashtra,Nashik,Lasalgaon,Onion,Red,6/8/2020,8/6/2020,4932,1450,3500,2540
Maharashtra,Nashik,Lasalgaon,Onion,Other,7/8/2020,8/7/2020,5906,1690,3230,2330
Maharashtra,Nashik,Lasalgaon,Onion,Red,7/8/2020,8/7/2020,6452,1490,3120,2610
Maharashtra,Nashik,Lasalgaon,Onion,Other,8/8/2020,8/8/2020,5966,1540,2790,2260
Maharashtra,Nashik,Lasalgaon,Onion,Red,8/8/2020,8/8/2020,8128,1750,3250,2560
Maharashtra,Nashik,Lasalgaon,Onion,Other,10/8/2020,8/10/2020,7490,1360,2900,2420
Maharashtra,Nashik,Lasalgaon,Onion,Red,10/8/2020,8/10/2020,5491,1930,3250,2680
Maharashtra,Nashik,Lasalgaon,Onion,Other,11/8/2020,8/11/2020,4966,1540,2910,2170
Maharashtra,Nashik,Lasalgaon,Onion,Red,11/8/2020,8/11/2020,5772,1570,3280,2440
Maharashtra,Nashik,Lasalgaon,Onion,Other,12/8/2020,8/12/2020,,400,1161,960
Maharashtra,Nashik,Lasalgaon,Onion,Other,12/8/2020,8/12/2020,8558,1560,2760,2320
Maharashtra,Nashik,Lasalgaon,Onion,Red,12/8/2020,8/12/2020,8208,1620,3190,2610
Maharashtra,Nashik,Lasalgaon,Onion,Other,13/08/2020,8/13/2020,8895,1490,2920,2390
Maharashtra,Nashik,Lasalgaon,Onion,Red,13/08/2020,8/13/2020,7518,1850,3070,2640
Maharashtra,Nashik,Lasalgaon,Onion,Other,14/08/2020,8/14/2020,6508,1570,3310,2560
Maharashtra,Nashik,Lasalgaon,Onion,Red,14/08/2020,8/14/2020,4712,1860,3630,2870
Maharashtra,Nashik,Lasalgaon,Onion,Other,15/08/2020,8/15/2020,7669,1780,2910,2390
Maharashtra,Nashik,Lasalgaon,Onion,Red,15/08/2020,8/15/2020,8093,2060,3680,2800
Maharashtra,Nashik,Lasalgaon,Onion,Other,17/08/2020,8/17/2020,6870,1610,2850,2400
Maharashtra,Nashik,Lasalgaon,Onion,Red,17/08/2020,8/17/2020,6414,1650,3690,2770
Maharashtra,Nashik,Lasalgaon,Onion,Other,18/08/2020,8/18/2020,4346,1690,2630,2250
Maharashtra,Nashik,Lasalgaon,Onion,Red,18/08/2020,8/18/2020,9119,1470,3450,2480
Maharashtra,Nashik,Lasalgaon,Onion,Other,19/08/2020,8/19/2020,4598,1550,3650,2620
Maharashtra,Nashik,Lasalgaon,Onion,Red,19/08/2020,8/19/2020,6419,1690,3490,2960
Maharashtra,Nashik,Lasalgaon,Onion,Other,20/08/2020,8/20/2020,4796,1810,3050,2420
Maharashtra,Nashik,Lasalgaon,Onion,Red,20/08/2020,8/20/2020,7898,1800,3700,2800
Maharashtra,Nashik,Lasalgaon,Onion,Other,21/08/2020,8/21/2020,8559,1730,3770,2870
Maharashtra,Nashik,Lasalgaon,Onion,Red,21/08/2020,8/21/2020,6170,1750,4300,3130
Maharashtra,Nashik,Lasalgaon,Onion,Other,22/08/2020,8/22/2020,8709,1300,2690,2220
Maharashtra,Nashik,Lasalgaon,Onion,Red,22/08/2020,8/22/2020,5179,1670,3410,2480
Maharashtra,Nashik,Lasalgaon,Onion,Other,24/08/2020,8/24/2020,8436,1780,3170,2580
Maharashtra,Nashik,Lasalgaon,Onion,Red,24/08/2020,8/24/2020,7698,2040,3340,2890
Maharashtra,Nashik,Lasalgaon,Onion,Other,25/08/2020,8/25/2020,6227,1460,3110,2450
Maharashtra,Nashik,Lasalgaon,Onion,Red,25/08/2020,8/25/2020,7669,1650,3240,2710
Maharashtra,Nashik,Lasalgaon,Onion,Other,26/08/2020,8/26/2020,6920,1440,2880,2430
Maharashtra,Nashik,Lasalgaon,Onion,Red,26/08/2020,8/26/2020,7303,1790,3540,2670
Maharashtra,Nashik,Lasalgaon,Onion,Other,27/08/2020,8/27/2020,5102,1680,3030,2450
Maharashtra,Nashik,Lasalgaon,Onion,Red,27/08/2020,8/27/2020,4296,1660,3230,2650
Maharashtra,Nashik,Lasalgaon,Onion,Other,28/08/2020,8/28/2020,7616,1580,3100,2660
Maharashtra,Nashik,Lasalgaon,Onion,Red,28/08/2020,8/28/2020,3921,1780,3740,3000
Maharashtra,Nashik,Lasalgaon,Onion,Other,29/08/2020,8/29/2020,5478,1950,3290,2740
Maharashtra,Nashik,Lasalgaon,Onion,Red,29/08/2020,8/29/2020,8375,1740,3520,3010
Maharashtra,Nashik,Lasalgaon,Onion,Other,31/08/2020,8/31/2020,7853,1930,3730,2740
Maharashtra,Nashik,Lasalgaon,Onion,Red,31/08/2020,8/31/2020,6469,1790,3870,3240
Maharashtra,Nashik,Lasalgaon,Onion,Other,1/9/2020,9/1/2020,3728,2750,5590,4020
Maharashtra,Nashik,Lasalgaon,Onion,Red,1/9/2020,9/1/2020,6082,3250,5540,4500
Maharashtra,Nashik,Lasalgaon,Onion,Other,2/9/2020,9/2/2020,,775,2055,1770
Maharashtra,Nashik,Lasalgaon,Onion,Other,2/9/2020,9/2/2020,4773,2850,5060,4020
Maharashtra,Nashik,Lasalgaon,Onion,Red,2/9/2020,9/2/2020,4901,3260,5480,4360
Maharashtra,Nashik,Lasalgaon,Onion,Other,3/9/2020,9/3/2020,,1000,2451,2000
Maharashtra,Nashik,Lasalgaon,Onion,Other,3/9/2020,9/3/2020,3163,2080,4880,3760
Maharashtra,Nashik,Lasalgaon,Onion,Red,3/9/2020,9/3/2020,3365,2420,5740,4400
Maharashtra,Nashik,Lasalgaon,Onion,Other,4/9/2020,9/4/2020,,800,2451,2101
Maharashtra,Nashik,Lasalgaon,Onion,Other,4/9/2020,9/4/2020,3406,2340,5130,4170
Maharashtra,Nashik,Lasalgaon,Onion,Red,4/9/2020,9/4/2020,5091,3020,5970,4540
Maharashtra,Nashik,Lasalgaon,Onion,Other,5/9/2020,9/5/2020,,800,2371,2001
Maharashtra,Nashik,Lasalgaon,Onion,Other,5/9/2020,9/5/2020,6720,2250,4990,3970
Maharashtra,Nashik,Lasalgaon,Onion,Red,5/9/2020,9/5/2020,3035,2620,5370,4420
Maharashtra,Nashik,Lasalgaon,Onion,Other,7/9/2020,9/7/2020,,1000,2400,2001
Maharashtra,Nashik,Lasalgaon,Onion,Other,7/9/2020,9/7/2020,4344,3040,6120,4480
Maharashtra,Nashik,Lasalgaon,Onion,Red,7/9/2020,9/7/2020,4130,2970,6290,5150
Maharashtra,Nashik,Lasalgaon,Onion,Other,8/9/2020,9/8/2020,,800,2554,2101
Maharashtra,Nashik,Lasalgaon,Onion,Other,8/9/2020,9/8/2020,6048,2920,5580,4260
Maharashtra,Nashik,Lasalgaon,Onion,Red,8/9/2020,9/8/2020,2991,3380,6810,5070
Maharashtra,Nashik,Lasalgaon,Onion,Other,9/9/2020,9/9/2020,,1000,2862,2501
Maharashtra,Nashik,Lasalgaon,Onion,Other,9/9/2020,9/9/2020,5441,2680,5750,4280
Maharashtra,Nashik,Lasalgaon,Onion,Red,9/9/2020,9/9/2020,2822,2710,6250,4830
Maharashtra,Nashik,Lasalgaon,Onion,Other,10/9/2020,9/10/2020,,800,2735,2401
Maharashtra,Nashik,Lasalgaon,Onion,Other,10/9/2020,9/10/2020,4779,2060,4760,3700
Maharashtra,Nashik,Lasalgaon,Onion,Red,10/9/2020,9/10/2020,6173,2430,5760,4260
Maharashtra,Nashik,Lasalgaon,Onion,Other,11/9/2020,9/11/2020,,701,2673,2360
Maharashtra,Nashik,Lasalgaon,Onion,Other,11/9/2020,9/11/2020,3511,2560,5240,4310
Maharashtra,Nashik,Lasalgaon,Onion,Red,11/9/2020,9/11/2020,4612,3450,6800,4900
Maharashtra,Nashik,Lasalgaon,Onion,Other,12/9/2020,9/12/2020,,801,2790,2501
Maharashtra,Nashik,Lasalgaon,Onion,Other,12/9/2020,9/12/2020,3081,2660,5320,4230
Maharashtra,Nashik,Lasalgaon,Onion,Red,12/9/2020,9/12/2020,3789,2700,6420,4850
Maharashtra,Nashik,Lasalgaon,Onion,Other,14/09/2020,9/14/2020,,1000,3210,2801
Maharashtra,Nashik,Lasalgaon,Onion,Other,14/09/2020,9/14/2020,4074,2840,5950,4680
Maharashtra,Nashik,Lasalgaon,Onion,Red,14/09/2020,9/14/2020,3142,3460,7460,5500
Maharashtra,Nashik,Lasalgaon,Onion,Other,15/09/2020,9/15/2020,,1280,2200,1901
Maharashtra,Nashik,Lasalgaon,Onion,Other,15/09/2020,9/15/2020,3647,3190,6050,4410
Maharashtra,Nashik,Lasalgaon,Onion,Red,15/09/2020,9/15/2020,3171,2770,6040,4970
Maharashtra,Nashik,Lasalgaon,Onion,Other,16/09/2020,9/16/2020,,1000,2951,2470
Maharashtra,Nashik,Lasalgaon,Onion,Other,16/09/2020,9/16/2020,3358,2410,5050,4260
Maharashtra,Nashik,Lasalgaon,Onion,Red,16/09/2020,9/16/2020,5117,3290,6490,4860
Maharashtra,Nashik,Lasalgaon,Onion,Other,17/09/2020,9/17/2020,5286,2450,5430,3940
Maharashtra,Nashik,Lasalgaon,Onion,Red,17/09/2020,9/17/2020,2846,3010,5500,4320
Maharashtra,Nashik,Lasalgaon,Onion,Other,18/09/2020,9/18/2020,5483,2940,5100,4240
Maharashtra,Nashik,Lasalgaon,Onion,Red,18/09/2020,9/18/2020,5034,3310,5830,4650
Maharashtra,Nashik,Lasalgaon,Onion,Other,19/09/2020,9/19/2020,3685,3270,6510,4650
Maharashtra,Nashik,Lasalgaon,Onion,Red,19/09/2020,9/19/2020,2840,3220,6060,5090
Maharashtra,Nashik,Lasalgaon,Onion,Other,21/09/2020,9/21/2020,3728,2760,5240,4380
Maharashtra,Nashik,Lasalgaon,Onion,Red,21/09/2020,9/21/2020,3058,3170,6040,4940
Maharashtra,Nashik,Lasalgaon,Onion,Other,22/09/2020,9/22/2020,4811,2790,6010,4620
Maharashtra,Nashik,Lasalgaon,Onion,Red,22/09/2020,9/22/2020,3158,3540,6560,5200
Maharashtra,Nashik,Lasalgaon,Onion,Other,23/09/2020,9/23/2020,2953,2700,5160,4390
Maharashtra,Nashik,Lasalgaon,Onion,Red,23/09/2020,9/23/2020,2450,2840,6480,5000
Maharashtra,Nashik,Lasalgaon,Onion,Other,24/09/2020,9/24/2020,5123,2790,6140,4580
Maharashtra,Nashik,Lasalgaon,Onion,Red,24/09/2020,9/24/2020,4551,3010,6690,5020
Maharashtra,Nashik,Lasalgaon,Onion,Other,25/09/2020,9/25/2020,5543,2580,5440,3940
Maharashtra,Nashik,Lasalgaon,Onion,Red,25/09/2020,9/25/2020,4261,2550,5750,4360
Maharashtra,Nashik,Lasalgaon,Onion,Other,26/09/2020,9/26/2020,4913,3060,6330,4680
Maharashtra,Nashik,Lasalgaon,Onion,Red,26/09/2020,9/26/2020,4386,3580,6330,5330
Maharashtra,Nashik,Lasalgaon,Onion,Other,28/09/2020,9/28/2020,3624,2700,5130,3850
Maharashtra,Nashik,Lasalgaon,Onion,Red,28/09/2020,9/28/2020,5668,3120,5150,4310
Maharashtra,Nashik,Lasalgaon,Onion,Other,29/09/2020,9/29/2020,5818,2200,4520,3790
Maharashtra,Nashik,Lasalgaon,Onion,Red,29/09/2020,9/29/2020,3251,2760,4940,4190
Maharashtra,Nashik,Lasalgaon,Onion,Other,30/09/2020,9/30/2020,4777,3000,5050,4330
Maharashtra,Nashik,Lasalgaon,Onion,Red,30/09/2020,9/30/2020,5312,2740,6640,4830
Maharashtra,Nashik,Lasalgaon,Onion,Other,1/10/2020,10/1/2020,3336,3990,7600,5600
Maharashtra,Nashik,Lasalgaon,Onion,Red,1/10/2020,10/1/2020,2050,3860,7600,6310
Maharashtra,Nashik,Lasalgaon,Onion,Other,2/10/2020,10/2/2020,2918,3070,6460,5100
Maharashtra,Nashik,Lasalgaon,Onion,Red,2/10/2020,10/2/2020,3550,3860,7970,5780
Maharashtra,Nashik,Lasalgaon,Onion,Other,3/10/2020,10/3/2020,3941,3730,6880,5750
Maharashtra,Nashik,Lasalgaon,Onion,Red,3/10/2020,10/3/2020,2274,4050,7920,6750
Maharashtra,Nashik,Lasalgaon,Onion,Other,5/10/2020,10/5/2020,2561,2960,6300,5320
Maharashtra,Nashik,Lasalgaon,Onion,Red,5/10/2020,10/5/2020,3761,3240,7600,5780
Maharashtra,Nashik,Lasalgaon,Onion,Other,6/10/2020,10/6/2020,2142,3420,7110,5770
Maharashtra,Nashik,Lasalgaon,Onion,Red,6/10/2020,10/6/2020,2475,4320,8040,6410
Maharashtra,Nashik,Lasalgaon,Onion,Other,7/10/2020,10/7/2020,2689,3760,7700,5560
Maharashtra,Nashik,Lasalgaon,Onion,Red,7/10/2020,10/7/2020,2375,4040,8630,6490
Maharashtra,Nashik,Lasalgaon,Onion,Other,8/10/2020,10/8/2020,2567,3430,6690,5330
Maharashtra,Nashik,Lasalgaon,Onion,Red,8/10/2020,10/8/2020,2907,4250,7760,5790
Maharashtra,Nashik,Lasalgaon,Onion,Other,9/10/2020,10/9/2020,3166,3290,6900,5690
Maharashtra,Nashik,Lasalgaon,Onion,Red,9/10/2020,10/9/2020,3117,4560,7450,6430
Maharashtra,Nashik,Lasalgaon,Onion,Other,10/10/2020,10/10/2020,5009,2910,5710,4780
Maharashtra,Nashik,Lasalgaon,Onion,Red,10/10/2020,10/10/2020,4813,3900,6590,5260
Maharashtra,Nashik,Lasalgaon,Onion,Other,12/10/2020,10/12/2020,3493,3730,6850,5440
Maharashtra,Nashik,Lasalgaon,Onion,Red,12/10/2020,10/12/2020,1528,3540,8360,6310
Maharashtra,Nashik,Lasalgaon,Onion,Other,13/10/2020,10/13/2020,3102,3350,6910,5610
Maharashtra,Nashik,Lasalgaon,Onion,Red,13/10/2020,10/13/2020,2496,4260,7770,6360
Maharashtra,Nashik,Lasalgaon,Onion,Other,14/10/2020,10/14/2020,4211,2960,6310,5370
Maharashtra,Nashik,Lasalgaon,Onion,Red,14/10/2020,10/14/2020,2748,4450,7530,6000
Maharashtra,Nashik,Lasalgaon,Onion,Other,15/10/2020,10/15/2020,4389,3190,7180,5510
Maharashtra,Nashik,Lasalgaon,Onion,Red,15/10/2020,10/15/2020,1690,3530,8030,5990
Maharashtra,Nashik,Lasalgaon,Onion,Other,16/10/2020,10/16/2020,3265,3210,6180,5170
Maharashtra,Nashik,Lasalgaon,Onion,Red,16/10/2020,10/16/2020,3370,3640,7050,5750
Maharashtra,Nashik,Lasalgaon,Onion,Other,17/10/2020,10/17/2020,4351,3170,6570,5390
Maharashtra,Nashik,Lasalgaon,Onion,Red,17/10/2020,10/17/2020,1831,4090,7790,6160
Maharashtra,Nashik,Lasalgaon,Onion,Other,19/10/2020,10/19/2020,2644,3600,6680,4870
Maharashtra,Nashik,Lasalgaon,Onion,Red,19/10/2020,10/19/2020,3139,3530,6510,5400
Maharashtra,Nashik,Lasalgaon,Onion,Other,20/10/2020,10/20/2020,4110,3370,6560,5460
Maharashtra,Nashik,Lasalgaon,Onion,Red,20/10/2020,10/20/2020,1867,4240,7960,6280
Maharashtra,Nashik,Lasalgaon,Onion,Other,21/10/2020,10/21/2020,3304,3610,6900,5520
Maharashtra,Nashik,Lasalgaon,Onion,Red,21/10/2020,10/21/2020,1890,4350,7610,6160
Maharashtra,Nashik,Lasalgaon,Onion,Other,22/10/2020,10/22/2020,2450,4150,8210,5990
Maharashtra,Nashik,Lasalgaon,Onion,Red,22/10/2020,10/22/2020,1671,3880,9550,6870
Maharashtra,Nashik,Lasalgaon,Onion,Other,23/10/2020,10/23/2020,3408,3890,7090,5900
Maharashtra,Nashik,Lasalgaon,Onion,Red,23/10/2020,10/23/2020,1823,4840,8760,6800
Maharashtra,Nashik,Lasalgaon,Onion,Other,24/10/2020,10/24/2020,4321,3690,6710,4990
Maharashtra,Nashik,Lasalgaon,Onion,Red,24/10/2020,10/24/2020,4643,3540,6460,5420
Maharashtra,Nashik,Lasalgaon,Onion,Other,26/10/2020,10/26/2020,4845,3310,6990,5110
Maharashtra,Nashik,Lasalgaon,Onion,Red,26/10/2020,10/26/2020,2510,3140,7790,5680
Maharashtra,Nashik,Lasalgaon,Onion,Other,27/10/2020,10/27/2020,4073,3630,7380,5460
Maharashtra,Nashik,Lasalgaon,Onion,Red,27/10/2020,10/27/2020,3314,4570,8090,6280
Maharashtra,Nashik,Lasalgaon,Onion,Other,28/10/2020,10/28/2020,2208,3360,6980,5360
Maharashtra,Nashik,Lasalgaon,Onion,Red,28/10/2020,10/28/2020,1935,4030,8470,6190
Maharashtra,Nashik,Lasalgaon,Onion,Other,29/10/2020,10/29/2020,3052,3530,6890,5560
Maharashtra,Nashik,Lasalgaon,Onion,Red,29/10/2020,10/29/2020,3088,4060,8120,6210
Maharashtra,Nashik,Lasalgaon,Onion,Other,30/10/2020,10/30/2020,3373,3780,7100,5750
Maharashtra,Nashik,Lasalgaon,Onion,Red,30/10/2020,10/30/2020,1464,4450,8270,6410
Maharashtra,Nashik,Lasalgaon,Onion,Other,31/10/2020,10/31/2020,2247,3120,6790,5150
Maharashtra,Nashik,Lasalgaon,Onion,Red,31/10/2020,10/31/2020,2642,3960,6860,5640
Maharashtra,Nashik,Lasalgaon,Onion,Other,2/11/2020,11/2/2020,4375,3130,5050,4310
Maharashtra,Nashik,Lasalgaon,Onion,Red,2/11/2020,11/2/2020,3323,3490,6320,4850
Maharashtra,Nashik,Lasalgaon,Onion,Other,3/11/2020,11/3/2020,3146,3870,7140,5200
Maharashtra,Nashik,Lasalgaon,Onion,Red,3/11/2020,11/3/2020,1884,4290,6590,5720
Maharashtra,Nashik,Lasalgaon,Onion,Other,4/11/2020,11/4/2020,4039,2570,5530,4570
Maharashtra,Nashik,Lasalgaon,Onion,Red,4/11/2020,11/4/2020,2853,3610,6780,5190
Maharashtra,Nashik,Lasalgaon,Onion,Other,5/11/2020,11/5/2020,5416,3510,6050,4920
Maharashtra,Nashik,Lasalgaon,Onion,Red,5/11/2020,11/5/2020,2047,3810,6420,5510
Maharashtra,Nashik,Lasalgaon,Onion,Other,6/11/2020,11/6/2020,2703,2830,6170,4830
Maharashtra,Nashik,Lasalgaon,Onion,Red,6/11/2020,11/6/2020,4630,3890,6550,5300
Maharashtra,Nashik,Lasalgaon,Onion,Other,7/11/2020,11/7/2020,2855,3320,5810,4540
Maharashtra,Nashik,Lasalgaon,Onion,Red,7/11/2020,11/7/2020,5046,2910,6330,5080
Maharashtra,Nashik,Lasalgaon,Onion,Other,9/11/2020,11/9/2020,5512,3020,5620,4840
Maharashtra,Nashik,Lasalgaon,Onion,Red,9/11/2020,11/9/2020,2946,3040,7610,5480
Maharashtra,Nashik,Lasalgaon,Onion,Other,10/11/2020,11/10/2020,5194,2990,5910,4510
Maharashtra,Nashik,Lasalgaon,Onion,Red,10/11/2020,11/10/2020,4244,2930,6950,5000
Maharashtra,Nashik,Lasalgaon,Onion,Other,11/11/2020,11/11/2020,4493,2930,6470,4640
Maharashtra,Nashik,Lasalgaon,Onion,Red,11/11/2020,11/11/2020,3904,3880,7440,5360
Maharashtra,Nashik,Lasalgaon,Onion,Other,12/11/2020,11/12/2020,3223,2540,5470,4560
Maharashtra,Nashik,Lasalgaon,Onion,Red,12/11/2020,11/12/2020,3295,3070,6260,5100
Maharashtra,Nashik,Lasalgaon,Onion,Other,13/11/2020,11/13/2020,4704,2410,5700,4320
Maharashtra,Nashik,Lasalgaon,Onion,Red,13/11/2020,11/13/2020,5071,3080,6310,4820
Maharashtra,Nashik,Lasalgaon,Onion,Other,14/11/2020,11/14/2020,3521,3750,6890,5070
Maharashtra,Nashik,Lasalgaon,Onion,Red,14/11/2020,11/14/2020,3405,3750,6600,5520
Maharashtra,Nashik,Lasalgaon,Onion,Other,16/11/2020,11/16/2020,6099,3320,5650,4510
Maharashtra,Nashik,Lasalgaon,Onion,Red,16/11/2020,11/16/2020,3967,3400,5920,5100
Maharashtra,Nashik,Lasalgaon,Onion,Other,17/11/2020,11/17/2020,3434,3070,5300,4340
Maharashtra,Nashik,Lasalgaon,Onion,Red,17/11/2020,11/17/2020,4177,3690,6150,4960
Maharashtra,Nashik,Lasalgaon,Onion,Other,18/11/2020,11/18/2020,3759,3500,6290,4770
Maharashtra,Nashik,Lasalgaon,Onion,Red,18/11/2020,11/18/2020,3226,4070,6740,5640
Maharashtra,Nashik,Lasalgaon,Onion,Other,19/11/2020,11/19/2020,5584,3200,5890,4480
Maharashtra,Nashik,Lasalgaon,Onion,Red,19/11/2020,11/19/2020,2738,3760,6200,5090
Maharashtra,Nashik,Lasalgaon,Onion,Other,20/11/2020,11/20/2020,3407,2940,5670,4930
Maharashtra,Nashik,Lasalgaon,Onion,Red,20/11/2020,11/20/2020,3012,4090,7280,5500
Maharashtra,Nashik,Lasalgaon,Onion,Other,21/11/2020,11/21/2020,6127,2490,5020,4270
Maharashtra,Nashik,Lasalgaon,Onion,Red,21/11/2020,11/21/2020,2721,3470,5520,4630
Maharashtra,Nashik,Lasalgaon,Onion,Other,23/11/2020,11/23/2020,3542,2510,5200,4240
Maharashtra,Nashik,Lasalgaon,Onion,Red,23/11/2020,11/23/2020,4842,3170,5970,4500
Maharashtra,Nashik,Lasalgaon,Onion,Other,24/11/2020,11/24/2020,3367,3380,5420,4540
Maharashtra,Nashik,Lasalgaon,Onion,Red,24/11/2020,11/24/2020,3563,3310,5930,5060
Maharashtra,Nashik,Lasalgaon,Onion,Other,25/11/2020,11/25/2020,5974,2770,5780,4500
Maharashtra,Nashik,Lasalgaon,Onion,Red,25/11/2020,11/25/2020,2159,3180,7070,5380
Maharashtra,Nashik,Lasalgaon,Onion,Other,26/11/2020,11/26/2020,3376,2460,4990,4310
Maharashtra,Nashik,Lasalgaon,Onion,Red,26/11/2020,11/26/2020,3129,3140,6280,4740
Maharashtra,Nashik,Lasalgaon,Onion,Other,27/11/2020,11/27/2020,5513,2700,5020,4010
Maharashtra,Nashik,Lasalgaon,Onion,Red,27/11/2020,11/27/2020,2604,3410,6310,4550
Maharashtra,Nashik,Lasalgaon,Onion,Other,28/11/2020,11/28/2020,6594,2320,5390,4050
Maharashtra,Nashik,Lasalgaon,Onion,Red,28/11/2020,11/28/2020,5273,3030,5990,4510
Maharashtra,Nashik,Lasalgaon,Onion,Other,30/11/2020,11/30/2020,4898,3040,4920,4150
Maharashtra,Nashik,Lasalgaon,Onion,Red,30/11/2020,11/30/2020,2871,3100,5960,4630
Maharashtra,Nashik,Lasalgaon,Onion,Other,1/12/2020,12/1/2020,7009,1510,2880,2400
Maharashtra,Nashik,Lasalgaon,Onion,Red,1/12/2020,12/1/2020,6037,1850,3440,2680
Maharashtra,Nashik,Lasalgaon,Onion,Other,2/12/2020,12/2/2020,7791,1540,3460,2600
Maharashtra,Nashik,Lasalgaon,Onion,Red,2/12/2020,12/2/2020,6007,1830,3530,2880
Maharashtra,Nashik,Lasalgaon,Onion,Other,3/12/2020,12/3/2020,5259,1570,3290,2410
Maharashtra,Nashik,Lasalgaon,Onion,Red,3/12/2020,12/3/2020,8681,1990,3750,2700
Maharashtra,Nashik,Lasalgaon,Onion,Other,4/12/2020,12/4/2020,7051,1330,3030,2350
Maharashtra,Nashik,Lasalgaon,Onion,Red,4/12/2020,12/4/2020,6391,1950,3780,2700
Maharashtra,Nashik,Lasalgaon,Onion,Other,5/12/2020,12/5/2020,7161,1230,2860,2240
Maharashtra,Nashik,Lasalgaon,Onion,Red,5/12/2020,12/5/2020,8803,1770,3150,2470
Maharashtra,Nashik,Lasalgaon,Onion,Other,7/12/2020,12/7/2020,7478,1460,3420,2510
Maharashtra,Nashik,Lasalgaon,Onion,Red,7/12/2020,12/7/2020,8310,1660,3400,2840
Maharashtra,Nashik,Lasalgaon,Onion,Other,8/12/2020,12/8/2020,8579,1430,3080,2340
Maharashtra,Nashik,Lasalgaon,Onion,Red,8/12/2020,12/8/2020,8966,1610,3250,2590
Maharashtra,Nashik,Lasalgaon,Onion,Other,9/12/2020,12/9/2020,6250,1510,2860,2360
Maharashtra,Nashik,Lasalgaon,Onion,Red,9/12/2020,12/9/2020,5220,1840,3130,2660
Maharashtra,Nashik,Lasalgaon,Onion,Other,10/12/2020,12/10/2020,7742,1650,2660,2300
Maharashtra,Nashik,Lasalgaon,Onion,Red,10/12/2020,12/10/2020,7537,1870,3070,2540
Maharashtra,Nashik,Lasalgaon,Onion,Other,11/12/2020,12/11/2020,8081,1300,2980,2250
Maharashtra,Nashik,Lasalgaon,Onion,Red,11/12/2020,12/11/2020,4834,1720,3090,2500
Maharashtra,Nashik,Lasalgaon,Onion,Other,12/12/2020,12/12/2020,6000,1540,2780,2210
Maharashtra,Nashik,Lasalgaon,Onion,Red,12/12/2020,12/12/2020,5205,1610,3180,2650
Maharashtra,Nashik,Lasalgaon,Onion,Other,14/12/2020,12/14/2020,8249,1230,2640,2210
Maharashtra,Nashik,Lasalgaon,Onion,Red,14/12/2020,12/14/2020,7800,1490,3200,2430
Maharashtra,Nashik,Lasalgaon,Onion,Other,15/12/2020,12/15/2020,9282,1270,3070,2300
Maharashtra,Nashik,Lasalgaon,Onion,Red,15/12/2020,12/15/2020,5584,1870,3080,2580
Maharashtra,Nashik,Lasalgaon,Onion,Other,16/12/2020,12/16/2020,7050,1570,2780,2260
Maharashtra,Nashik,Lasalgaon,Onion,Red,16/12/2020,12/16/2020,8501,1690,3080,2450
Maharashtra,Nashik,Lasalgaon,Onion,Other,17/12/2020,12/17/2020,9250,1340,2800,2020
Maharashtra,Nashik,Lasalgaon,Onion,Red,17/12/2020,12/17/2020,5347,1450,2810,2300
Maharashtra,Nashik,Lasalgaon,Onion,Other,18/12/2020,12/18/2020,6069,1350,2350,2050
Maharashtra,Nashik,Lasalgaon,Onion,Red,18/12/2020,12/18/2020,8024,1360,3200,2300
Maharashtra,Nashik,Lasalgaon,Onion,Other,19/12/2020,12/19/2020,7248,1350,2490,2070
Maharashtra,Nashik,Lasalgaon,Onion,Red,19/12/2020,12/19/2020,7517,1650,3000,2300
Maharashtra,Nashik,Lasalgaon,Onion,Other,21/12/2020,12/21/2020,5809,1640,2840,2220
Maharashtra,Nashik,Lasalgaon,Onion,Red,21/12/2020,12/21/2020,7287,1600,2990,2500
Maharashtra,Nashik,Lasalgaon,Onion,Other,22/12/2020,12/22/2020,9342,1170,2520,1990
Maharashtra,Nashik,Lasalgaon,Onion,Red,22/12/2020,12/22/2020,5992,1470,2940,2220
Maharashtra,Nashik,Lasalgaon,Onion,Other,23/12/2020,12/23/2020,7202,1290,2200,1890
Maharashtra,Nashik,Lasalgaon,Onion,Red,23/12/2020,12/23/2020,9384,1370,2760,2240
Maharashtra,Nashik,Lasalgaon,Onion,Other,24/12/2020,12/24/2020,6645,1300,2730,2000
Maharashtra,Nashik,Lasalgaon,Onion,Red,24/12/2020,12/24/2020,5870,1530,2980,2180
Maharashtra,Nashik,Lasalgaon,Onion,Other,25/12/2020,12/25/2020,6168,1330,2150,1850
Maharashtra,Nashik,Lasalgaon,Onion,Red,25/12/2020,12/25/2020,6747,1380,2590,2010
Maharashtra,Nashik,Lasalgaon,Onion,Other,26/12/2020,12/26/2020,9609,1190,2380,1860
Maharashtra,Nashik,Lasalgaon,Onion,Red,26/12/2020,12/26/2020,7819,1260,2870,2100
Maharashtra,Nashik,Lasalgaon,Onion,Other,28/12/2020,12/28/2020,6349,1170,2430,1950
Maharashtra,Nashik,Lasalgaon,Onion,Red,28/12/2020,12/28/2020,7532,1390,2740,2230
Maharashtra,Nashik,Lasalgaon,Onion,Other,29/12/2020,12/29/2020,9115,1430,2550,2010
Maharashtra,Nashik,Lasalgaon,Onion,Red,29/12/2020,12/29/2020,7510,1340,2580,2240
Maharashtra,Nashik,Lasalgaon,Onion,Other,30/12/2020,12/30/2020,7606,1630,3110,2230
Maharashtra,Nashik,Lasalgaon,Onion,Red,30/12/2020,12/30/2020,4867,1690,2820,2400
Maharashtra,Nashik,Lasalgaon,Onion,Other,31/12/2020,12/31/2020,7863,1210,2320,1890
Maharashtra,Nashik,Lasalgaon,Onion,Red,31/12/2020,12/31/2020,5091,1300,2880,2210
Maharashtra,Nashik,Lasalgaon,Onion,Other,1/1/2021,1/1/2021,4585,1190,2750,2000
Maharashtra,Nashik,Lasalgaon,Onion,Red,1/1/2021,1/1/2021,6785,1300,2850,2210
Maharashtra,Nashik,Lasalgaon,Onion,Other,2/1/2021,1/2/2021,8031,1170,2410,1950
Maharashtra,Nashik,Lasalgaon,Onion,Red,2/1/2021,1/2/2021,8989,1490,2450,2050
Maharashtra,Nashik,Lasalgaon,Onion,Other,4/1/2021,1/4/2021,9600,1080,2290,1930
Maharashtra,Nashik,Lasalgaon,Onion,Red,4/1/2021,1/4/2021,9528,1380,2510,2140
Maharashtra,Nashik,Lasalgaon,Onion,Other,5/1/2021,1/5/2021,9050,1460,2390,1990
Maharashtra,Nashik,Lasalgaon,Onion,Red,5/1/2021,1/5/2021,8457,1550,3080,2260
Maharashtra,Nashik,Lasalgaon,Onion,Other,6/1/2021,1/6/2021,4834,1240,2550,2070
Maharashtra,Nashik,Lasalgaon,Onion,Red,6/1/2021,1/6/2021,6936,1670,2780,2270
Maharashtra,Nashik,Lasalgaon,Onion,Other,7/1/2021,1/7/2021,9201,1210,2640,1960
Maharashtra,Nashik,Lasalgaon,Onion,Red,7/1/2021,1/7/2021,8281,1400,2730,2190
Maharashtra,Nashik,Lasalgaon,Onion,Other,8/1/2021,1/8/2021,6570,1140,2620,1910
Maharashtra,Nashik,Lasalgaon,Onion,Red,8/1/2021,1/8/2021,5213,1430,2930,2160
Maharashtra,Nashik,Lasalgaon,Onion,Other,9/1/2021,1/9/2021,6751,1400,2290,1920
Maharashtra,Nashik,Lasalgaon,Onion,Red,9/1/2021,1/9/2021,4737,1600,2580,2230
Maharashtra,Nashik,Lasalgaon,Onion,Other,11/1/2021,1/11/2021,7324,1350,2560,1970
Maharashtra,Nashik,Lasalgaon,Onion,Red,11/1/2021,1/11/2021,6614,1560,2620,2170
Maharashtra,Nashik,Lasalgaon,Onion,Other,12/1/2021,1/12/2021,7117,1110,2280,1850
Maharashtra,Nashik,Lasalgaon,Onion,Red,12/1/2021,1/12/2021,8166,1110,2350,2010
Maharashtra,Nashik,Lasalgaon,Onion,Other,13/01/2021,1/13/2021,7893,1310,2200,1910
Maharashtra,Nashik,Lasalgaon,Onion,Red,13/01/2021,1/13/2021,9736,1210,2860,2120
Maharashtra,Nashik,Lasalgaon,Onion,Other,14/01/2021,1/14/2021,9177,1180,2500,1980
Maharashtra,Nashik,Lasalgaon,Onion,Red,14/01/2021,1/14/2021,6557,1310,2720,2240
Maharashtra,Nashik,Lasalgaon,Onion,Other,15/01/2021,1/15/2021,6719,1220,1950,1660
Maharashtra,Nashik,Lasalgaon,Onion,Red,15/01/2021,1/15/2021,8085,1340,2340,1940
Maharashtra,Nashik,Lasalgaon,Onion,Other,16/01/2021,1/16/2021,7223,1160,2440,1880
Maharashtra,Nashik,Lasalgaon,Onion,Red,16/01/2021,1/16/2021,8277,1570,2840,2120
Maharashtra,Nashik,Lasalgaon,Onion,Other,18/01/2021,1/18/2021,6004,1100,2350,1700
Maharashtra,Nashik,Lasalgaon,Onion,Red,18/01/2021,1/18/2021,5763,1130,2350,1880
Maharashtra,Nashik,Lasalgaon,Onion,Other,19/01/2021,1/19/2021,7632,1280,2180,1790
Maharashtra,Nashik,Lasalgaon,Onion,Red,19/01/2021,1/19/2021,6565,1140,2780,2010
Maharashtra,Nashik,Lasalgaon,Onion,Other,20/01/2021,1/20/2021,6902,960,1820,1500
Maharashtra,Nashik,Lasalgaon,Onion,Red,20/01/2021,1/20/2021,6339,1170,2230,1640
Maharashtra,Nashik,Lasalgaon,Onion,Other,21/01/2021,1/21/2021,5742,980,2390,1740
Maharashtra,Nashik,Lasalgaon,Onion,Red,21/01/2021,1/21/2021,7479,1340,2530,1950
Maharashtra,Nashik,Lasalgaon,Onion,Other,22/01/2021,1/22/2021,9296,1190,2010,1670
Maharashtra,Nashik,Lasalgaon,Onion,Red,22/01/2021,1/22/2021,8901,1110,2120,1770
Maharashtra,Nashik,Lasalgaon,Onion,Other,23/01/2021,1/23/2021,8171,900,1990,1600
Maharashtra,Nashik,Lasalgaon,Onion,Red,23/01/2021,1/23/2021,6975,1160,2200,1750
Maharashtra,Nashik,Lasalgaon,Onion,Other,25/01/2021,1/25/2021,5462,1140,2100,1540
Maharashtra,Nashik,Lasalgaon,Onion,Red,25/01/2021,1/25/2021,7654,920,2290,1660
Maharashtra,Nashik,Lasalgaon,Onion,Other,26/01/2021,1/26/2021,10273,1030,2140,1680
Maharashtra,Nashik,Lasalgaon,Onion,Red,26/01/2021,1/26/2021,5109,1300,2250,1900
Maharashtra,Nashik,Lasalgaon,Onion,Other,27/01/2021,1/27/2021,10261,970,1830,1590
Maharashtra,Nashik,Lasalgaon,Onion,Red,27/01/2021,1/27/2021,5849,1020,2010,1740
Maharashtra,Nashik,Lasalgaon,Onion,Other,28/01/2021,1/28/2021,7437,1080,2010,1470
Maharashtra,Nashik,Lasalgaon,Onion,Red,28/01/2021,1/28/2021,6026,1000,2040,1580
Maharashtra,Nashik,Lasalgaon,Onion,Other,29/01/2021,1/29/2021,4756,930,1840,1440
Maharashtra,Nashik,Lasalgaon,Onion,Red,29/01/2021,1/29/2021,8684,920,1980,1590
Maharashtra,Nashik,Lasalgaon,Onion,Other,30/01/2021,1/30/2021,6660,950,1970,1440
Maharashtra,Nashik,Lasalgaon,Onion,Red,30/01/2021,1/30/2021,9118,890,1970,1550
Maharashtra,Nashik,Lasalgaon,Onion,Other,1/2/2021,2/1/2021,7652,790,1650,1420
Maharashtra,Nashik,Lasalgaon,Onion,Red,1/2/2021,2/1/2021,8237,950,2110,1550
Maharashtra,Nashik,Lasalgaon,Onion,Other,2/2/2021,2/2/2021,10471,800,1420,1230
Maharashtra,Nashik,Lasalgaon,Onion,Red,2/2/2021,2/2/2021,5471,1000,1590,1330
Maharashtra,Nashik,Lasalgaon,Onion,Other,3/2/2021,2/3/2021,9295,980,1960,1440
Maharashtra,Nashik,Lasalgaon,Onion,Red,3/2/2021,2/3/2021,8737,1000,2040,1570
Maharashtra,Nashik,Lasalgaon,Onion,Other,4/2/2021,2/4/2021,9007,770,1460,1130
Maharashtra,Nashik,Lasalgaon,Onion,Red,4/2/2021,2/4/2021,8767,890,1760,1320
Maharashtra,Nashik,Lasalgaon,Onion,Other,5/2/2021,2/5/2021,4591,980,1850,1530
Maharashtra,Nashik,Lasalgaon,Onion,Red,5/2/2021,2/5/2021,10233,1140,2240,1720
Maharashtra,Nashik,Lasalgaon,Onion,Other,6/2/2021,2/6/2021,9679,740,1460,1250
Maharashtra,Nashik,Lasalgaon,Onion,Red,6/2/2021,2/6/2021,9025,800,1740,1340
Maharashtra,Nashik,Lasalgaon,Onion,Other,8/2/2021,2/8/2021,10245,890,1710,1400
Maharashtra,Nashik,Lasalgaon,Onion,Red,8/2/2021,2/8/2021,4720,1130,1860,1560
Maharashtra,Nashik,Lasalgaon,Onion,Other,9/2/2021,2/9/2021,7110,950,1650,1280
Maharashtra,Nashik,Lasalgaon,Onion,Red,9/2/2021,2/9/2021,6621,1030,1780,1410
Maharashtra,Nashik,Lasalgaon,Onion,Other,10/2/2021,2/10/2021,8364,910,1540,1290
Maharashtra,Nashik,Lasalgaon,Onion,Red,10/2/2021,2/10/2021,9490,1110,1820,1490
Maharashtra,Nashik,Lasalgaon,Onion,Other,11/2/2021,2/11/2021,8817,860,1460,1220
Maharashtra,Nashik,Lasalgaon,Onion,Red,11/2/2021,2/11/2021,6511,780,1900,1370
Maharashtra,Nashik,Lasalgaon,Onion,Other,12/2/2021,2/12/2021,9520,900,1610,1220
Maharashtra,Nashik,Lasalgaon,Onion,Red,12/2/2021,2/12/2021,5391,880,1710,1350
Maharashtra,Nashik,Lasalgaon,Onion,Other,13/02/2021,2/13/2021,7525,830,1510,1120
Maharashtra,Nashik,Lasalgaon,Onion,Red,13/02/2021,2/13/2021,5535,730,1700,1260
Maharashtra,Nashik,Lasalgaon,Onion,Other,15/02/2021,2/15/2021,6849,770,1570,1160
Maharashtra,Nashik,Lasalgaon,Onion,Red,15/02/2021,2/15/2021,9482,730,1620,1280
Maharashtra,Nashik,Lasalgaon,Onion,Other,16/02/2021,2/16/2021,11231,840,1580,1140
Maharashtra,Nashik,Lasalgaon,Onion,Red,16/02/2021,2/16/2021,6114,890,1500,1250
Maharashtra,Nashik,Lasalgaon,Onion,Other,17/02/2021,2/17/2021,9589,800,1460,1080
Maharashtra,Nashik,Lasalgaon,Onion,Red,17/02/2021,2/17/2021,10140,690,1620,1170
Maharashtra,Nashik,Lasalgaon,Onion,Other,18/02/2021,2/18/2021,5460,770,1480,1130
Maharashtra,Nashik,Lasalgaon,Onion,Red,18/02/2021,2/18/2021,9067,770,1760,1260
Maharashtra,Nashik,Lasalgaon,Onion,Other,19/02/2021,2/19/2021,6498,610,1320,1080
Maharashtra,Nashik,Lasalgaon,Onion,Red,19/02/2021,2/19/2021,8443,740,1480,1230
Maharashtra,Nashik,Lasalgaon,Onion,Other,20/02/2021,2/20/2021,4894,700,1510,1190
Maharashtra,Nashik,Lasalgaon,Onion,Red,20/02/2021,2/20/2021,10875,850,1530,1320
Maharashtra,Nashik,Lasalgaon,Onion,Other,22/02/2021,2/22/2021,9789,620,1420,1100
Maharashtra,Nashik,Lasalgaon,Onion,Red,22/02/2021,2/22/2021,9901,750,1650,1280
Maharashtra,Nashik,Lasalgaon,Onion,Other,23/02/2021,2/23/2021,7467,820,1560,1130
Maharashtra,Nashik,Lasalgaon,Onion,Red,23/02/2021,2/23/2021,9147,850,1730,1290
Maharashtra,Nashik,Lasalgaon,Onion,Other,24/02/2021,2/24/2021,9621,590,1190,980
Maharashtra,Nashik,Lasalgaon,Onion,Red,24/02/2021,2/24/2021,9390,610,1440,1080
Maharashtra,Nashik,Lasalgaon,Onion,Other,25/02/2021,2/25/2021,10696,680,1350,1000
Maharashtra,Nashik,Lasalgaon,Onion,Red,25/02/2021,2/25/2021,8638,790,1530,1100
Maharashtra,Nashik,Lasalgaon,Onion,Other,26/02/2021,2/26/2021,7495,740,1230,1040
Maharashtra,Nashik,Lasalgaon,Onion,Red,26/02/2021,2/26/2021,5604,720,1450,1180
Maharashtra,Nashik,Lasalgaon,Onion,Other,27/02/2021,2/27/2021,6662,650,1180,970
Maharashtra,Nashik,Lasalgaon,Onion,Red,27/02/2021,2/27/2021,5668,700,1410,1080
Maharashtra,Nashik,Lasalgaon,Onion,Other,1/3/2021,3/1/2021,8907,730,1220,970
Maharashtra,Nashik,Lasalgaon,Onion,Red,1/3/2021,3/1/2021,5369,640,1360,1070
Maharashtra,Nashik,Lasalgaon,Onion,Other,2/3/2021,3/2/2021,9466,620,1170,990
Maharashtra,Nashik,Lasalgaon,Onion,Red,2/3/2021,3/2/2021,8918,820,1370,1100
Maharashtra,Nashik,Lasalgaon,Onion,Other,3/3/2021,3/3/2021,6695,620,1380,1080
Maharashtra,Nashik,Lasalgaon,Onion,Red,3/3/2021,3/3/2021,5638,700,1510,1200
Maharashtra,Nashik,Lasalgaon,Onion,Other,4/3/2021,3/4/2021,5890,620,1120,950
Maharashtra,Nashik,Lasalgaon,Onion,Red,4/3/2021,3/4/2021,5483,740,1550,1110
Maharashtra,Nashik,Lasalgaon,Onion,Other,5/3/2021,3/5/2021,8380,560,1370,1000
Maharashtra,Nashik,Lasalgaon,Onion,Red,5/3/2021,3/5/2021,6784,700,1360,1110
Maharashtra,Nashik,Lasalgaon,Onion,Other,6/3/2021,3/6/2021,10198,690,1300,990
Maharashtra,Nashik,Lasalgaon,Onion,Red,6/3/2021,3/6/2021,7851,660,1430,1100
Maharashtra,Nashik,Lasalgaon,Onion,Other,8/3/2021,3/8/2021,7688,600,1220,890
Maharashtra,Nashik,Lasalgaon,Onion,Red,8/3/2021,3/8/2021,7188,580,1310,1020
Maharashtra,Nashik,Lasalgaon,Onion,Other,9/3/2021,3/9/2021,9311,610,1190,940
Maharashtra,Nashik,Lasalgaon,Onion,Red,9/3/2021,3/9/2021,10902,600,1280,1050
Maharashtra,Nashik,Lasalgaon,Onion,Other,10/3/2021,3/10/2021,6908,660,1280,940
Maharashtra,Nashik,Lasalgaon,Onion,Red,10/3/2021,3/10/2021,9487,750,1320,1020
Maharashtra,Nashik,Lasalgaon,Onion,Other,11/3/2021,3/11/2021,6750,630,1000,840
Maharashtra,Nashik,Lasalgaon,Onion,Red,11/3/2021,3/11/2021,10514,680,1240,950
Maharashtra,Nashik,Lasalgaon,Onion,Other,12/3/2021,3/12/2021,10901,560,880,760
Maharashtra,Nashik,Lasalgaon,Onion,Red,12/3/2021,3/12/2021,5957,510,1170,860
Maharashtra,Nashik,Lasalgaon,Onion,Other,13/03/2021,3/13/2021,10319,600,1240,930
Maharashtra,Nashik,Lasalgaon,Onion,Red,13/03/2021,3/13/2021,7828,730,1440,1040
Maharashtra,Nashik,Lasalgaon,Onion,Other,15/03/2021,3/15/2021,5306,550,990,830
Maharashtra,Nashik,Lasalgaon,Onion,Red,15/03/2021,3/15/2021,8916,510,1250,920
Maharashtra,Nashik,Lasalgaon,Onion,Other,16/03/2021,3/16/2021,9117,500,1250,890
Maharashtra,Nashik,Lasalgaon,Onion,Red,16/03/2021,3/16/2021,9965,580,1310,990
Maharashtra,Nashik,Lasalgaon,Onion,Other,17/03/2021,3/17/2021,5621,520,1100,900
Maharashtra,Nashik,Lasalgaon,Onion,Red,17/03/2021,3/17/2021,10966,590,1210,1000
Maharashtra,Nashik,Lasalgaon,Onion,Other,18/03/2021,3/18/2021,11754,550,1140,830
Maharashtra,Nashik,Lasalgaon,Onion,Red,18/03/2021,3/18/2021,10230,640,1270,910
Maharashtra,Nashik,Lasalgaon,Onion,Other,19/03/2021,3/19/2021,6892,560,1020,820
Maharashtra,Nashik,Lasalgaon,Onion,Red,19/03/2021,3/19/2021,5231,600,1250,900
Maharashtra,Nashik,Lasalgaon,Onion,Other,20/03/2021,3/20/2021,10131,640,1190,860
Maharashtra,Nashik,Lasalgaon,Onion,Red,20/03/2021,3/20/2021,8529,650,1190,990
Maharashtra,Nashik,Lasalgaon,Onion,Other,22/03/2021,3/22/2021,9077,590,990,830
Maharashtra,Nashik,Lasalgaon,Onion,Red,22/03/2021,3/22/2021,6307,570,1070,930
Maharashtra,Nashik,Lasalgaon,Onion,Other,23/03/2021,3/23/2021,5155,560,950,760
Maharashtra,Nashik,Lasalgaon,Onion,Red,23/03/2021,3/23/2021,5736,500,980,830
Maharashtra,Nashik,Lasalgaon,Onion,Other,24/03/2021,3/24/2021,10870,470,1000,810
Maharashtra,Nashik,Lasalgaon,Onion,Red,24/03/2021,3/24/2021,8338,560,1220,880
Maharashtra,Nashik,Lasalgaon,Onion,Other,25/03/2021,3/25/2021,9392,490,1010,860
Maharashtra,Nashik,Lasalgaon,Onion,Red,25/03/2021,3/25/2021,11031,610,1280,950
Maharashtra,Nashik,Lasalgaon,Onion,Other,26/03/2021,3/26/2021,10592,560,1190,860
Maharashtra,Nashik,Lasalgaon,Onion,Red,26/03/2021,3/26/2021,10119,670,1110,920
Maharashtra,Nashik,Lasalgaon,Onion,Other,27/03/2021,3/27/2021,11673,550,860,740
Maharashtra,Nashik,Lasalgaon,Onion,Red,27/03/2021,3/27/2021,6909,470,1110,820
Maharashtra,Nashik,Lasalgaon,Onion,Other,29/03/2021,3/29/2021,9602,480,890,720
Maharashtra,Nashik,Lasalgaon,Onion,Red,29/03/2021,3/29/2021,5744,440,920,790
Maharashtra,Nashik,Lasalgaon,Onion,Other,30/03/2021,3/30/2021,8907,600,1000,830
Maharashtra,Nashik,Lasalgaon,Onion,Red,30/03/2021,3/30/2021,7703,650,1120,920
Maharashtra,Nashik,Lasalgaon,Onion,Other,31/03/2021,3/31/2021,9393,400,850,720
Maharashtra,Nashik,Lasalgaon,Onion,Red,31/03/2021,3/31/2021,7345,450,960,800
Maharashtra,Nashik,Lasalgaon,Onion,Other,1/4/2021,4/1/2021,6650,490,920,710
Maharashtra,Nashik,Lasalgaon,Onion,Red,1/4/2021,4/1/2021,10576,600,1050,830
Maharashtra,Nashik,Lasalgaon,Onion,Other,2/4/2021,4/2/2021,8570,540,1070,770
Maharashtra,Nashik,Lasalgaon,Onion,Red,2/4/2021,4/2/2021,10922,560,1150,860
Maharashtra,Nashik,Lasalgaon,Onion,Other,3/4/2021,4/3/2021,8793,540,910,760
Maharashtra,Nashik,Lasalgaon,Onion,Red,3/4/2021,4/3/2021,11279,500,1050,850
Maharashtra,Nashik,Lasalgaon,Onion,Other,5/4/2021,4/5/2021,7293,520,910,770
Maharashtra,Nashik,Lasalgaon,Onion,Red,5/4/2021,4/5/2021,10415,560,1010,840
Maharashtra,Nashik,Lasalgaon,Onion,Other,6/4/2021,4/6/2021,5239,520,910,740
Maharashtra,Nashik,Lasalgaon,Onion,Red,6/4/2021,4/6/2021,7706,530,1120,800
Maharashtra,Nashik,Lasalgaon,Onion,Other,7/4/2021,4/7/2021,8898,530,1030,770
Maharashtra,Nashik,Lasalgaon,Onion,Red,7/4/2021,4/7/2021,11020,640,1140,860
Maharashtra,Nashik,Lasalgaon,Onion,Other,8/4/2021,4/8/2021,10351,490,980,800
Maharashtra,Nashik,Lasalgaon,Onion,Red,8/4/2021,4/8/2021,6642,560,1180,920
Maharashtra,Nashik,Lasalgaon,Onion,Other,9/4/2021,4/9/2021,6999,450,990,770
Maharashtra,Nashik,Lasalgaon,Onion,Red,9/4/2021,4/9/2021,5427,540,1100,890
Maharashtra,Nashik,Lasalgaon,Onion,Other,10/4/2021,4/10/2021,9738,470,860,700
Maharashtra,Nashik,Lasalgaon,Onion,Red,10/4/2021,4/10/2021,5826,570,1070,810
Maharashtra,Nashik,Lasalgaon,Onion,Other,12/4/2021,4/12/2021,8106,390,870,690
Maharashtra,Nashik,Lasalgaon,Onion,Red,12/4/2021,4/12/2021,7149,510,1050,800
Maharashtra,Nashik,Lasalgaon,Onion,Other,13/04/2021,4/13/2021,7491,500,950,730
Maharashtra,Nashik,Lasalgaon,Onion,Red,13/04/2021,4/13/2021,8211,570,1050,820
Maharashtra,Nashik,Lasalgaon,Onion,Other,14/04/2021,4/14/2021,5967,580,1050,860
Maharashtra,Nashik,Lasalgaon,Onion,Red,14/04/2021,4/14/2021,10729,560,1260,960
Maharashtra,Nashik,Lasalgaon,Onion,Other,15/04/2021,4/15/2021,11153,490,950,700
Maharashtra,Nashik,Lasalgaon,Onion,Red,15/04/2021,4/15/2021,5182,520,1060,780
Maharashtra,Nashik,Lasalgaon,Onion,Other,16/04/2021,4/16/2021,7218,480,940,740
Maharashtra,Nashik,Lasalgaon,Onion,Red,16/04/2021,4/16/2021,7415,600,990,830
Maharashtra,Nashik,Lasalgaon,Onion,Other,17/04/2021,4/17/2021,7220,590,1100,800
Maharashtra,Nashik,Lasalgaon,Onion,Red,17/04/2021,4/17/2021,6708,610,1070,910
Maharashtra,Nashik,Lasalgaon,Onion,Other,19/04/2021,4/19/2021,8916,540,930,750
Maharashtra,Nashik,Lasalgaon,Onion,Red,19/04/2021,4/19/2021,11565,530,1050,830
Maharashtra,Nashik,Lasalgaon,Onion,Other,20/04/2021,4/20/2021,8357,510,940,810
Maharashtra,Nashik,Lasalgaon,Onion,Red,20/04/2021,4/20/2021,5483,620,1020,870
Maharashtra,Nashik,Lasalgaon,Onion,Other,21/04/2021,4/21/2021,8236,550,1020,790
Maharashtra,Nashik,Lasalgaon,Onion,Red,21/04/2021,4/21/2021,10450,630,1170,870
Maharashtra,Nashik,Lasalgaon,Onion,Other,22/04/2021,4/22/2021,11316,510,1090,800
Maharashtra,Nashik,Lasalgaon,Onion,Red,22/04/2021,4/22/2021,11357,510,1070,920
Maharashtra,Nashik,Lasalgaon,Onion,Other,23/04/2021,4/23/2021,5600,510,950,810
Maharashtra,Nashik,Lasalgaon,Onion,Red,23/04/2021,4/23/2021,8253,520,1090,900
Maharashtra,Nashik,Lasalgaon,Onion,Other,24/04/2021,4/24/2021,8537,540,1060,820
Maharashtra,Nashik,Lasalgaon,Onion,Red,24/04/2021,4/24/2021,5686,470,980,850
Maharashtra,Nashik,Lasalgaon,Onion,Other,26/04/2021,4/26/2021,11319,480,1110,810
Maharashtra,Nashik,Lasalgaon,Onion,Red,26/04/2021,4/26/2021,6819,660,1230,890
Maharashtra,Nashik,Lasalgaon,Onion,Other,27/04/2021,4/27/2021,10911,520,1010,730
Maharashtra,Nashik,Lasalgaon,Onion,Red,27/04/2021,4/27/2021,5708,520,1100,820
Maharashtra,Nashik,Lasalgaon,Onion,Other,28/04/2021,4/28/2021,7011,620,1190,870
Maharashtra,Nashik,Lasalgaon,Onion,Red,28/04/2021,4/28/2021,5493,720,1150,970
Maharashtra,Nashik,Lasalgaon,Onion,Other,29/04/2021,4/29/2021,9900,560,1180,870
Maharashtra,Nashik,Lasalgaon,Onion,Red,29/04/2021,4/29/2021,5353,570,1340,970
Maharashtra,Nashik,Lasalgaon,Onion,Other,30/04/2021,4/30/2021,6224,520,1010,800
Maharashtra,Nashik,Lasalgaon,Onion,Red,30/04/2021,4/30/2021,6348,570,1090,910
Maharashtra,Nashik,Lasalgaon,Onion,Other,1/5/2021,5/1/2021,11066,580,1060,820
Maharashtra,Nashik,Lasalgaon,Onion,Red,1/5/2021,5/1/2021,9459,600,1170,890
Maharashtra,Nashik,Lasalgaon,Onion,Other,3/5/2021,5/3/2021,10141,530,1270,930
Maharashtra,Nashik,Lasalgaon,Onion,Red,3/5/2021,5/3/2021,4995,620,1380,1030
Maharashtra,Nashik,Lasalgaon,Onion,Other,4/5/2021,5/4/2021,8360,630,1010,880
Maharashtra,Nashik,Lasalgaon,Onion,Red,4/5/2021,5/4/2021,9193,700,1200,1010
Maharashtra,Nashik,Lasalgaon,Onion,Other,5/5/2021,5/5/2021,6310,560,1150,960
Maharashtra,Nashik,Lasalgaon,Onion,Red,5/5/2021,5/5/2021,7460,640,1290,1070
Maharashtra,Nashik,Lasalgaon,Onion,Other,6/5/2021,5/6/2021,5903,580,1090,820
Maharashtra,Nashik,Lasalgaon,Onion,Red,6/5/2021,5/6/2021,5479,540,1320,970
Maharashtra,Nashik,Lasalgaon,Onion,Other,7/5/2021,5/7/2021,7705,700,1280,930
Maharashtra,Nashik,Lasalgaon,Onion,Red,7/5/2021,5/7/2021,5863,680,1340,1090
Maharashtra,Nashik,Lasalgaon,Onion,Other,8/5/2021,5/8/2021,8900,530,1200,860
Maharashtra,Nashik,Lasalgaon,Onion,Red,8/5/2021,5/8/2021,7994,710,1190,950
Maharashtra,Nashik,Lasalgaon,Onion,Other,10/5/2021,5/10/2021,11666,490,1170,840
Maharashtra,Nashik,Lasalgaon,Onion,Red,10/5/2021,5/10/2021,7789,520,1110,930
Maharashtra,Nashik,Lasalgaon,Onion,Other,11/5/2021,5/11/2021,6827,510,1110,880
Maharashtra,Nashik,Lasalgaon,Onion,Red,11/5/2021,5/11/2021,7789,590,1120,960
Maharashtra,Nashik,Lasalgaon,Onion,Other,12/5/2021,5/12/2021,11483,550,1220,970
Maharashtra,Nashik,Lasalgaon,Onion,Red,12/5/2021,5/12/2021,9938,770,1520,1090
Maharashtra,Nashik,Lasalgaon,Onion,Other,13/05/2021,5/13/2021,11083,670,1210,950
Maharashtra,Nashik,Lasalgaon,Onion,Red,13/05/2021,5/13/2021,9258,770,1470,1080
Maharashtra,Nashik,Lasalgaon,Onion,Other,14/05/2021,5/14/2021,10470,580,1120,940
Maharashtra,Nashik,Lasalgaon,Onion,Red,14/05/2021,5/14/2021,9076,770,1460,1080
Maharashtra,Nashik,Lasalgaon,Onion,Other,15/05/2021,5/15/2021,5603,480,1180,870
Maharashtra,Nashik,Lasalgaon,Onion,Red,15/05/2021,5/15/2021,8452,640,1210,950
Maharashtra,Nashik,Lasalgaon,Onion,Other,17/05/2021,5/17/2021,8448,540,1300,970
Maharashtra,Nashik,Lasalgaon,Onion,Red,17/05/2021,5/17/2021,8877,590,1240,1070
Maharashtra,Nashik,Lasalgaon,Onion,Other,18/05/2021,5/18/2021,8983,640,1300,970
Maharashtra,Nashik,Lasalgaon,Onion,Red,18/05/2021,5/18/2021,8918,670,1460,1120
Maharashtra,Nashik,Lasalgaon,Onion,Other,19/05/2021,5/19/2021,11126,770,1240,1040
Maharashtra,Nashik,Lasalgaon,Onion,Red,19/05/2021,5/19/2021,5429,790,1590,1210
Maharashtra,Nashik,Lasalgaon,Onion,Other,20/05/2021,5/20/2021,8424,750,1260,1090
Maharashtra,Nashik,Lasalgaon,Onion,Red,20/05/2021,5/20/2021,10543,680,1680,1200
Maharashtra,Nashik,Lasalgaon,Onion,Other,21/05/2021,5/21/2021,9241,700,1270,1000
Maharashtra,Nashik,Lasalgaon,Onion,Red,21/05/2021,5/21/2021,7568,710,1410,1150
Maharashtra,Nashik,Lasalgaon,Onion,Other,22/05/2021,5/22/2021,10739,650,1310,1050
Maharashtra,Nashik,Lasalgaon,Onion,Red,22/05/2021,5/22/2021,10982,760,1500,1160
Maharashtra,Nashik,Lasalgaon,Onion,Other,24/05/2021,5/24/2021,6140,680,1350,1090
Maharashtra,Nashik,Lasalgaon,Onion,Red,24/05/2021,5/24/2021,9701,700,1630,1220
Maharashtra,Nashik,Lasalgaon,Onion,Other,25/05/2021,5/25/2021,10620,740,1340,1110
Maharashtra,Nashik,Lasalgaon,Onion,Red,25/05/2021,5/25/2021,10276,920,1450,1230
Maharashtra,Nashik,Lasalgaon,Onion,Other,26/05/2021,5/26/2021,6549,820,1560,1120
Maharashtra,Nashik,Lasalgaon,Onion,Red,26/05/2021,5/26/2021,8430,700,1370,1170
Maharashtra,Nashik,Lasalgaon,Onion,Other,27/05/2021,5/27/2021,5125,620,1370,1100
Maharashtra,Nashik,Lasalgaon,Onion,Red,27/05/2021,5/27/2021,6882,880,1470,1220
Maharashtra,Nashik,Lasalgaon,Onion,Other,28/05/2021,5/28/2021,9458,680,1330,1140
Maharashtra,Nashik,Lasalgaon,Onion,Red,28/05/2021,5/28/2021,7555,810,1740,1290
Maharashtra,Nashik,Lasalgaon,Onion,Other,29/05/2021,5/29/2021,5203,760,1490,1080
Maharashtra,Nashik,Lasalgaon,Onion,Red,29/05/2021,5/29/2021,7851,750,1330,1150
Maharashtra,Nashik,Lasalgaon,Onion,Other,31/05/2021,5/31/2021,10868,840,1480,1140
Maharashtra,Nashik,Lasalgaon,Onion,Red,31/05/2021,5/31/2021,6193,910,1530,1300
Maharashtra,Nashik,Lasalgaon,Onion,Other,1/6/2021,6/1/2021,11085,710,1380,1090
Maharashtra,Nashik,Lasalgaon,Onion,Red,1/6/2021,6/1/2021,10813,770,1630,1210
Maharashtra,Nashik,Lasalgaon,Onion,Other,2/6/2021,6/2/2021,7389,760,1440,1170
Maharashtra,Nashik,Lasalgaon,Onion,Red,2/6/2021,6/2/2021,7567,820,1790,1320
Maharashtra,Nashik,Lasalgaon,Onion,Other,3/6/2021,6/3/2021,9714,690,1560,1230
Maharashtra,Nashik,Lasalgaon,Onion,Red,3/6/2021,6/3/2021,6176,800,1790,1380
Maharashtra,Nashik,Lasalgaon,Onion,Other,4/6/2021,6/4/2021,5983,730,1550,1190
Maharashtra,Nashik,Lasalgaon,Onion,Red,4/6/2021,6/4/2021,6908,830,1710,1360
Maharashtra,Nashik,Lasalgaon,Onion,Other,5/6/2021,6/5/2021,6574,940,1860,1410
Maharashtra,Nashik,Lasalgaon,Onion,Red,5/6/2021,6/5/2021,9667,930,2160,1610
Maharashtra,Nashik,Lasalgaon,Onion,Other,7/6/2021,6/7/2021,8996,790,1570,1220
Maharashtra,Nashik,Lasalgaon,Onion,Red,7/6/2021,6/7/2021,5118,730,1750,1310
Maharashtra,Nashik,Lasalgaon,Onion,Other,8/6/2021,6/8/2021,10829,880,1640,1380
Maharashtra,Nashik,Lasalgaon,Onion,Red,8/6/2021,6/8/2021,7086,1120,2070,1540
Maharashtra,Nashik,Lasalgaon,Onion,Other,9/6/2021,6/9/2021,10817,860,1710,1390
Maharashtra,Nashik,Lasalgaon,Onion,Red,9/6/2021,6/9/2021,5899,1020,1850,1560
Maharashtra,Nashik,Lasalgaon,Onion,Other,10/6/2021,6/10/2021,9694,820,1590,1270
Maharashtra,Nashik,Lasalgaon,Onion,Red,10/6/2021,6/10/2021,5777,880,1980,1420
Maharashtra,Nashik,Lasalgaon,Onion,Other,11/6/2021,6/11/2021,9946,880,1770,1270
Maharashtra,Nashik,Lasalgaon,Onion,Red,11/6/2021,6/11/2021,9823,940,1810,1430
Maharashtra,Nashik,Lasalgaon,Onion,Other,12/6/2021,6/12/2021,9568,740,1600,1310
Maharashtra,Nashik,Lasalgaon,Onion,Red,12/6/2021,6/12/2021,8547,1040,1940,1440
Maharashtra,Nashik,Lasalgaon,Onion,Other,14/06/2021,6/14/2021,8707,970,2090,1540
Maharashtra,Nashik,Lasalgaon,Onion,Red,14/06/2021,6/14/2021,9703,1190,2220,1730
Maharashtra,Nashik,Lasalgaon,Onion,Other,15/06/2021,6/15/2021,10275,950,1710,1350
Maharashtra,Nashik,Lasalgaon,Onion,Red,15/06/2021,6/15/2021,10127,900,1800,1450
Maharashtra,Nashik,Lasalgaon,Onion,Other,16/06/2021,6/16/2021,8590,940,1870,1530
Maharashtra,Nashik,Lasalgaon,Onion,Red,16/06/2021,6/16/2021,9276,910,2170,1580
Maharashtra,Nashik,Lasalgaon,Onion,Other,17/06/2021,6/17/2021,6287,1000,1780,1490
Maharashtra,Nashik,Lasalgaon,Onion,Red,17/06/2021,6/17/2021,8375,1030,2150,1620
Maharashtra,Nashik,Lasalgaon,Onion,Other,18/06/2021,6/18/2021,9309,1120,2070,1590
Maharashtra,Nashik,Lasalgaon,Onion,Red,18/06/2021,6/18/2021,8027,1100,2450,1790
Maharashtra,Nashik,Lasalgaon,Onion,Other,19/06/2021,6/19/2021,6889,880,1910,1490
Maharashtra,Nashik,Lasalgaon,Onion,Red,19/06/2021,6/19/2021,9411,1190,2190,1730
Maharashtra,Nashik,Lasalgaon,Onion,Other,21/06/2021,6/21/2021,9598,960,2260,1620
Maharashtra,Nashik,Lasalgaon,Onion,Red,21/06/2021,6/21/2021,7481,1320,2300,1860
Maharashtra,Nashik,Lasalgaon,Onion,Other,22/06/2021,6/22/2021,8533,890,1980,1540
Maharashtra,Nashik,Lasalgaon,Onion,Red,22/06/2021,6/22/2021,9732,1050,2130,1670
Maharashtra,Nashik,Lasalgaon,Onion,Other,23/06/2021,6/23/2021,5691,910,1810,1560
Maharashtra,Nashik,Lasalgaon,Onion,Red,23/06/2021,6/23/2021,9613,1220,2180,1740
Maharashtra,Nashik,Lasalgaon,Onion,Other,24/06/2021,6/24/2021,9419,1060,1800,1520
Maharashtra,Nashik,Lasalgaon,Onion,Red,24/06/2021,6/24/2021,8994,1000,2110,1710
Maharashtra,Nashik,Lasalgaon,Onion,Other,25/06/2021,6/25/2021,9459,1120,1880,1570
Maharashtra,Nashik,Lasalgaon,Onion,Red,25/06/2021,6/25/2021,6199,1210,2130,1780
Maharashtra,Nashik,Lasalgaon,Onion,Other,26/06/2021,6/26/2021,10597,930,2060,1570
Maharashtra,Nashik,Lasalgaon,Onion,Red,26/06/2021,6/26/2021,7866,950,2200,1720
Maharashtra,Nashik,Lasalgaon,Onion,Other,28/06/2021,6/28/2021,6126,1080,2080,1640
Maharashtra,Nashik,Lasalgaon,Onion,Red,28/06/2021,6/28/2021,4656,1060,2350,1880
Maharashtra,Nashik,Lasalgaon,Onion,Other,29/06/2021,6/29/2021,10369,970,1740,1470
Maharashtra,Nashik,Lasalgaon,Onion,Red,29/06/2021,6/29/2021,6546,1220,2000,1670
Maharashtra,Nashik,Lasalgaon,Onion,Other,30/06/2021,6/30/2021,10073,990,1940,1600
Maharashtra,Nashik,Lasalgaon,Onion,Red,30/06/2021,6/30/2021,7459,1300,2330,1800
Maharashtra,Nashik,Lasalgaon,Onion,Other,1/7/2021,7/1/2021,4804,1150,2020,1750
Maharashtra,Nashik,Lasalgaon,Onion,Red,1/7/2021,7/1/2021,6395,1390,2610,1910
Maharashtra,Nashik,Lasalgaon,Onion,Other,2/7/2021,7/2/2021,5115,1240,2180,1740
Maharashtra,Nashik,Lasalgaon,Onion,Red,2/7/2021,7/2/2021,7422,1270,2520,1990
Maharashtra,Nashik,Lasalgaon,Onion,Other,3/7/2021,7/3/2021,7133,1090,2130,1660
Maharashtra,Nashik,Lasalgaon,Onion,Red,3/7/2021,7/3/2021,7948,1290,2340,1830
Maharashtra,Nashik,Lasalgaon,Onion,Other,5/7/2021,7/5/2021,9725,1040,2350,1880
Maharashtra,Nashik,Lasalgaon,Onion,Red,5/7/2021,7/5/2021,9695,1310,2670,2110
Maharashtra,Nashik,Lasalgaon,Onion,Other,6/7/2021,7/6/2021,5818,1400,2610,1960
Maharashtra,Nashik,Lasalgaon,Onion,Red,6/7/2021,7/6/2021,9136,1120,2560,2020
Maharashtra,Nashik,Lasalgaon,Onion,Other,7/7/2021,7/7/2021,8709,1170,2470,1830
Maharashtra,Nashik,Lasalgaon,Onion,Red,7/7/2021,7/7/2021,9385,1390,2470,2110
Maharashtra,Nashik,Lasalgaon,Onion,Other,8/7/2021,7/8/2021,5810,1080,2110,1600
Maharashtra,Nashik,Lasalgaon,Onion,Red,8/7/2021,7/8/2021,5533,1260,2150,1760
Maharashtra,Nashik,Lasalgaon,Onion,Other,9/7/2021,7/9/2021,9598,1500,2740,2020
Maharashtra,Nashik,Lasalgaon,Onion,Red,9/7/2021,7/9/2021,7184,1290,2600,2230
Maharashtra,Nashik,Lasalgaon,Onion,Other,10/7/2021,7/10/2021,5759,1340,2740,1960
Maharashtra,Nashik,Lasalgaon,Onion,Red,10/7/2021,7/10/2021,5486,1400,2770,2170
Maharashtra,Nashik,Lasalgaon,Onion,Other,12/7/2021,7/12/2021,4530,1120,2180,1760
Maharashtra,Nashik,Lasalgaon,Onion,Red,12/7/2021,7/12/2021,4227,1360,2570,2080
Maharashtra,Nashik,Lasalgaon,Onion,Other,13/07/2021,7/13/2021,7385,1130,2130,1800
Maharashtra,Nashik,Lasalgaon,Onion,Red,13/07/2021,7/13/2021,8905,1350,2570,1960
Maharashtra,Nashik,Lasalgaon,Onion,Other,14/07/2021,7/14/2021,8166,1480,2610,2080
Maharashtra,Nashik,Lasalgaon,Onion,Red,14/07/2021,7/14/2021,8403,1370,2700,2150
Maharashtra,Nashik,Lasalgaon,Onion,Other,15/07/2021,7/15/2021,5662,1130,2360,1910
Maharashtra,Nashik,Lasalgaon,Onion,Red,15/07/2021,7/15/2021,8644,1380,2800,2080
Maharashtra,Nashik,Lasalgaon,Onion,Other,16/07/2021,7/16/2021,8817,1280,2380,1790
Maharashtra,Nashik,Lasalgaon,Onion,Red,16/07/2021,7/16/2021,9053,1230,2640,2090
Maharashtra,Nashik,Lasalgaon,Onion,Other,17/07/2021,7/17/2021,5665,1500,3060,2250
Maharashtra,Nashik,Lasalgaon,Onion,Red,17/07/2021,7/17/2021,7544,1680,2970,2520
Maharashtra,Nashik,Lasalgaon,Onion,Other,19/07/2021,7/19/2021,5428,1120,2430,1940
Maharashtra,Nashik,Lasalgaon,Onion,Red,19/07/2021,7/19/2021,8124,1440,2830,2270
Maharashtra,Nashik,Lasalgaon,Onion,Other,20/07/2021,7/20/2021,8016,1180,2940,2130
Maharashtra,Nashik,Lasalgaon,Onion,Red,20/07/2021,7/20/2021,5020,1380,3350,2470
Maharashtra,Nashik,Lasalgaon,Onion,Other,21/07/2021,7/21/2021,6815,1240,2680,1950
Maharashtra,Nashik,Lasalgaon,Onion,Red,21/07/2021,7/21/2021,9030,1320,3230,2330
Maharashtra,Nashik,Lasalgaon,Onion,Other,22/07/2021,7/22/2021,4658,1170,2770,2060
Maharashtra,Nashik,Lasalgaon,Onion,Red,22/07/2021,7/22/2021,4840,1370,3120,2430
Maharashtra,Nashik,Lasalgaon,Onion,Other,23/07/2021,7/23/2021,4623,1220,2520,2120
Maharashtra,Nashik,Lasalgaon,Onion,Red,23/07/2021,7/23/2021,8386,1400,3140,2360
Maharashtra,Nashik,Lasalgaon,Onion,Other,24/07/2021,7/24/2021,5571,1220,2560,2190
Maharashtra,Nashik,Lasalgaon,Onion,Red,24/07/2021,7/24/2021,7408,1490,3010,2260
Maharashtra,Nashik,Lasalgaon,Onion,Other,26/07/2021,7/26/2021,8386,1450,2550,2060
Maharashtra,Nashik,Lasalgaon,Onion,Red,26/07/2021,7/26/2021,9017,1490,3050,2290
Maharashtra,Nashik,Lasalgaon,Onion,Other,27/07/2021,7/27/2021,9306,1440,2680,2200
Maharashtra,Nashik,Lasalgaon,Onion,Red,27/07/2021,7/27/2021,6195,1620,2980,2520
Maharashtra,Nashik,Lasalgaon,Onion,Other,28/07/2021,7/28/2021,4528,1470,2730,2210
Maharashtra,Nashik,Lasalgaon,Onion,Red,28/07/2021,7/28/2021,8477,1780,3240,2410
Maharashtra,Nashik,Lasalgaon,Onion,Other,29/07/2021,7/29/2021,4665,1560,2890,2410
Maharashtra,Nashik,Lasalgaon,Onion,Red,29/07/2021,7/29/2021,8958,1640,3140,2650
Maharashtra,Nashik,Lasalgaon,Onion,Other,30/07/2021,7/30/2021,7247,1430,2740,2240
Maharashtra,Nashik,Lasalgaon,Onion,Red,30/07/2021,7/30/2021,5718,1430,3320,2470
Maharashtra,Nashik,Lasalgaon,Onion,Other,31/07/2021,7/31/2021,7151,1810,3380,2490
Maharashtra,Nashik,Lasalgaon,Onion,Red,31/07/2021,7/31/2021,7528,1780,3620,2840
Maharashtra,Nashik,Lasalgaon,Onion,Other,2/8/2021,8/2/2021,6114,1580,3070,2490
Maharashtra,Nashik,Lasalgaon,Onion,Red,2/8/2021,8/2/2021,6271,1840,3840,2740
Maharashtra,Nashik,Lasalgaon,Onion,Other,3/8/2021,8/3/2021,7089,1260,2900,2250
Maharashtra,Nashik,Lasalgaon,Onion,Red,3/8/2021,8/3/2021,7850,1470,3300,2490
Maharashtra,Nashik,Lasalgaon,Onion,Other,4/8/2021,8/4/2021,8300,1670,2770,2230
Maharashtra,Nashik,Lasalgaon,Onion,Red,4/8/2021,8/4/2021,8104,1540,3250,2410
Maharashtra,Nashik,Lasalgaon,Onion,Other,5/8/2021,8/5/2021,5208,1830,3220,2480
Maharashtra,Nashik,Lasalgaon,Onion,Red,5/8/2021,8/5/2021,6981,1770,3770,2810
Maharashtra,Nashik,Lasalgaon,Onion,Other,6/8/2021,8/6/2021,7223,1440,2960,2220
Maharashtra,Nashik,Lasalgaon,Onion,Red,6/8/2021,8/6/2021,5061,1440,3030,2540
Maharashtra,Nashik,Lasalgaon,Onion,Other,7/8/2021,8/7/2021,4333,1600,2950,2450
Maharashtra,Nashik,Lasalgaon,Onion,Red,7/8/2021,8/7/2021,6265,1540,3670,2630
Maharashtra,Nashik,Lasalgaon,Onion,Other,9/8/2021,8/9/2021,5194,1590,3570,2700
Maharashtra,Nashik,Lasalgaon,Onion,Red,9/8/2021,8/9/2021,7295,2170,3550,3030
Maharashtra,Nashik,Lasalgaon,Onion,Other,10/8/2021,8/10/2021,7224,1680,3220,2590
Maharashtra,Nashik,Lasalgaon,Onion,Red,10/8/2021,8/10/2021,8331,2070,3250,2800
Maharashtra,Nashik,Lasalgaon,Onion,Other,11/8/2021,8/11/2021,8309,1660,3350,2640
Maharashtra,Nashik,Lasalgaon,Onion,Red,11/8/2021,8/11/2021,3716,1890,3840,2990
Maharashtra,Nashik,Lasalgaon,Onion,Other,12/8/2021,8/12/2021,4664,1760,3290,2540
Maharashtra,Nashik,Lasalgaon,Onion,Red,12/8/2021,8/12/2021,6251,1770,3430,2770
Maharashtra,Nashik,Lasalgaon,Onion,Other,13/08/2021,8/13/2021,6379,1440,3490,2540
Maharashtra,Nashik,Lasalgaon,Onion,Red,13/08/2021,8/13/2021,6992,2010,3420,2880
Maharashtra,Nashik,Lasalgaon,Onion,Other,14/08/2021,8/14/2021,4463,1360,2920,2450
Maharashtra,Nashik,Lasalgaon,Onion,Red,14/08/2021,8/14/2021,7401,1580,3100,2640
Maharashtra,Nashik,Lasalgaon,Onion,Other,16/08/2021,8/16/2021,8772,1480,3540,2550
Maharashtra,Nashik,Lasalgaon,Onion,Red,16/08/2021,8/16/2021,3863,1690,3690,2830
Maharashtra,Nashik,Lasalgaon,Onion,Other,17/08/2021,8/17/2021,4302,1430,3170,2560
Maharashtra,Nashik,Lasalgaon,Onion,Red,17/08/2021,8/17/2021,5950,1840,3860,2930
Maharashtra,Nashik,Lasalgaon,Onion,Other,18/08/2021,8/18/2021,8282,1460,2860,2430
Maharashtra,Nashik,Lasalgaon,Onion,Red,18/08/2021,8/18/2021,5551,1560,3510,2700
Maharashtra,Nashik,Lasalgaon,Onion,Other,19/08/2021,8/19/2021,6845,1720,3360,2680
Maharashtra,Nashik,Lasalgaon,Onion,Red,19/08/2021,8/19/2021,6408,1880,3560,2910
Maharashtra,Nashik,Lasalgaon,Onion,Other,20/08/2021,8/20/2021,8509,1460,3220,2490
Maharashtra,Nashik,Lasalgaon,Onion,Red,20/08/2021,8/20/2021,5846,2030,3260,2790
Maharashtra,Nashik,Lasalgaon,Onion,Other,21/08/2021,8/21/2021,8777,1720,3260,2440
Maharashtra,Nashik,Lasalgaon,Onion,Red,21/08/2021,8/21/2021,7943,1520,3320,2750
Maharashtra,Nashik,Lasalgaon,Onion,Other,23/08/2021,8/23/2021,6631,1550,3580,2760
Maharashtra,Nashik,Lasalgaon,Onion,Red,23/08/2021,8/23/2021,6416,1740,3980,3110
Maharashtra,Nashik,Lasalgaon,Onion,Other,24/08/2021,8/24/2021,8367,1740,3240,2560
Maharashtra,Nashik,Lasalgaon,Onion,Red,24/08/2021,8/24/2021,8660,1730,3410,2800
Maharashtra,Nashik,Lasalgaon,Onion,Other,25/08/2021,8/25/2021,5259,1450,3180,2610
Maharashtra,Nashik,Lasalgaon,Onion,Red,25/08/2021,8/25/2021,8416,2100,3910,2950
Maharashtra,Nashik,Lasalgaon,Onion,Other,26/08/2021,8/26/2021,7572,1780,3620,2580
Maharashtra,Nashik,Lasalgaon,Onion,Red,26/08/2021,8/26/2021,4144,2120,4180,3020
Maharashtra,Nashik,Lasalgaon,Onion,Other,27/08/2021,8/27/2021,6227,2090,3400,2830
Maharashtra,Nashik,Lasalgaon,Onion,Red,27/08/2021,8/27/2021,6266,2200,3880,3200
Maharashtra,Nashik,Lasalgaon,Onion,Other,28/08/2021,8/28/2021,6219,1650,3310,2580
Maharashtra,Nashik,Lasalgaon,Onion,Red,28/08/2021,8/28/2021,4546,1810,3420,2790
Maharashtra,Nashik,Lasalgaon,Onion,Other,30/08/2021,8/30/2021,7273,1730,3490,2960
Maharashtra,Nashik,Lasalgaon,Onion,Red,30/08/2021,8/30/2021,6588,2050,4660,3360
Maharashtra,Nashik,Lasalgaon,Onion,Other,31/08/2021,8/31/2021,4522,1670,2980,2550
Maharashtra,Nashik,Lasalgaon,Onion,Red,31/08/2021,8/31/2021,6331,1630,3740,2780
Maharashtra,Nashik,Lasalgaon,Onion,Other,1/9/2021,9/1/2021,8586,1680,3640,2830
Maharashtra,Nashik,Lasalgaon,Onion,Red,1/9/2021,9/1/2021,4835,1660,3580,2940
Maharashtra,Nashik,Lasalgaon,Onion,Other,2/9/2021,9/2/2021,4871,1900,3670,2660
Maharashtra,Nashik,Lasalgaon,Onion,Red,2/9/2021,9/2/2021,6271,1890,3760,2870
Maharashtra,Nashik,Lasalgaon,Onion,Other,3/9/2021,9/3/2021,8042,1660,3200,2560
Maharashtra,Nashik,Lasalgaon,Onion,Red,3/9/2021,9/3/2021,4149,2000,3370,2850
Maharashtra,Nashik,Lasalgaon,Onion,Other,4/9/2021,9/4/2021,6361,2030,3270,2810
Maharashtra,Nashik,Lasalgaon,Onion,Red,4/9/2021,9/4/2021,3918,2120,4400,3220
Maharashtra,Nashik,Lasalgaon,Onion,Other,6/9/2021,9/6/2021,8807,1970,3780,2730
Maharashtra,Nashik,Lasalgaon,Onion,Red,6/9/2021,9/6/2021,3884,2180,3380,2940
Maharashtra,Nashik,Lasalgaon,Onion,Other,7/9/2021,9/7/2021,4710,1980,3790,2760
Maharashtra,Nashik,Lasalgaon,Onion,Red,7/9/2021,9/7/2021,5835,2030,4150,3010
Maharashtra,Nashik,Lasalgaon,Onion,Other,8/9/2021,9/8/2021,5913,1760,3650,2820
Maharashtra,Nashik,Lasalgaon,Onion,Red,8/9/2021,9/8/2021,6139,1700,4310,3080
Maharashtra,Nashik,Lasalgaon,Onion,Other,9/9/2021,9/9/2021,7572,1720,3540,2950
Maharashtra,Nashik,Lasalgaon,Onion,Red,9/9/2021,9/9/2021,4650,1990,4460,3300
Maharashtra,Nashik,Lasalgaon,Onion,Other,10/9/2021,9/10/2021,6871,1690,3830,2860
Maharashtra,Nashik,Lasalgaon,Onion,Red,10/9/2021,9/10/2021,4352,2320,4250,3160
Maharashtra,Nashik,Lasalgaon,Onion,Other,11/9/2021,9/11/2021,6422,2020,4020,2960
Maharashtra,Nashik,Lasalgaon,Onion,Red,11/9/2021,9/11/2021,4660,2200,4480,3420
Maharashtra,Nashik,Lasalgaon,Onion,Other,13/09/2021,9/13/2021,3641,1770,3460,2960
Maharashtra,Nashik,Lasalgaon,Onion,Red,13/09/2021,9/13/2021,6958,2160,3980,3210
Maharashtra,Nashik,Lasalgaon,Onion,Other,14/09/2021,9/14/2021,5473,1800,3740,2850
Maharashtra,Nashik,Lasalgaon,Onion,Red,14/09/2021,9/14/2021,7710,2220,4140,2990
Maharashtra,Nashik,Lasalgaon,Onion,Other,15/09/2021,9/15/2021,7117,1900,3850,2880
Maharashtra,Nashik,Lasalgaon,Onion,Red,15/09/2021,9/15/2021,7956,2400,4390,3300
Maharashtra,Nashik,Lasalgaon,Onion,Other,16/09/2021,9/16/2021,5096,2130,4080,3090
Maharashtra,Nashik,Lasalgaon,Onion,Red,16/09/2021,9/16/2021,4315,2410,4700,3410
Maharashtra,Nashik,Lasalgaon,Onion,Other,17/09/2021,9/17/2021,4987,2000,3400,2680
Maharashtra,Nashik,Lasalgaon,Onion,Red,17/09/2021,9/17/2021,3884,1960,4110,3130
Maharashtra,Nashik,Lasalgaon,Onion,Other,18/09/2021,9/18/2021,8335,2190,3550,3040
Maharashtra,Nashik,Lasalgaon,Onion,Red,18/09/2021,9/18/2021,3390,2360,4070,3420
Maharashtra,Nashik,Lasalgaon,Onion,Other,20/09/2021,9/20/2021,7259,1660,3620,3000
Maharashtra,Nashik,Lasalgaon,Onion,Red,20/09/2021,9/20/2021,6771,2220,4480,3330
Maharashtra,Nashik,Lasalgaon,Onion,Other,21/09/2021,9/21/2021,8314,2030,3570,3000
Maharashtra,Nashik,Lasalgaon,Onion,Red,21/09/2021,9/21/2021,7799,2090,3750,3220
Maharashtra,Nashik,Lasalgaon,Onion,Other,22/09/2021,9/22/2021,3599,2130,4410,3250
Maharashtra,Nashik,Lasalgaon,Onion,Red,22/09/2021,9/22/2021,3464,2240,4700,3710
Maharashtra,Nashik,Lasalgaon,Onion,Other,23/09/2021,9/23/2021,7324,1700,3240,2810
Maharashtra,Nashik,Lasalgaon,Onion,Red,23/09/2021,9/23/2021,6005,2350,4100,3280
Maharashtra,Nashik,Lasalgaon,Onion,Other,24/09/2021,9/24/2021,6641,1690,3900,3060
Maharashtra,Nashik,Lasalgaon,Onion,Red,24/09/2021,9/24/2021,6884,2430,4120,3310
Maharashtra,Nashik,Lasalgaon,Onion,Other,25/09/2021,9/25/2021,7755,1950,3800,3090
Maharashtra,Nashik,Lasalgaon,Onion,Red,25/09/2021,9/25/2021,3657,1950,4120,3480
Maharashtra,Nashik,Lasalgaon,Onion,Other,27/09/2021,9/27/2021,4553,1620,3690,2950
Maharashtra,Nashik,Lasalgaon,Onion,Red,27/09/2021,9/27/2021,5524,2290,4490,3400
Maharashtra,Nashik,Lasalgaon,Onion,Other,28/09/2021,9/28/2021,7609,2150,3990,3000
Maharashtra,Nashik,Lasalgaon,Onion,Red,28/09/2021,9/28/2021,4852,1960,4570,3330
Maharashtra,Nashik,Lasalgaon,Onion,Other,29/09/2021,9/29/2021,5848,1800,3650,3010
Maharashtra,Nashik,Lasalgaon,Onion,Red,29/09/2021,9/29/2021,7007,2490,4060,3420
Maharashtra,Nashik,Lasalgaon,Onion,Other,30/09/2021,9/30/2021,5223,2310,3950,3150
Maharashtra,Nashik,Lasalgaon,Onion,Red,30/09/2021,9/30/2021,6315,2460,4440,3470
Maharashtra,Nashik,Lasalgaon,Onion,Other,1/10/2021,10/1/2021,8398,2010,3360,2800
Maharashtra,Nashik,Lasalgaon,Onion,Red,1/10/2021,10/1/2021,4828,1900,4220,3170
Maharashtra,Nashik,Lasalgaon,Onion,Other,2/10/2021,10/2/2021,8180,1950,3590,2780
Maharashtra,Nashik,Lasalgaon,Onion,Red,2/10/2021,10/2/2021,7212,1850,4000,3020
Maharashtra,Nashik,Lasalgaon,Onion,Other,4/10/2021,10/4/2021,5220,1900,3640,2940
Maharashtra,Nashik,Lasalgaon,Onion,Red,4/10/2021,10/4/2021,6772,2200,3850,3200
Maharashtra,Nashik,Lasalgaon,Onion,Other,5/10/2021,10/5/2021,7747,2030,3520,3020
Maharashtra,Nashik,Lasalgaon,Onion,Red,5/10/2021,10/5/2021,7658,2090,4490,3440
Maharashtra,Nashik,Lasalgaon,Onion,Other,6/10/2021,10/6/2021,7072,2100,3820,3280
Maharashtra,Nashik,Lasalgaon,Onion,Red,6/10/2021,10/6/2021,3219,2080,4950,3740
Maharashtra,Nashik,Lasalgaon,Onion,Other,7/10/2021,10/7/2021,5826,1950,3880,2990
Maharashtra,Nashik,Lasalgaon,Onion,Red,7/10/2021,10/7/2021,4785,2070,4250,3350
Maharashtra,Nashik,Lasalgaon,Onion,Other,8/10/2021,10/8/2021,8924,1750,3200,2640
Maharashtra,Nashik,Lasalgaon,Onion,Red,8/10/2021,10/8/2021,6028,1880,3460,2890
Maharashtra,Nashik,Lasalgaon,Onion,Other,9/10/2021,10/9/2021,5300,1810,4190,3090
Maharashtra,Nashik,Lasalgaon,Onion,Red,9/10/2021,10/9/2021,5905,2220,4940,3640
Maharashtra,Nashik,Lasalgaon,Onion,Other,11/10/2021,10/11/2021,3840,2130,4140,3050
Maharashtra,Nashik,Lasalgaon,Onion,Red,11/10/2021,10/11/2021,3593,2460,4540,3490
Maharashtra,Nashik,Lasalgaon,Onion,Other,12/10/2021,10/12/2021,8429,1980,3660,2850
Maharashtra,Nashik,Lasalgaon,Onion,Red,12/10/2021,10/12/2021,4470,1870,4150,3190
Maharashtra,Nashik,Lasalgaon,Onion,Other,13/10/2021,10/13/2021,7356,2270,4420,3260
Maharashtra,Nashik,Lasalgaon,Onion,Red,13/10/2021,10/13/2021,5998,2110,4610,3730
Maharashtra,Nashik,Lasalgaon,Onion,Other,14/10/2021,10/14/2021,5741,1810,3440,2750
Maharashtra,Nashik,Lasalgaon,Onion,Red,14/10/2021,10/14/2021,3685,2190,3850,3080
Maharashtra,Nashik,Lasalgaon,Onion,Other,15/10/2021,10/15/2021,6804,1870,4160,3000
Maharashtra,Nashik,Lasalgaon,Onion,Red,15/10/2021,10/15/2021,5060,2430,4530,3380
Maharashtra,Nashik,Lasalgaon,Onion,Other,16/10/2021,10/16/2021,8279,1670,3700,2750
Maharashtra,Nashik,Lasalgaon,Onion,Red,16/10/2021,10/16/2021,3977,2130,3890,3070
Maharashtra,Nashik,Lasalgaon,Onion,Other,18/10/2021,10/18/2021,3670,1900,3850,2960
Maharashtra,Nashik,Lasalgaon,Onion,Red,18/10/2021,10/18/2021,7317,2440,4050,3270
Maharashtra,Nashik,Lasalgaon,Onion,Other,19/10/2021,10/19/2021,6388,1980,3700,2790
Maharashtra,Nashik,Lasalgaon,Onion,Red,19/10/2021,10/19/2021,6610,2050,3670,3130
Maharashtra,Nashik,Lasalgaon,Onion,Other,20/10/2021,10/20/2021,6120,1860,4020,3060
Maharashtra,Nashik,Lasalgaon,Onion,Red,20/10/2021,10/20/2021,4678,2280,4270,3410
Maharashtra,Nashik,Lasalgaon,Onion,Other,21/10/2021,10/21/2021,3638,2120,3780,3120
Maharashtra,Nashik,Lasalgaon,Onion,Red,21/10/2021,10/21/2021,4522,2570,4590,3610
Maharashtra,Nashik,Lasalgaon,Onion,Other,22/10/2021,10/22/2021,7793,2330,4360,3170
Maharashtra,Nashik,Lasalgaon,Onion,Red,22/10/2021,10/22/2021,4242,2560,4490,3500
Maharashtra,Nashik,Lasalgaon,Onion,Other,23/10/2021,10/23/2021,6248,1730,3460,2860
Maharashtra,Nashik,Lasalgaon,Onion,Red,23/10/2021,10/23/2021,5519,2000,3870,3260
Maharashtra,Nashik,Lasalgaon,Onion,Other,25/10/2021,10/25/2021,4424,2170,3590,2990
Maharashtra,Nashik,Lasalgaon,Onion,Red,25/10/2021,10/25/2021,6233,2290,4360,3450
Maharashtra,Nashik,Lasalgaon,Onion,Other,26/10/2021,10/26/2021,4547,2270,3840,3070
Maharashtra,Nashik,Lasalgaon,Onion,Red,26/10/2021,10/26/2021,4537,2320,4130,3510
Maharashtra,Nashik,Lasalgaon,Onion,Other,27/10/2021,10/27/2021,6936,1640,3320,2870
Maharashtra,Nashik,Lasalgaon,Onion,Red,27/10/2021,10/27/2021,6668,2080,4110,3100
Maharashtra,Nashik,Lasalgaon,Onion,Other,28/10/2021,10/28/2021,7367,1660,3920,2880
Maharashtra,Nashik,Lasalgaon,Onion,Red,28/10/2021,10/28/2021,8010,1870,3920,3170
Maharashtra,Nashik,Lasalgaon,Onion,Other,29/10/2021,10/29/2021,7158,1910,3810,3170
Maharashtra,Nashik,Lasalgaon,Onion,Red,29/10/2021,10/29/2021,5609,2460,4730,3580
Maharashtra,Nashik,Lasalgaon,Onion,Other,30/10/2021,10/30/2021,7496,1940,3980,3220
Maharashtra,Nashik,Lasalgaon,Onion,Red,30/10/2021,10/30/2021,6165,2230,4690,3650
Maharashtra,Nashik,Lasalgaon,Onion,Other,1/11/2021,11/1/2021,5715,2220,4160,3120
Maharashtra,Nashik,Lasalgaon,Onion,Red,1/11/2021,11/1/2021,7159,2140,4520,3470
Maharashtra,Nashik,Lasalgaon,Onion,Other,2/11/2021,11/2/2021,5879,2010,3560,2700
Maharashtra,Nashik,Lasalgaon,Onion,Red,2/11/2021,11/2/2021,4201,1570,3650,2830
Maharashtra,Nashik,Lasalgaon,Onion,Other,3/11/2021,11/3/2021,7948,1920,3760,2990
Maharashtra,Nashik,Lasalgaon,Onion,Red,3/11/2021,11/3/2021,7526,2070,4130,3410
Maharashtra,Nashik,Lasalgaon,Onion,Other,4/11/2021,11/4/2021,3751,1750,3530,2980
Maharashtra,Nashik,Lasalgaon,Onion,Red,4/11/2021,11/4/2021,4437,2020,4540,3380
Maharashtra,Nashik,Lasalgaon,Onion,Other,5/11/2021,11/5/2021,5027,1710,3800,2730
Maharashtra,Nashik,Lasalgaon,Onion,Red,5/11/2021,11/5/2021,4049,1950,3830,3120
Maharashtra,Nashik,Lasalgaon,Onion,Other,6/11/2021,11/6/2021,6837,1700,3340,2470
Maharashtra,Nashik,Lasalgaon,Onion,Red,6/11/2021,11/6/2021,4056,1530,3590,2750
Maharashtra,Nashik,Lasalgaon,Onion,Other,8/11/2021,11/8/2021,7824,1840,4230,3120
Maharashtra,Nashik,Lasalgaon,Onion,Red,8/11/2021,11/8/2021,5743,2560,4400,3590
Maharashtra,Nashik,Lasalgaon,Onion,Other,9/11/2021,11/9/2021,3756,2000,3230,2810
Maharashtra,Nashik,Lasalgaon,Onion,Red,9/11/2021,11/9/2021,7154,2240,4280,3190
Maharashtra,Nashik,Lasalgaon,Onion,Other,10/11/2021,11/10/2021,6291,1690,3810,2890
Maharashtra,Nashik,Lasalgaon,Onion,Red,10/11/2021,11/10/2021,5872,1820,3930,3220
Maharashtra,Nashik,Lasalgaon,Onion,Other,11/11/2021,11/11/2021,5134,1960,3700,2910
Maharashtra,Nashik,Lasalgaon,Onion,Red,11/11/2021,11/11/2021,3530,1910,4160,3320
Maharashtra,Nashik,Lasalgaon,Onion,Other,12/11/2021,11/12/2021,6732,1750,3210,2760
Maharashtra,Nashik,Lasalgaon,Onion,Red,12/11/2021,11/12/2021,8184,1960,3480,2980
Maharashtra,Nashik,Lasalgaon,Onion,Other,13/11/2021,11/13/2021,7268,1910,3540,3030
Maharashtra,Nashik,Lasalgaon,Onion,Red,13/11/2021,11/13/2021,3625,1880,4590,3330
Maharashtra,Nashik,Lasalgaon,Onion,Other,15/11/2021,11/15/2021,7162,1940,3710,3080
Maharashtra,Nashik,Lasalgaon,Onion,Red,15/11/2021,11/15/2021,4988,2430,4750,3440
Maharashtra,Nashik,Lasalgaon,Onion,Other,16/11/2021,11/16/2021,5823,1440,3200,2400
Maharashtra,Nashik,Lasalgaon,Onion,Red,16/11/2021,11/16/2021,7443,1710,3370,2690
Maharashtra,Nashik,Lasalgaon,Onion,Other,17/11/2021,11/17/2021,6944,1810,3770,2800
Maharashtra,Nashik,Lasalgaon,Onion,Red,17/11/2021,11/17/2021,3663,1790,3740,3190
Maharashtra,Nashik,Lasalgaon,Onion,Other,18/11/2021,11/18/2021,8050,1810,3690,2960
Maharashtra,Nashik,Lasalgaon,Onion,Red,18/11/2021,11/18/2021,4628,2370,4350,3300
Maharashtra,Nashik,Lasalgaon,Onion,Other,19/11/2021,11/19/2021,4518,1770,3130,2680
Maharashtra,Nashik,Lasalgaon,Onion,Red,19/11/2021,11/19/2021,6626,1730,3870,2960
Maharashtra,Nashik,Lasalgaon,Onion,Other,20/11/2021,11/20/2021,5167,1540,2890,2460
Maharashtra,Nashik,Lasalgaon,Onion,Red,20/11/2021,11/20/2021,7002,2030,3880,2780
Maharashtra,Nashik,Lasalgaon,Onion,Other,22/11/2021,11/22/2021,4283,1520,3830,2740
Maharashtra,Nashik,Lasalgaon,Onion,Red,22/11/2021,11/22/2021,5379,2140,3790,3120
Maharashtra,Nashik,Lasalgaon,Onion,Other,23/11/2021,11/23/2021,5689,1530,3140,2550
Maharashtra,Nashik,Lasalgaon,Onion,Red,23/11/2021,11/23/2021,5820,2230,4050,3000
Maharashtra,Nashik,Lasalgaon,Onion,Other,24/11/2021,11/24/2021,5610,1600,3320,2760
Maharashtra,Nashik,Lasalgaon,Onion,Red,24/11/2021,11/24/2021,4162,2210,3610,3050
Maharashtra,Nashik,Lasalgaon,Onion,Other,25/11/2021,11/25/2021,6364,1570,3000,2370
Maharashtra,Nashik,Lasalgaon,Onion,Red,25/11/2021,11/25/2021,8050,1520,3150,2650
Maharashtra,Nashik,Lasalgaon,Onion,Other,26/11/2021,11/26/2021,7020,1490,3020,2600
Maharashtra,Nashik,Lasalgaon,Onion,Red,26/11/2021,11/26/2021,6961,2040,3660,2940
Maharashtra,Nashik,Lasalgaon,Onion,Other,27/11/2021,11/27/2021,4173,1510,3210,2680
Maharashtra,Nashik,Lasalgaon,Onion,Red,27/11/2021,11/27/2021,6368,2180,4060,3010
Maharashtra,Nashik,Lasalgaon,Onion,Other,29/11/2021,11/29/2021,5236,1560,3310,2570
Maharashtra,Nashik,Lasalgaon,Onion,Red,29/11/2021,11/29/2021,5200,1610,3790,2840
Maharashtra,Nashik,Lasalgaon,Onion,Other,30/11/2021,11/30/2021,8797,1720,3130,2420
Maharashtra,Nashik,Lasalgaon,Onion,Red,30/11/2021,11/30/2021,8341,1750,3740,2700
Maharashtra,Nashik,Lasalgaon,Onion,Other,1/12/2021,12/1/2021,4055,1650,3330,2680
Maharashtra,Nashik,Lasalgaon,Onion,Red,1/12/2021,12/1/2021,7324,2010,4010,3010
Maharashtra,Nashik,Lasalgaon,Onion,Other,2/12/2021,12/2/2021,4748,1480,3320,2530
Maharashtra,Nashik,Lasalgaon,Onion,Red,2/12/2021,12/2/2021,5254,2000,3310,2740
Maharashtra,Nashik,Lasalgaon,Onion,Other,3/12/2021,12/3/2021,4372,1400,3210,2520
Maharashtra,Nashik,Lasalgaon,Onion,Red,3/12/2021,12/3/2021,4927,2170,3770,2910
Maharashtra,Nashik,Lasalgaon,Onion,Other,4/12/2021,12/4/2021,8667,1710,3320,2410
Maharashtra,Nashik,Lasalgaon,Onion,Red,4/12/2021,12/4/2021,3988,1670,3330,2700
Maharashtra,Nashik,Lasalgaon,Onion,Other,6/12/2021,12/6/2021,4768,1650,3530,2570
Maharashtra,Nashik,Lasalgaon,Onion,Red,6/12/2021,12/6/2021,4653,1680,3550,3040
Maharashtra,Nashik,Lasalgaon,Onion,Other,7/12/2021,12/7/2021,7911,1520,2960,2480
Maharashtra,Nashik,Lasalgaon,Onion,Red,7/12/2021,12/7/2021,5555,1620,3620,2730
Maharashtra,Nashik,Lasalgaon,Onion,Other,8/12/2021,12/8/2021,8334,1430,3280,2570
Maharashtra,Nashik,Lasalgaon,Onion,Red,8/12/2021,12/8/2021,5648,1920,3510,2880
Maharashtra,Nashik,Lasalgaon,Onion,Other,9/12/2021,12/9/2021,5603,1420,2970,2550
Maharashtra,Nashik,Lasalgaon,Onion,Red,9/12/2021,12/9/2021,4780,1720,3500,2880
Maharashtra,Nashik,Lasalgaon,Onion,Other,10/12/2021,12/10/2021,5117,1750,2820,2380
Maharashtra,Nashik,Lasalgaon,Onion,Red,10/12/2021,12/10/2021,7715,1590,3660,2650
Maharashtra,Nashik,Lasalgaon,Onion,Other,11/12/2021,12/11/2021,5430,1700,2980,2380
Maharashtra,Nashik,Lasalgaon,Onion,Red,11/12/2021,12/11/2021,7806,1780,3620,2670
Maharashtra,Nashik,Lasalgaon,Onion,Other,13/12/2021,12/13/2021,4906,1280,3170,2310
Maharashtra,Nashik,Lasalgaon,Onion,Red,13/12/2021,12/13/2021,5887,1800,3060,2490
Maharashtra,Nashik,Lasalgaon,Onion,Other,14/12/2021,12/14/2021,6230,1710,2710,2350
Maharashtra,Nashik,Lasalgaon,Onion,Red,14/12/2021,12/14/2021,4760,1450,3240,2610
Maharashtra,Nashik,Lasalgaon,Onion,Other,15/12/2021,12/15/2021,7146,1540,2940,2410
Maharashtra,Nashik,Lasalgaon,Onion,Red,15/12/2021,12/15/2021,6608,1550,3250,2680
Maharashtra,Nashik,Lasalgaon,Onion,Other,16/12/2021,12/16/2021,9031,1570,3260,2430
Maharashtra,Nashik,Lasalgaon,Onion,Red,16/12/2021,12/16/2021,5490,1510,3250,2640
Maharashtra,Nashik,Lasalgaon,Onion,Other,17/12/2021,12/17/2021,6939,1650,2990,2350
Maharashtra,Nashik,Lasalgaon,Onion,Red,17/12/2021,12/17/2021,7952,1470,3360,2610
Maharashtra,Nashik,Lasalgaon,Onion,Other,18/12/2021,12/18/2021,7296,1410,2560,2070
Maharashtra,Nashik,Lasalgaon,Onion,Red,18/12/2021,12/18/2021,7914,1520,2920,2350
Maharashtra,Nashik,Lasalgaon,Onion,Other,20/12/2021,12/20/2021,6665,1550,3070,2250
Maharashtra,Nashik,Lasalgaon,Onion,Red,20/12/2021,12/20/2021,4723,1850,3070,2570
Maharashtra,Nashik,Lasalgaon,Onion,Other,21/12/2021,12/21/2021,6872,1710,3080,2350
Maharashtra,Nashik,Lasalgaon,Onion,Red,21/12/2021,12/21/2021,5481,1640,3700,2650
Maharashtra,Nashik,Lasalgaon,Onion,Other,22/12/2021,12/22/2021,9405,1510,2800,2240
Maharashtra,Nashik,Lasalgaon,Onion,Red,22/12/2021,12/22/2021,3902,1740,3630,2620
Maharashtra,Nashik,Lasalgaon,Onion,Other,23/12/2021,12/23/2021,4018,1690,3320,2420
Maharashtra,Nashik,Lasalgaon,Onion,Red,23/12/2021,12/23/2021,3925,1510,3480,2750
Maharashtra,Nashik,Lasalgaon,Onion,Other,24/12/2021,12/24/2021,4470,1360,2590,2080
Maharashtra,Nashik,Lasalgaon,Onion,Red,24/12/2021,12/24/2021,9405,1440,2910,2330
Maharashtra,Nashik,Lasalgaon,Onion,Other,25/12/2021,12/25/2021,9639,1630,2950,2190
Maharashtra,Nashik,Lasalgaon,Onion,Red,25/12/2021,12/25/2021,7793,1750,3000,2350
Maharashtra,Nashik,Lasalgaon,Onion,Other,27/12/2021,12/27/2021,8147,1500,2680,2100
Maharashtra,Nashik,Lasalgaon,Onion,Red,27/12/2021,12/27/2021,8845,1600,2780,2290
Maharashtra,Nashik,Lasalgaon,Onion,Other,28/12/2021,12/28/2021,8651,1390,2410,1920
Maharashtra,Nashik,Lasalgaon,Onion,Red,28/12/2021,12/28/2021,8693,1410,2660,2140
Maharashtra,Nashik,Lasalgaon,Onion,Other,29/12/2021,12/29/2021,4571,1060,2550,1860
Maharashtra,Nashik,Lasalgaon,Onion,Red,29/12/2021,12/29/2021,7718,1560,2680,2160
Maharashtra,Nashik,Lasalgaon,Onion,Other,30/12/2021,12/30/2021,7528,1580,2880,2250
Maharashtra,Nashik,Lasalgaon,Onion,Red,30/12/2021,12/30/2021,7880,1790,3460,2550
Maharashtra,Nashik,Lasalgaon,Onion,Other,31/12/2021,12/31/2021,4971,1240,2360,1990
Maharashtra,Nashik,Lasalgaon,Onion,Red,31/12/2021,12/31/2021,7903,1350,2600,2230
Maharashtra,Nashik,Lasalgaon,Onion,Other,1/1/2022,1/1/2022,9018,1610,2970,2170
Maharashtra,Nashik,Lasalgaon,Onion,Red,1/1/2022,1/1/2022,4474,1360,2830,2320
Maharashtra,Nashik,Lasalgaon,Onion,Other,3/1/2022,1/3/2022,8755,1120,2610,1870
Maharashtra,Nashik,Lasalgaon,Onion,Red,3/1/2022,1/3/2022,9076,1520,2730,2110
Maharashtra,Nashik,Lasalgaon,Onion,Other,4/1/2022,1/4/2022,8076,1280,2730,2100
Maharashtra,Nashik,Lasalgaon,Onion,Red,4/1/2022,1/4/2022,9290,1490,3240,2370
Maharashtra,Nashik,Lasalgaon,Onion,Other,5/1/2022,1/5/2022,8280,1110,2350,1730
Maharashtra,Nashik,Lasalgaon,Onion,Red,5/1/2022,1/5/2022,4418,1080,2480,1930
Maharashtra,Nashik,Lasalgaon,Onion,Other,6/1/2022,1/6/2022,4593,1240,2600,1920
Maharashtra,Nashik,Lasalgaon,Onion,Red,6/1/2022,1/6/2022,5392,1290,2770,2220
Maharashtra,Nashik,Lasalgaon,Onion,Other,7/1/2022,1/7/2022,9056,1200,2370,1960
Maharashtra,Nashik,Lasalgaon,Onion,Red,7/1/2022,1/7/2022,6191,1530,2690,2230
Maharashtra,Nashik,Lasalgaon,Onion,Other,8/1/2022,1/8/2022,8936,1710,2930,2350
Maharashtra,Nashik,Lasalgaon,Onion,Red,8/1/2022,1/8/2022,8550,1720,3600,2690
Maharashtra,Nashik,Lasalgaon,Onion,Other,10/1/2022,1/10/2022,9787,1220,2500,1910
Maharashtra,Nashik,Lasalgaon,Onion,Red,10/1/2022,1/10/2022,5318,1180,2600,2060
Maharashtra,Nashik,Lasalgaon,Onion,Other,11/1/2022,1/11/2022,6496,1270,2380,1790
Maharashtra,Nashik,Lasalgaon,Onion,Red,11/1/2022,1/11/2022,7438,1460,2800,2010
Maharashtra,Nashik,Lasalgaon,Onion,Other,12/1/2022,1/12/2022,6280,1120,2120,1690
Maharashtra,Nashik,Lasalgaon,Onion,Red,12/1/2022,1/12/2022,5466,1080,2330,1920
Maharashtra,Nashik,Lasalgaon,Onion,Other,13/01/2022,1/13/2022,6548,1420,2640,2120
Maharashtra,Nashik,Lasalgaon,Onion,Red,13/01/2022,1/13/2022,9241,1740,3090,2430
Maharashtra,Nashik,Lasalgaon,Onion,Other,14/01/2022,1/14/2022,9037,1160,2710,2060
Maharashtra,Nashik,Lasalgaon,Onion,Red,14/01/2022,1/14/2022,5643,1670,3160,2260
Maharashtra,Nashik,Lasalgaon,Onion,Other,15/01/2022,1/15/2022,9615,1110,1980,1670
Maharashtra,Nashik,Lasalgaon,Onion,Red,15/01/2022,1/15/2022,5887,1450,2500,1980
Maharashtra,Nashik,Lasalgaon,Onion,Other,17/01/2022,1/17/2022,8307,1120,2520,1830
Maharashtra,Nashik,Lasalgaon,Onion,Red,17/01/2022,1/17/2022,4533,1360,2580,2000
Maharashtra,Nashik,Lasalgaon,Onion,Other,18/01/2022,1/18/2022,8599,1340,2290,1780
Maharashtra,Nashik,Lasalgaon,Onion,Red,18/01/2022,1/18/2022,8587,1140,2660,2030
Maharashtra,Nashik,Lasalgaon,Onion,Other,19/01/2022,1/19/2022,10217,1080,2530,1820
Maharashtra,Nashik,Lasalgaon,Onion,Red,19/01/2022,1/19/2022,5848,1170,2870,2080
Maharashtra,Nashik,Lasalgaon,Onion,Other,20/01/2022,1/20/2022,7535,1200,1900,1610
Maharashtra,Nashik,Lasalgaon,Onion,Red,20/01/2022,1/20/2022,8109,1190,2300,1870
Maharashtra,Nashik,Lasalgaon,Onion,Other,21/01/2022,1/21/2022,9525,1300,2360,1750
Maharashtra,Nashik,Lasalgaon,Onion,Red,21/01/2022,1/21/2022,7306,1190,2360,1920
Maharashtra,Nashik,Lasalgaon,Onion,Other,22/01/2022,1/22/2022,5202,1100,2040,1590
Maharashtra,Nashik,Lasalgaon,Onion,Red,22/01/2022,1/22/2022,8691,1340,2300,1820
Maharashtra,Nashik,Lasalgaon,Onion,Other,24/01/2022,1/24/2022,7488,1160,2270,1890
Maharashtra,Nashik,Lasalgaon,Onion,Red,24/01/2022,1/24/2022,7953,1350,2650,2120
Maharashtra,Nashik,Lasalgaon,Onion,Other,25/01/2022,1/25/2022,5122,990,2010,1600
Maharashtra,Nashik,Lasalgaon,Onion,Red,25/01/2022,1/25/2022,10254,1080,2100,1800
Maharashtra,Nashik,Lasalgaon,Onion,Other,26/01/2022,1/26/2022,7224,870,2090,1570
Maharashtra,Nashik,Lasalgaon,Onion,Red,26/01/2022,1/26/2022,7959,1250,2440,1770
Maharashtra,Nashik,Lasalgaon,Onion,Other,27/01/2022,1/27/2022,8610,1220,2130,1640
Maharashtra,Nashik,Lasalgaon,Onion,Red,27/01/2022,1/27/2022,8705,1120,2250,1810
Maharashtra,Nashik,Lasalgaon,Onion,Other,28/01/2022,1/28/2022,5826,1120,1890,1590
Maharashtra,Nashik,Lasalgaon,Onion,Red,28/01/2022,1/28/2022,8121,1190,2160,1810
Maharashtra,Nashik,Lasalgaon,Onion,Other,29/01/2022,1/29/2022,5597,1170,2070,1640
Maharashtra,Nashik,Lasalgaon,Onion,Red,29/01/2022,1/29/2022,8060,1220,2520,1800
Maharashtra,Nashik,Lasalgaon,Onion,Other,31/01/2022,1/31/2022,6260,1010,1930,1420
Maharashtra,Nashik,Lasalgaon,Onion,Red,31/01/2022,1/31/2022,10074,960,1890,1570
Maharashtra,Nashik,Lasalgaon,Onion,Other,1/2/2022,2/1/2022,6780,1070,2210,1690
Maharashtra,Nashik,Lasalgaon,Onion,Red,1/2/2022,2/1/2022,7769,1170,2480,1890
Maharashtra,Nashik,Lasalgaon,Onion,Other,2/2/2022,2/2/2022,8569,880,1760,1410
Maharashtra,Nashik,Lasalgaon,Onion,Red,2/2/2022,2/2/2022,6045,1140,1800,1560
Maharashtra,Nashik,Lasalgaon,Onion,Other,3/2/2022,2/3/2022,6124,930,1940,1460
Maharashtra,Nashik,Lasalgaon,Onion,Red,3/2/2022,2/3/2022,10088,1050,2160,1570
Maharashtra,Nashik,Lasalgaon,Onion,Other,4/2/2022,2/4/2022,9042,840,1640,1420
Maharashtra,Nashik,Lasalgaon,Onion,Red,4/2/2022,2/4/2022,8376,1180,1920,1610
Maharashtra,Nashik,Lasalgaon,Onion,Other,5/2/2022,2/5/2022,6775,980,2000,1440
Maharashtra,Nashik,Lasalgaon,Onion,Red,5/2/2022,2/5/2022,6835,1000,2080,1620
Maharashtra,Nashik,Lasalgaon,Onion,Other,7/2/2022,2/7/2022,6860,900,1860,1450
Maharashtra,Nashik,Lasalgaon,Onion,Red,7/2/2022,2/7/2022,5231,920,2150,1670
Maharashtra,Nashik,Lasalgaon,Onion,Other,8/2/2022,2/8/2022,7897,760,1920,1380
Maharashtra,Nashik,Lasalgaon,Onion,Red,8/2/2022,2/8/2022,8136,1150,1790,1540
Maharashtra,Nashik,Lasalgaon,Onion,Other,9/2/2022,2/9/2022,9963,890,1740,1430
Maharashtra,Nashik,Lasalgaon,Onion,Red,9/2/2022,2/9/2022,6917,990,1830,1580
Maharashtra,Nashik,Lasalgaon,Onion,Other,10/2/2022,2/10/2022,8528,780,1440,1230
Maharashtra,Nashik,Lasalgaon,Onion,Red,10/2/2022,2/10/2022,7273,990,1770,1410
Maharashtra,Nashik,Lasalgaon,Onion,Other,11/2/2022,2/11/2022,5189,860,1820,1310
Maharashtra,Nashik,Lasalgaon,Onion,Red,11/2/2022,2/11/2022,7859,950,1820,1420
Maharashtra,Nashik,Lasalgaon,Onion,Other,12/2/2022,2/12/2022,6932,710,1680,1280
Maharashtra,Nashik,Lasalgaon,Onion,Red,12/2/2022,2/12/2022,6556,800,1750,1440
Maharashtra,Nashik,Lasalgaon,Onion,Other,14/02/2022,2/14/2022,7760,750,1500,1180
Maharashtra,Nashik,Lasalgaon,Onion,Red,14/02/2022,2/14/2022,10677,1000,1550,1340
Maharashtra,Nashik,Lasalgaon,Onion,Other,15/02/2022,2/15/2022,10213,860,1710,1350
Maharashtra,Nashik,Lasalgaon,Onion,Red,15/02/2022,2/15/2022,5799,1110,1850,1530
Maharashtra,Nashik,Lasalgaon,Onion,Other,16/02/2022,2/16/2022,9204,800,1710,1300
Maharashtra,Nashik,Lasalgaon,Onion,Red,16/02/2022,2/16/2022,7112,1030,1880,1460
Maharashtra,Nashik,Lasalgaon,Onion,Other,17/02/2022,2/17/2022,9050,850,1510,1230
Maharashtra,Nashik,Lasalgaon,Onion,Red,17/02/2022,2/17/2022,9129,830,1680,1390
Maharashtra,Nashik,Lasalgaon,Onion,Other,18/02/2022,2/18/2022,7484,810,1750,1350
Maharashtra,Nashik,Lasalgaon,Onion,Red,18/02/2022,2/18/2022,8966,1020,1850,1520
Maharashtra,Nashik,Lasalgaon,Onion,Other,19/02/2022,2/19/2022,9328,700,1500,1140
Maharashtra,Nashik,Lasalgaon,Onion,Red,19/02/2022,2/19/2022,7203,900,1730,1310
Maharashtra,Nashik,Lasalgaon,Onion,Other,21/02/2022,2/21/2022,5500,610,1400,1060
Maharashtra,Nashik,Lasalgaon,Onion,Red,21/02/2022,2/21/2022,10345,860,1580,1160
Maharashtra,Nashik,Lasalgaon,Onion,Other,22/02/2022,2/22/2022,4986,810,1340,1130
Maharashtra,Nashik,Lasalgaon,Onion,Red,22/02/2022,2/22/2022,10989,910,1510,1290
Maharashtra,Nashik,Lasalgaon,Onion,Other,23/02/2022,2/23/2022,5070,720,1590,1210
Maharashtra,Nashik,Lasalgaon,Onion,Red,23/02/2022,2/23/2022,9034,990,1640,1380
Maharashtra,Nashik,Lasalgaon,Onion,Other,24/02/2022,2/24/2022,7155,720,1240,1030
Maharashtra,Nashik,Lasalgaon,Onion,Red,24/02/2022,2/24/2022,7269,760,1400,1150
Maharashtra,Nashik,Lasalgaon,Onion,Other,25/02/2022,2/25/2022,7650,610,1320,1070
Maharashtra,Nashik,Lasalgaon,Onion,Red,25/02/2022,2/25/2022,9842,800,1510,1210
Maharashtra,Nashik,Lasalgaon,Onion,Other,26/02/2022,2/26/2022,11165,680,1420,1080
Maharashtra,Nashik,Lasalgaon,Onion,Red,26/02/2022,2/26/2022,6744,780,1670,1190
Maharashtra,Nashik,Lasalgaon,Onion,Other,28/02/2022,2/28/2022,7194,540,1200,960
Maharashtra,Nashik,Lasalgaon,Onion,Red,28/02/2022,2/28/2022,10689,600,1280,1050
Maharashtra,Nashik,Lasalgaon,Onion,Other,1/3/2022,3/1/2022,6408,750,1400,1110
Maharashtra,Nashik,Lasalgaon,Onion,Red,1/3/2022,3/1/2022,7035,760,1580,1210
Maharashtra,Nashik,Lasalgaon,Onion,Other,2/3/2022,3/2/2022,9031,740,1280,1010
Maharashtra,Nashik,Lasalgaon,Onion,Red,2/3/2022,3/2/2022,8380,730,1540,1130
Maharashtra,Nashik,Lasalgaon,Onion,Other,3/3/2022,3/3/2022,6043,740,1260,1070
Maharashtra,Nashik,Lasalgaon,Onion,Red,3/3/2022,3/3/2022,8289,850,1630,1200
Maharashtra,Nashik,Lasalgaon,Onion,Other,4/3/2022,3/4/2022,5547,720,1500,1130
Maharashtra,Nashik,Lasalgaon,Onion,Red,4/3/2022,3/4/2022,8718,960,1740,1300
Maharashtra,Nashik,Lasalgaon,Onion,Other,5/3/2022,3/5/2022,9172,600,1240,940
Maharashtra,Nashik,Lasalgaon,Onion,Red,5/3/2022,3/5/2022,10228,650,1360,1040
Maharashtra,Nashik,Lasalgaon,Onion,Other,7/3/2022,3/7/2022,9253,680,1250,970
Maharashtra,Nashik,Lasalgaon,Onion,Red,7/3/2022,3/7/2022,5235,700,1500,1080
Maharashtra,Nashik,Lasalgaon,Onion,Other,8/3/2022,3/8/2022,6027,530,1140,910
Maharashtra,Nashik,Lasalgaon,Onion,Red,8/3/2022,3/8/2022,7123,760,1420,1020
Maharashtra,Nashik,Lasalgaon,Onion,Other,9/3/2022,3/9/2022,4947,700,1280,980
Maharashtra,Nashik,Lasalgaon,Onion,Red,9/3/2022,3/9/2022,8095,820,1560,1170
Maharashtra,Nashik,Lasalgaon,Onion,Other,10/3/2022,3/10/2022,6991,810,1320,1080
Maharashtra,Nashik,Lasalgaon,Onion,Red,10/3/2022,3/10/2022,9538,720,1680,1220
Maharashtra,Nashik,Lasalgaon,Onion,Other,11/3/2022,3/11/2022,9564,540,1240,970
Maharashtra,Nashik,Lasalgaon,Onion,Red,11/3/2022,3/11/2022,10172,730,1450,1100
Maharashtra,Nashik,Lasalgaon,Onion,Other,12/3/2022,3/12/2022,5231,570,1190,980
Maharashtra,Nashik,Lasalgaon,Onion,Red,12/3/2022,3/12/2022,10104,680,1350,1090
Maharashtra,Nashik,Lasalgaon,Onion,Other,14/03/2022,3/14/2022,6232,590,1000,860
Maharashtra,Nashik,Lasalgaon,Onion,Red,14/03/2022,3/14/2022,10009,680,1330,1010
Maharashtra,Nashik,Lasalgaon,Onion,Other,15/03/2022,3/15/2022,6364,670,1360,980
Maharashtra,Nashik,Lasalgaon,Onion,Red,15/03/2022,3/15/2022,11376,710,1400,1080
Maharashtra,Nashik,Lasalgaon,Onion,Other,16/03/2022,3/16/2022,6554,550,1140,890
Maharashtra,Nashik,Lasalgaon,Onion,Red,16/03/2022,3/16/2022,7179,540,1240,960
Maharashtra,Nashik,Lasalgaon,Onion,Other,17/03/2022,3/17/2022,8929,480,1180,850
Maharashtra,Nashik,Lasalgaon,Onion,Red,17/03/2022,3/17/2022,10974,660,1160,930
Maharashtra,Nashik,Lasalgaon,Onion,Other,18/03/2022,3/18/2022,8647,660,1350,1010
Maharashtra,Nashik,Lasalgaon,Onion,Red,18/03/2022,3/18/2022,8787,670,1320,1110
Maharashtra,Nashik,Lasalgaon,Onion,Other,19/03/2022,3/19/2022,10619,510,1040,820
Maharashtra,Nashik,Lasalgaon,Onion,Red,19/03/2022,3/19/2022,10466,520,1130,910
Maharashtra,Nashik,Lasalgaon,Onion,Other,21/03/2022,3/21/2022,8451,560,990,780
Maharashtra,Nashik,Lasalgaon,Onion,Red,21/03/2022,3/21/2022,7387,670,1240,900
Maharashtra,Nashik,Lasalgaon,Onion,Other,22/03/2022,3/22/2022,7714,460,950,820
Maharashtra,Nashik,Lasalgaon,Onion,Red,22/03/2022,3/22/2022,8406,660,1230,900
Maharashtra,Nashik,Lasalgaon,Onion,Other,23/03/2022,3/23/2022,10119,490,960,830
Maharashtra,Nashik,Lasalgaon,Onion,Red,23/03/2022,3/23/2022,9248,540,1270,930
Maharashtra,Nashik,Lasalgaon,Onion,Other,24/03/2022,3/24/2022,9914,540,1100,800
Maharashtra,Nashik,Lasalgaon,Onion,Red,24/03/2022,3/24/2022,7078,550,1150,890
Maharashtra,Nashik,Lasalgaon,Onion,Other,25/03/2022,3/25/2022,5286,510,940,760
Maharashtra,Nashik,Lasalgaon,Onion,Red,25/03/2022,3/25/2022,9172,560,1240,900
Maharashtra,Nashik,Lasalgaon,Onion,Other,26/03/2022,3/26/2022,8776,470,1000,770
Maharashtra,Nashik,Lasalgaon,Onion,Red,26/03/2022,3/26/2022,7154,550,1130,850
Maharashtra,Nashik,Lasalgaon,Onion,Other,28/03/2022,3/28/2022,9702,550,1030,780
Maharashtra,Nashik,Lasalgaon,Onion,Red,28/03/2022,3/28/2022,5537,570,1170,890
Maharashtra,Nashik,Lasalgaon,Onion,Other,29/03/2022,3/29/2022,11252,570,950,820
Maharashtra,Nashik,Lasalgaon,Onion,Red,29/03/2022,3/29/2022,8216,660,1150,890
Maharashtra,Nashik,Lasalgaon,Onion,Other,30/03/2022,3/30/2022,11577,490,1050,760
Maharashtra,Nashik,Lasalgaon,Onion,Red,30/03/2022,3/30/2022,6564,650,1070,880
Maharashtra,Nashik,Lasalgaon,Onion,Other,31/03/2022,3/31/2022,9291,470,960,770
Maharashtra,Nashik,Lasalgaon,Onion,Red,31/03/2022,3/31/2022,10535,580,1100,820
Maharashtra,Nashik,Lasalgaon,Onion,Other,1/4/2022,4/1/2022,6788,530,930,800
Maharashtra,Nashik,Lasalgaon,Onion,Red,1/4/2022,4/1/2022,11065,630,1270,930
Maharashtra,Nashik,Lasalgaon,Onion,Other,2/4/2022,4/2/2022,8398,670,1200,940
Maharashtra,Nashik,Lasalgaon,Onion,Red,2/4/2022,4/2/2022,10837,770,1420,1050
Maharashtra,Nashik,Lasalgaon,Onion,Other,4/4/2022,4/4/2022,10443,570,930,790
Maharashtra,Nashik,Lasalgaon,Onion,Red,4/4/2022,4/4/2022,9136,500,1150,850
Maharashtra,Nashik,Lasalgaon,Onion,Other,5/4/2022,4/5/2022,7969,530,1020,780
Maharashtra,Nashik,Lasalgaon,Onion,Red,5/4/2022,4/5/2022,8435,610,1070,840
Maharashtra,Nashik,Lasalgaon,Onion,Other,6/4/2022,4/6/2022,8636,560,950,790
Maharashtra,Nashik,Lasalgaon,Onion,Red,6/4/2022,4/6/2022,8817,510,1140,850
Maharashtra,Nashik,Lasalgaon,Onion,Other,7/4/2022,4/7/2022,9391,560,1050,840
Maharashtra,Nashik,Lasalgaon,Onion,Red,7/4/2022,4/7/2022,7028,710,1210,970
Maharashtra,Nashik,Lasalgaon,Onion,Other,8/4/2022,4/8/2022,8478,410,930,730
Maharashtra,Nashik,Lasalgaon,Onion,Red,8/4/2022,4/8/2022,9240,510,950,770
Maharashtra,Nashik,Lasalgaon,Onion,Other,9/4/2022,4/9/2022,7371,560,1000,760
Maharashtra,Nashik,Lasalgaon,Onion,Red,9/4/2022,4/9/2022,6156,490,1010,850
Maharashtra,Nashik,Lasalgaon,Onion,Other,11/4/2022,4/11/2022,10923,620,1170,870
Maharashtra,Nashik,Lasalgaon,Onion,Red,11/4/2022,4/11/2022,11211,730,1240,980
Maharashtra,Nashik,Lasalgaon,Onion,Other,12/4/2022,4/12/2022,11224,530,1010,770
Maharashtra,Nashik,Lasalgaon,Onion,Red,12/4/2022,4/12/2022,5106,540,1120,860
Maharashtra,Nashik,Lasalgaon,Onion,Other,13/04/2022,4/13/2022,6492,500,1030,760
Maharashtra,Nashik,Lasalgaon,Onion,Red,13/04/2022,4/13/2022,5841,550,1020,850
Maharashtra,Nashik,Lasalgaon,Onion,Other,14/04/2022,4/14/2022,5830,500,860,740
Maharashtra,Nashik,Lasalgaon,Onion,Red,14/04/2022,4/14/2022,5239,550,1080,830
Maharashtra,Nashik,Lasalgaon,Onion,Other,15/04/2022,4/15/2022,9017,580,990,840
Maharashtra,Nashik,Lasalgaon,Onion,Red,15/04/2022,4/15/2022,10627,650,1100,950
Maharashtra,Nashik,Lasalgaon,Onion,Other,16/04/2022,4/16/2022,10495,550,1070,810
Maharashtra,Nashik,Lasalgaon,Onion,Red,16/04/2022,4/16/2022,7474,630,1140,930
Maharashtra,Nashik,Lasalgaon,Onion,Other,18/04/2022,4/18/2022,9706,550,1120,800
Maharashtra,Nashik,Lasalgaon,Onion,Red,18/04/2022,4/18/2022,6895,500,1220,900
Maharashtra,Nashik,Lasalgaon,Onion,Other,19/04/2022,4/19/2022,7711,430,890,710
Maharashtra,Nashik,Lasalgaon,Onion,Red,19/04/2022,4/19/2022,7088,530,1050,780
Maharashtra,Nashik,Lasalgaon,Onion,Other,20/04/2022,4/20/2022,5151,570,1140,830
Maharashtra,Nashik,Lasalgaon,Onion,Red,20/04/2022,4/20/2022,9138,650,1150,900
Maharashtra,Nashik,Lasalgaon,Onion,Other,21/04/2022,4/21/2022,8479,470,960,790
Maharashtra,Nashik,Lasalgaon,Onion,Red,21/04/2022,4/21/2022,8972,620,1160,870
Maharashtra,Nashik,Lasalgaon,Onion,Other,22/04/2022,4/22/2022,6876,510,890,690
Maharashtra,Nashik,Lasalgaon,Onion,Red,22/04/2022,4/22/2022,8594,480,1040,800
Maharashtra,Nashik,Lasalgaon,Onion,Other,23/04/2022,4/23/2022,11291,480,1060,860
Maharashtra,Nashik,Lasalgaon,Onion,Red,23/04/2022,4/23/2022,5973,720,1210,990
Maharashtra,Nashik,Lasalgaon,Onion,Other,25/04/2022,4/25/2022,7593,490,1000,720
Maharashtra,Nashik,Lasalgaon,Onion,Red,25/04/2022,4/25/2022,5327,440,1080,790
Maharashtra,Nashik,Lasalgaon,Onion,Other,26/04/2022,4/26/2022,5318,610,1000,830
Maharashtra,Nashik,Lasalgaon,Onion,Red,26/04/2022,4/26/2022,7169,610,1190,940
Maharashtra,Nashik,Lasalgaon,Onion,Other,27/04/2022,4/27/2022,7955,540,1040,780
Maharashtra,Nashik,Lasalgaon,Onion,Red,27/04/2022,4/27/2022,6788,650,1060,890
Maharashtra,Nashik,Lasalgaon,Onion,Other,28/04/2022,4/28/2022,6222,440,880,760
Maharashtra,Nashik,Lasalgaon,Onion,Red,28/04/2022,4/28/2022,6750,560,1060,870
Maharashtra,Nashik,Lasalgaon,Onion,Other,29/04/2022,4/29/2022,7490,590,980,840
Maharashtra,Nashik,Lasalgaon,Onion,Red,29/04/2022,4/29/2022,5745,630,1160,970
Maharashtra,Nashik,Lasalgaon,Onion,Other,30/04/2022,4/30/2022,9361,620,980,840
Maharashtra,Nashik,Lasalgaon,Onion,Red,30/04/2022,4/30/2022,8117,690,1290,920
Maharashtra,Nashik,Lasalgaon,Onion,Other,2/5/2022,5/2/2022,9121,610,1160,840
Maharashtra,Nashik,Lasalgaon,Onion,Red,2/5/2022,5/2/2022,9371,650,1240,930
Maharashtra,Nashik,Lasalgaon,Onion,Other,3/5/2022,5/3/2022,9955,590,1090,900
Maharashtra,Nashik,Lasalgaon,Onion,Red,3/5/2022,5/3/2022,10165,660,1260,1030
Maharashtra,Nashik,Lasalgaon,Onion,Other,4/5/2022,5/4/2022,6626,520,1180,900
Maharashtra,Nashik,Lasalgaon,Onion,Red,4/5/2022,5/4/2022,9235,740,1190,1010
Maharashtra,Nashik,Lasalgaon,Onion,Other,5/5/2022,5/5/2022,6998,630,1170,860
Maharashtra,Nashik,Lasalgaon,Onion,Red,5/5/2022,5/5/2022,6791,550,1210,990
Maharashtra,Nashik,Lasalgaon,Onion,Other,6/5/2022,5/6/2022,7524,590,1050,890
Maharashtra,Nashik,Lasalgaon,Onion,Red,6/5/2022,5/6/2022,9305,600,1260,980
Maharashtra,Nashik,Lasalgaon,Onion,Other,7/5/2022,5/7/2022,10980,620,1140,860
Maharashtra,Nashik,Lasalgaon,Onion,Red,7/5/2022,5/7/2022,10654,630,1340,980
Maharashtra,Nashik,Lasalgaon,Onion,Other,9/5/2022,5/9/2022,11317,600,1080,810
Maharashtra,Nashik,Lasalgaon,Onion,Red,9/5/2022,5/9/2022,5785,630,1150,880
Maharashtra,Nashik,Lasalgaon,Onion,Other,10/5/2022,5/10/2022,6900,620,1200,900
Maharashtra,Nashik,Lasalgaon,Onion,Red,10/5/2022,5/10/2022,5075,610,1260,1000
Maharashtra,Nashik,Lasalgaon,Onion,Other,11/5/2022,5/11/2022,9393,650,1220,910
Maharashtra,Nashik,Lasalgaon,Onion,Red,11/5/2022,5/11/2022,7815,640,1330,1040
Maharashtra,Nashik,Lasalgaon,Onion,Other,12/5/2022,5/12/2022,5616,650,1370,1010
Maharashtra,Nashik,Lasalgaon,Onion,Red,12/5/2022,5/12/2022,8668,640,1550,1110
Maharashtra,Nashik,Lasalgaon,Onion,Other,13/05/2022,5/13/2022,5379,680,1530,1150
Maharashtra,Nashik,Lasalgaon,Onion,Red,13/05/2022,5/13/2022,10460,890,1720,1330
Maharashtra,Nashik,Lasalgaon,Onion,Other,14/05/2022,5/14/2022,6348,600,1070,910
Maharashtra,Nashik,Lasalgaon,Onion,Red,14/05/2022,5/14/2022,5473,570,1300,1020
Maharashtra,Nashik,Lasalgaon,Onion,Other,16/05/2022,5/16/2022,6372,720,1220,1040
Maharashtra,Nashik,Lasalgaon,Onion,Red,16/05/2022,5/16/2022,5031,800,1600,1170
Maharashtra,Nashik,Lasalgaon,Onion,Other,17/05/2022,5/17/2022,9809,680,1420,1030
Maharashtra,Nashik,Lasalgaon,Onion,Red,17/05/2022,5/17/2022,8359,860,1470,1190
Maharashtra,Nashik,Lasalgaon,Onion,Other,18/05/2022,5/18/2022,5930,620,1120,930
Maharashtra,Nashik,Lasalgaon,Onion,Red,18/05/2022,5/18/2022,10854,670,1420,1070
Maharashtra,Nashik,Lasalgaon,Onion,Other,19/05/2022,5/19/2022,8485,660,1600,1160
Maharashtra,Nashik,Lasalgaon,Onion,Red,19/05/2022,5/19/2022,6371,910,1730,1280
Maharashtra,Nashik,Lasalgaon,Onion,Other,20/05/2022,5/20/2022,11139,610,1430,1080
Maharashtra,Nashik,Lasalgaon,Onion,Red,20/05/2022,5/20/2022,10761,740,1660,1210
Maharashtra,Nashik,Lasalgaon,Onion,Other,21/05/2022,5/21/2022,10386,620,1170,1010
Maharashtra,Nashik,Lasalgaon,Onion,Red,21/05/2022,5/21/2022,7105,830,1510,1150
Maharashtra,Nashik,Lasalgaon,Onion,Other,23/05/2022,5/23/2022,9619,760,1510,1090
Maharashtra,Nashik,Lasalgaon,Onion,Red,23/05/2022,5/23/2022,8812,870,1630,1220
Maharashtra,Nashik,Lasalgaon,Onion,Other,24/05/2022,5/24/2022,5364,790,1450,1160
Maharashtra,Nashik,Lasalgaon,Onion,Red,24/05/2022,5/24/2022,6483,790,1660,1290
Maharashtra,Nashik,Lasalgaon,Onion,Other,25/05/2022,5/25/2022,7987,660,1520,1120
Maharashtra,Nashik,Lasalgaon,Onion,Red,25/05/2022,5/25/2022,6868,800,1430,1210
Maharashtra,Nashik,Lasalgaon,Onion,Other,26/05/2022,5/26/2022,8732,860,1460,1210
Maharashtra,Nashik,Lasalgaon,Onion,Red,26/05/2022,5/26/2022,10669,810,1880,1350
Maharashtra,Nashik,Lasalgaon,Onion,Other,27/05/2022,5/27/2022,9202,900,1680,1260
Maharashtra,Nashik,Lasalgaon,Onion,Red,27/05/2022,5/27/2022,8580,1070,1870,1440
Maharashtra,Nashik,Lasalgaon,Onion,Other,28/05/2022,5/28/2022,7186,830,1440,1190
Maharashtra,Nashik,Lasalgaon,Onion,Red,28/05/2022,5/28/2022,7547,790,1740,1360
Maharashtra,Nashik,Lasalgaon,Onion,Other,30/05/2022,5/30/2022,9337,820,1490,1140
Maharashtra,Nashik,Lasalgaon,Onion,Red,30/05/2022,5/30/2022,8712,800,1690,1320
Maharashtra,Nashik,Lasalgaon,Onion,Other,31/05/2022,5/31/2022,8997,920,1750,1260
Maharashtra,Nashik,Lasalgaon,Onion,Red,31/05/2022,5/31/2022,6336,1050,1920,1420
Maharashtra,Nashik,Lasalgaon,Onion,Other,1/6/2022,6/1/2022,4886,610,1330,1110
Maharashtra,Nashik,Lasalgaon,Onion,Red,1/6/2022,6/1/2022,6772,850,1540,1230
Maharashtra,Nashik,Lasalgaon,Onion,Other,2/6/2022,6/2/2022,7668,950,1680,1280
Maharashtra,Nashik,Lasalgaon,Onion,Red,2/6/2022,6/2/2022,5951,890,1750,1450
Maharashtra,Nashik,Lasalgaon,Onion,Other,3/6/2022,6/3/2022,5672,800,1640,1300
Maharashtra,Nashik,Lasalgaon,Onion,Red,3/6/2022,6/3/2022,7963,890,1670,1420
Maharashtra,Nashik,Lasalgaon,Onion,Other,4/6/2022,6/4/2022,7407,850,1700,1270
Maharashtra,Nashik,Lasalgaon,Onion,Red,4/6/2022,6/4/2022,7906,890,1670,1420
Maharashtra,Nashik,Lasalgaon,Onion,Other,6/6/2022,6/6/2022,9777,750,1450,1070
Maharashtra,Nashik,Lasalgaon,Onion,Red,6/6/2022,6/6/2022,5285,720,1620,1240
Maharashtra,Nashik,Lasalgaon,Onion,Other,7/6/2022,6/7/2022,8682,720,1700,1240
Maharashtra,Nashik,Lasalgaon,Onion,Red,7/6/2022,6/7/2022,7956,900,1680,1450
Maharashtra,Nashik,Lasalgaon,Onion,Other,8/6/2022,6/8/2022,8263,1000,1590,1350
Maharashtra,Nashik,Lasalgaon,Onion,Red,8/6/2022,6/8/2022,5131,1090,1970,1540
Maharashtra,Nashik,Lasalgaon,Onion,Other,9/6/2022,6/9/2022,9331,1040,2010,1500
Maharashtra,Nashik,Lasalgaon,Onion,Red,9/6/2022,6/9/2022,6839,1190,2090,1740
Maharashtra,Nashik,Lasalgaon,Onion,Other,10/6/2022,6/10/2022,7849,840,1660,1370
Maharashtra,Nashik,Lasalgaon,Onion,Red,10/6/2022,6/10/2022,9389,1010,1730,1500
Maharashtra,Nashik,Lasalgaon,Onion,Other,11/6/2022,6/11/2022,8165,900,1750,1420
Maharashtra,Nashik,Lasalgaon,Onion,Red,11/6/2022,6/11/2022,10505,1080,1770,1530
Maharashtra,Nashik,Lasalgaon,Onion,Other,13/06/2022,6/13/2022,9254,1030,1840,1470
Maharashtra,Nashik,Lasalgaon,Onion,Red,13/06/2022,6/13/2022,5543,1050,2310,1680
Maharashtra,Nashik,Lasalgaon,Onion,Other,14/06/2022,6/14/2022,7645,910,1860,1480
Maharashtra,Nashik,Lasalgaon,Onion,Red,14/06/2022,6/14/2022,6748,1140,2020,1580
Maharashtra,Nashik,Lasalgaon,Onion,Other,15/06/2022,6/15/2022,5414,920,1880,1410
Maharashtra,Nashik,Lasalgaon,Onion,Red,15/06/2022,6/15/2022,6794,900,1890,1520
Maharashtra,Nashik,Lasalgaon,Onion,Other,16/06/2022,6/16/2022,8321,980,2030,1590
Maharashtra,Nashik,Lasalgaon,Onion,Red,16/06/2022,6/16/2022,7662,1050,2340,1760
Maharashtra,Nashik,Lasalgaon,Onion,Other,17/06/2022,6/17/2022,7918,970,2210,1610
Maharashtra,Nashik,Lasalgaon,Onion,Red,17/06/2022,6/17/2022,9205,1210,2460,1800
Maharashtra,Nashik,Lasalgaon,Onion,Other,18/06/2022,6/18/2022,4883,1050,2120,1640
Maharashtra,Nashik,Lasalgaon,Onion,Red,18/06/2022,6/18/2022,4705,1060,2540,1870
Maharashtra,Nashik,Lasalgaon,Onion,Other,20/06/2022,6/20/2022,8080,880,1940,1590
Maharashtra,Nashik,Lasalgaon,Onion,Red,20/06/2022,6/20/2022,7419,1180,2370,1760
Maharashtra,Nashik,Lasalgaon,Onion,Other,21/06/2022,6/21/2022,9763,1130,2260,1740
Maharashtra,Nashik,Lasalgaon,Onion,Red,21/06/2022,6/21/2022,4325,1230,2430,1950
Maharashtra,Nashik,Lasalgaon,Onion,Other,22/06/2022,6/22/2022,7919,1010,2100,1550
Maharashtra,Nashik,Lasalgaon,Onion,Red,22/06/2022,6/22/2022,6033,1050,2350,1750
Maharashtra,Nashik,Lasalgaon,Onion,Other,23/06/2022,6/23/2022,5691,980,2310,1670
Maharashtra,Nashik,Lasalgaon,Onion,Red,23/06/2022,6/23/2022,5817,1460,2250,1950
Maharashtra,Nashik,Lasalgaon,Onion,Other,24/06/2022,6/24/2022,7097,1220,2080,1720
Maharashtra,Nashik,Lasalgaon,Onion,Red,24/06/2022,6/24/2022,8269,1350,2490,1980
Maharashtra,Nashik,Lasalgaon,Onion,Other,25/06/2022,6/25/2022,8552,1100,2080,1560
Maharashtra,Nashik,Lasalgaon,Onion,Red,25/06/2022,6/25/2022,6753,1020,2150,1760
Maharashtra,Nashik,Lasalgaon,Onion,Other,27/06/2022,6/27/2022,7968,1130,2080,1590
Maharashtra,Nashik,Lasalgaon,Onion,Red,27/06/2022,6/27/2022,5568,1040,2410,1750
Maharashtra,Nashik,Lasalgaon,Onion,Other,28/06/2022,6/28/2022,4592,940,1950,1580
Maharashtra,Nashik,Lasalgaon,Onion,Red,28/06/2022,6/28/2022,9191,1240,2200,1800
Maharashtra,Nashik,Lasalgaon,Onion,Other,29/06/2022,6/29/2022,8782,1260,2050,1690
Maharashtra,Nashik,Lasalgaon,Onion,Red,29/06/2022,6/29/2022,7368,1250,2150,1780
Maharashtra,Nashik,Lasalgaon,Onion,Other,30/06/2022,6/30/2022,8886,1260,2370,1870
Maharashtra,Nashik,Lasalgaon,Onion,Red,30/06/2022,6/30/2022,9116,1230,2750,2060
Maharashtra,Nashik,Lasalgaon,Onion,Other,1/7/2022,7/1/2022,6643,1130,2500,1790
Maharashtra,Nashik,Lasalgaon,Onion,Red,1/7/2022,7/1/2022,9811,1380,2420,2030
Maharashtra,Nashik,Lasalgaon,Onion,Other,2/7/2022,7/2/2022,8832,1070,2540,1890
Maharashtra,Nashik,Lasalgaon,Onion,Red,2/7/2022,7/2/2022,6876,1480,2650,2170
Maharashtra,Nashik,Lasalgaon,Onion,Other,4/7/2022,7/4/2022,5343,1090,2250,1820
Maharashtra,Nashik,Lasalgaon,Onion,Red,4/7/2022,7/4/2022,9541,1180,2320,1980
Maharashtra,Nashik,Lasalgaon,Onion,Other,5/7/2022,7/5/2022,10141,1040,2070,1580
Maharashtra,Nashik,Lasalgaon,Onion,Red,5/7/2022,7/5/2022,10134,1060,2210,1800
Maharashtra,Nashik,Lasalgaon,Onion,Other,6/7/2022,7/6/2022,10156,1070,2130,1840
Maharashtra,Nashik,Lasalgaon,Onion,Red,6/7/2022,7/6/2022,9852,1250,2840,2060
Maharashtra,Nashik,Lasalgaon,Onion,Other,7/7/2022,7/7/2022,6748,1040,2330,1840
Maharashtra,Nashik,Lasalgaon,Onion,Red,7/7/2022,7/7/2022,9504,1380,2600,2060
Maharashtra,Nashik,Lasalgaon,Onion,Other,8/7/2022,7/8/2022,5477,1550,2520,2120
Maharashtra,Nashik,Lasalgaon,Onion,Red,8/7/2022,7/8/2022,6747,1370,2840,2400
Maharashtra,Nashik,Lasalgaon,Onion,Other,9/7/2022,7/9/2022,7534,1370,2180,1840
Maharashtra,Nashik,Lasalgaon,Onion,Red,9/7/2022,7/9/2022,7322,1120,2410,1960
Maharashtra,Nashik,Lasalgaon,Onion,Other,11/7/2022,7/11/2022,5142,1100,2430,1950
Maharashtra,Nashik,Lasalgaon,Onion,Red,11/7/2022,7/11/2022,4498,1320,2890,2220
Maharashtra,Nashik,Lasalgaon,Onion,Other,12/7/2022,7/12/2022,9488,1430,2610,2260
Maharashtra,Nashik,Lasalgaon,Onion,Red,12/7/2022,7/12/2022,5673,1550,3340,2480
Maharashtra,Nashik,Lasalgaon,Onion,Other,13/07/2022,7/13/2022,6596,1060,1990,1720
Maharashtra,Nashik,Lasalgaon,Onion,Red,13/07/2022,7/13/2022,5179,1380,2510,1900
Maharashtra,Nashik,Lasalgaon,Onion,Other,14/07/2022,7/14/2022,9016,1470,2540,2140
Maharashtra,Nashik,Lasalgaon,Onion,Red,14/07/2022,7/14/2022,6808,1470,3040,2410
Maharashtra,Nashik,Lasalgaon,Onion,Other,15/07/2022,7/15/2022,6938,1330,2680,2060
Maharashtra,Nashik,Lasalgaon,Onion,Red,15/07/2022,7/15/2022,5653,1620,2660,2200
Maharashtra,Nashik,Lasalgaon,Onion,Other,16/07/2022,7/16/2022,5045,1470,2990,2260
Maharashtra,Nashik,Lasalgaon,Onion,Red,16/07/2022,7/16/2022,5947,1870,3080,2600
Maharashtra,Nashik,Lasalgaon,Onion,Other,18/07/2022,7/18/2022,8326,1450,2930,2120
Maharashtra,Nashik,Lasalgaon,Onion,Red,18/07/2022,7/18/2022,6651,1530,3210,2320
Maharashtra,Nashik,Lasalgaon,Onion,Other,19/07/2022,7/19/2022,5006,1510,3250,2390
Maharashtra,Nashik,Lasalgaon,Onion,Red,19/07/2022,7/19/2022,8300,1830,3680,2770
Maharashtra,Nashik,Lasalgaon,Onion,Other,20/07/2022,7/20/2022,6778,1460,2680,2150
Maharashtra,Nashik,Lasalgaon,Onion,Red,20/07/2022,7/20/2022,8692,1810,3420,2470
Maharashtra,Nashik,Lasalgaon,Onion,Other,21/07/2022,7/21/2022,7300,1400,2890,2150
Maharashtra,Nashik,Lasalgaon,Onion,Red,21/07/2022,7/21/2022,7785,1820,3080,2430
Maharashtra,Nashik,Lasalgaon,Onion,Other,22/07/2022,7/22/2022,6433,1570,2810,2180
Maharashtra,Nashik,Lasalgaon,Onion,Red,22/07/2022,7/22/2022,7747,1450,3170,2540
Maharashtra,Nashik,Lasalgaon,Onion,Other,23/07/2022,7/23/2022,7978,1360,2600,2180
Maharashtra,Nashik,Lasalgaon,Onion,Red,23/07/2022,7/23/2022,7233,1830,3230,2460
Maharashtra,Nashik,Lasalgaon,Onion,Other,25/07/2022,7/25/2022,7878,1480,2770,2130
Maharashtra,Nashik,Lasalgaon,Onion,Red,25/07/2022,7/25/2022,8195,1740,3220,2390
Maharashtra,Nashik,Lasalgaon,Onion,Other,26/07/2022,7/26/2022,4334,1370,2880,2140
Maharashtra,Nashik,Lasalgaon,Onion,Red,26/07/2022,7/26/2022,7902,1350,2810,2410
Maharashtra,Nashik,Lasalgaon,Onion,Other,27/07/2022,7/27/2022,6129,1120,2620,1970
Maharashtra,Nashik,Lasalgaon,Onion,Red,27/07/2022,7/27/2022,7226,1330,2890,2200
Maharashtra,Nashik,Lasalgaon,Onion,Other,28/07/2022,7/28/2022,5156,1510,3360,2490
Maharashtra,Nashik,Lasalgaon,Onion,Red,28/07/2022,7/28/2022,7419,1570,3620,2690
Maharashtra,Nashik,Lasalgaon,Onion,Other,29/07/2022,7/29/2022,5842,1660,3100,2310
Maharashtra,Nashik,Lasalgaon,Onion,Red,29/07/2022,7/29/2022,6519,1760,3050,2580
Maharashtra,Nashik,Lasalgaon,Onion,Other,30/07/2022,7/30/2022,6334,1320,2960,2330
Maharashtra,Nashik,Lasalgaon,Onion,Red,30/07/2022,7/30/2022,5745,1660,3020,2600
Maharashtra,Nashik,Lasalgaon,Onion,Other,1/8/2022,8/1/2022,6394,1580,2830,2280
Maharashtra,Nashik,Lasalgaon,Onion,Red,1/8/2022,8/1/2022,4401,1750,3670,2650
Maharashtra,Nashik,Lasalgaon,Onion,Other,2/8/2022,8/2/2022,6585,1780,3370,2410
Maharashtra,Nashik,Lasalgaon,Onion,Red,2/8/2022,8/2/2022,6667,1720,3500,2670
Maharashtra,Nashik,Lasalgaon,Onion,Other,3/8/2022,8/3/2022,6316,1780,3240,2550
Maharashtra,Nashik,Lasalgaon,Onion,Red,3/8/2022,8/3/2022,5944,1950,3640,2880
Maharashtra,Nashik,Lasalgaon,Onion,Other,4/8/2022,8/4/2022,5630,1590,3360,2630
Maharashtra,Nashik,Lasalgaon,Onion,Red,4/8/2022,8/4/2022,7813,1680,4080,2940
Maharashtra,Nashik,Lasalgaon,Onion,Other,5/8/2022,8/5/2022,5550,1540,3470,2480
Maharashtra,Nashik,Lasalgaon,Onion,Red,5/8/2022,8/5/2022,7983,1640,3550,2750
Maharashtra,Nashik,Lasalgaon,Onion,Other,6/8/2022,8/6/2022,4324,1440,3530,2560
Maharashtra,Nashik,Lasalgaon,Onion,Red,6/8/2022,8/6/2022,5981,2050,3560,2800
Maharashtra,Nashik,Lasalgaon,Onion,Other,8/8/2022,8/8/2022,6779,1550,3050,2380
Maharashtra,Nashik,Lasalgaon,Onion,Red,8/8/2022,8/8/2022,7436,1780,3100,2690
Maharashtra,Nashik,Lasalgaon,Onion,Other,9/8/2022,8/9/2022,7617,1610,3140,2430
Maharashtra,Nashik,Lasalgaon,Onion,Red,9/8/2022,8/9/2022,5200,1560,3590,2740
Maharashtra,Nashik,Lasalgaon,Onion,Other,10/8/2022,8/10/2022,6719,1920,3280,2780
Maharashtra,Nashik,Lasalgaon,Onion,Red,10/8/2022,8/10/2022,7564,2320,3700,3110
Maharashtra,Nashik,Lasalgaon,Onion,Other,11/8/2022,8/11/2022,8398,1640,3310,2710
Maharashtra,Nashik,Lasalgaon,Onion,Red,11/8/2022,8/11/2022,6386,1930,3610,3100
Maharashtra,Nashik,Lasalgaon,Onion,Other,12/8/2022,8/12/2022,7905,1770,3580,2620
Maharashtra,Nashik,Lasalgaon,Onion,Red,12/8/2022,8/12/2022,7476,1660,3620,2900
Maharashtra,Nashik,Lasalgaon,Onion,Other,13/08/2022,8/13/2022,8352,1850,3060,2650
Maharashtra,Nashik,Lasalgaon,Onion,Red,13/08/2022,8/13/2022,7189,1690,3520,2970
Maharashtra,Nashik,Lasalgaon,Onion,Other,15/08/2022,8/15/2022,5610,1610,3270,2640
Maharashtra,Nashik,Lasalgaon,Onion,Red,15/08/2022,8/15/2022,6485,1880,3690,3050
Maharashtra,Nashik,Lasalgaon,Onion,Other,16/08/2022,8/16/2022,7723,1520,3530,2590
Maharashtra,Nashik,Lasalgaon,Onion,Red,16/08/2022,8/16/2022,4346,2170,3520,2950
Maharashtra,Nashik,Lasalgaon,Onion,Other,17/08/2022,8/17/2022,4473,1950,3920,3010
Maharashtra,Nashik,Lasalgaon,Onion,Red,17/08/2022,8/17/2022,5228,2230,4530,3450
Maharashtra,Nashik,Lasalgaon,Onion,Other,18/08/2022,8/18/2022,6010,1600,3180,2590
Maharashtra,Nashik,Lasalgaon,Onion,Red,18/08/2022,8/18/2022,7612,1690,4020,3050
Maharashtra,Nashik,Lasalgaon,Onion,Other,19/08/2022,8/19/2022,4515,1960,3190,2620
Maharashtra,Nashik,Lasalgaon,Onion,Red,19/08/2022,8/19/2022,5092,1830,3910,2930
Maharashtra,Nashik,Lasalgaon,Onion,Other,20/08/2022,8/20/2022,7869,1380,2970,2410
Maharashtra,Nashik,Lasalgaon,Onion,Red,20/08/2022,8/20/2022,4551,1890,3320,2810
Maharashtra,Nashik,Lasalgaon,Onion,Other,22/08/2022,8/22/2022,4499,1810,3790,2920
Maharashtra,Nashik,Lasalgaon,Onion,Red,22/08/2022,8/22/2022,6898,2030,3830,3310
Maharashtra,Nashik,Lasalgaon,Onion,Other,23/08/2022,8/23/2022,5033,2040,4010,2950
Maharashtra,Nashik,Lasalgaon,Onion,Red,23/08/2022,8/23/2022,6718,1920,4560,3270
Maharashtra,Nashik,Lasalgaon,Onion,Other,24/08/2022,8/24/2022,5699,1690,3850,2980
Maharashtra,Nashik,Lasalgaon,Onion,Red,24/08/2022,8/24/2022,4738,1810,3950,3270
Maharashtra,Nashik,Lasalgaon,Onion,Other,25/08/2022,8/25/2022,8184,1690,3450,2830
Maharashtra,Nashik,Lasalgaon,Onion,Red,25/08/2022,8/25/2022,6981,1990,3860,3090
Maharashtra,Nashik,Lasalgaon,Onion,Other,26/08/2022,8/26/2022,8063,1940,4240,3150
Maharashtra,Nashik,Lasalgaon,Onion,Red,26/08/2022,8/26/2022,4324,2540,4180,3440
Maharashtra,Nashik,Lasalgaon,Onion,Other,27/08/2022,8/27/2022,5164,1660,3710,2800
Maharashtra,Nashik,Lasalgaon,Onion,Red,27/08/2022,8/27/2022,4250,1920,4360,3180
Maharashtra,Nashik,Lasalgaon,Onion,Other,29/08/2022,8/29/2022,6087,1890,3320,2810
Maharashtra,Nashik,Lasalgaon,Onion,Red,29/08/2022,8/29/2022,4598,2120,4270,3140
Maharashtra,Nashik,Lasalgaon,Onion,Other,30/08/2022,8/30/2022,4355,1890,3460,2750
Maharashtra,Nashik,Lasalgaon,Onion,Red,30/08/2022,8/30/2022,4348,2170,3780,3140
Maharashtra,Nashik,Lasalgaon,Onion,Other,31/08/2022,8/31/2022,3593,1850,3700,3100
Maharashtra,Nashik,Lasalgaon,Onion,Red,31/08/2022,8/31/2022,4435,2160,4210,3350
Maharashtra,Nashik,Lasalgaon,Onion,Other,1/9/2022,9/1/2022,7956,2020,3790,2860
Maharashtra,Nashik,Lasalgaon,Onion,Red,1/9/2022,9/1/2022,5122,1740,4380,3140
Maharashtra,Nashik,Lasalgaon,Onion,Other,2/9/2022,9/2/2022,7852,1560,3420,2510
Maharashtra,Nashik,Lasalgaon,Onion,Red,2/9/2022,9/2/2022,6078,2080,3620,2780
Maharashtra,Nashik,Lasalgaon,Onion,Other,3/9/2022,9/3/2022,7839,2030,4130,3210
Maharashtra,Nashik,Lasalgaon,Onion,Red,3/9/2022,9/3/2022,3836,2130,4460,3640
Maharashtra,Nashik,Lasalgaon,Onion,Other,5/9/2022,9/5/2022,3912,1880,3600,2880
Maharashtra,Nashik,Lasalgaon,Onion,Red,5/9/2022,9/5/2022,4794,2360,4420,3180
Maharashtra,Nashik,Lasalgaon,Onion,Other,6/9/2022,9/6/2022,5945,1810,3680,3030
Maharashtra,Nashik,Lasalgaon,Onion,Red,6/9/2022,9/6/2022,6775,2240,4320,3530
Maharashtra,Nashik,Lasalgaon,Onion,Other,7/9/2022,9/7/2022,4843,1950,4260,3320
Maharashtra,Nashik,Lasalgaon,Onion,Red,7/9/2022,9/7/2022,6393,2420,4970,3690
Maharashtra,Nashik,Lasalgaon,Onion,Other,8/9/2022,9/8/2022,4177,2360,4170,3190
Maharashtra,Nashik,Lasalgaon,Onion,Red,8/9/2022,9/8/2022,7127,2390,4090,3480
Maharashtra,Nashik,Lasalgaon,Onion,Other,9/9/2022,9/9/2022,8631,1420,3160,2540
Maharashtra,Nashik,Lasalgaon,Onion,Red,9/9/2022,9/9/2022,8289,1590,3640,2870
Maharashtra,Nashik,Lasalgaon,Onion,Other,10/9/2022,9/10/2022,4634,1820,3460,2740
Maharashtra,Nashik,Lasalgaon,Onion,Red,10/9/2022,9/10/2022,8179,1610,3790,2910
Maharashtra,Nashik,Lasalgaon,Onion,Other,12/9/2022,9/12/2022,4945,1850,4000,2960
Maharashtra,Nashik,Lasalgaon,Onion,Red,12/9/2022,9/12/2022,7712,2390,3830,3290
Maharashtra,Nashik,Lasalgaon,Onion,Other,13/09/2022,9/13/2022,4132,2090,4510,3350
Maharashtra,Nashik,Lasalgaon,Onion,Red,13/09/2022,9/13/2022,6552,2140,4780,3830
Maharashtra,Nashik,Lasalgaon,Onion,Other,14/09/2022,9/14/2022,7619,2010,3580,3030
Maharashtra,Nashik,Lasalgaon,Onion,Red,14/09/2022,9/14/2022,5279,2500,4650,3540
Maharashtra,Nashik,Lasalgaon,Onion,Other,15/09/2022,9/15/2022,5732,1870,3600,2780
Maharashtra,Nashik,Lasalgaon,Onion,Red,15/09/2022,9/15/2022,6096,1980,4050,3240
Maharashtra,Nashik,Lasalgaon,Onion,Other,16/09/2022,9/16/2022,4132,1920,3510,2730
Maharashtra,Nashik,Lasalgaon,Onion,Red,16/09/2022,9/16/2022,7223,1880,4140,3020
Maharashtra,Nashik,Lasalgaon,Onion,Other,17/09/2022,9/17/2022,4699,1760,4330,3110
Maharashtra,Nashik,Lasalgaon,Onion,Red,17/09/2022,9/17/2022,4882,1920,4370,3470
Maharashtra,Nashik,Lasalgaon,Onion,Other,19/09/2022,9/19/2022,5360,2380,4140,3310
Maharashtra,Nashik,Lasalgaon,Onion,Red,19/09/2022,9/19/2022,5819,2160,4330,3720
Maharashtra,Nashik,Lasalgaon,Onion,Other,20/09/2022,9/20/2022,6131,2020,3690,3070
Maharashtra,Nashik,Lasalgaon,Onion,Red,20/09/2022,9/20/2022,6890,2010,4310,3420
Maharashtra,Nashik,Lasalgaon,Onion,Other,21/09/2022,9/21/2022,7365,1980,3410,2850
Maharashtra,Nashik,Lasalgaon,Onion,Red,21/09/2022,9/21/2022,7459,2050,4010,3180
Maharashtra,Nashik,Lasalgaon,Onion,Other,22/09/2022,9/22/2022,6857,1770,4110,3200
Maharashtra,Nashik,Lasalgaon,Onion,Red,22/09/2022,9/22/2022,6393,2390,4750,3550
Maharashtra,Nashik,Lasalgaon,Onion,Other,23/09/2022,9/23/2022,5627,2200,4060,3240
Maharashtra,Nashik,Lasalgaon,Onion,Red,23/09/2022,9/23/2022,4302,2560,5050,3690
Maharashtra,Nashik,Lasalgaon,Onion,Other,24/09/2022,9/24/2022,6584,2120,3800,3180
Maharashtra,Nashik,Lasalgaon,Onion,Red,24/09/2022,9/24/2022,6493,2650,4800,3540
Maharashtra,Nashik,Lasalgaon,Onion,Other,26/09/2022,9/26/2022,5058,2070,4330,3150
Maharashtra,Nashik,Lasalgaon,Onion,Red,26/09/2022,9/26/2022,4454,1970,4450,3510
Maharashtra,Nashik,Lasalgaon,Onion,Other,27/09/2022,9/27/2022,7364,2060,4330,3220
Maharashtra,Nashik,Lasalgaon,Onion,Red,27/09/2022,9/27/2022,5851,2520,4650,3640
Maharashtra,Nashik,Lasalgaon,Onion,Other,28/09/2022,9/28/2022,5960,2070,4030,2900
Maharashtra,Nashik,Lasalgaon,Onion,Red,28/09/2022,9/28/2022,6391,2300,4440,3330
Maharashtra,Nashik,Lasalgaon,Onion,Other,29/09/2022,9/29/2022,7272,2110,3830,3290
Maharashtra,Nashik,Lasalgaon,Onion,Red,29/09/2022,9/29/2022,3732,2530,5040,3700
Maharashtra,Nashik,Lasalgaon,Onion,Other,30/09/2022,9/30/2022,4112,2260,4200,3170
Maharashtra,Nashik,Lasalgaon,Onion,Red,30/09/2022,9/30/2022,5134,2400,4820,3510
Maharashtra,Nashik,Lasalgaon,Onion,Other,1/10/2022,10/1/2022,8012,1610,3910,2850
Maharashtra,Nashik,Lasalgaon,Onion,Red,1/10/2022,10/1/2022,7217,2260,3910,3010
Maharashtra,Nashik,Lasalgaon,Onion,Other,3/10/2022,10/3/2022,7293,2190,4440,3230
Maharashtra,Nashik,Lasalgaon,Onion,Red,3/10/2022,10/3/2022,7069,2590,4800,3510
Maharashtra,Nashik,Lasalgaon,Onion,Other,4/10/2022,10/4/2022,5363,1580,3720,2820
Maharashtra,Nashik,Lasalgaon,Onion,Red,4/10/2022,10/4/2022,7594,2110,4330,3280
Maharashtra,Nashik,Lasalgaon,Onion,Other,5/10/2022,10/5/2022,5327,1930,3730,3080
Maharashtra,Nashik,Lasalgaon,Onion,Red,5/10/2022,10/5/2022,5712,2040,4970,3570
Maharashtra,Nashik,Lasalgaon,Onion,Other,6/10/2022,10/6/2022,3748,2010,3920,3050
Maharashtra,Nashik,Lasalgaon,Onion,Red,6/10/2022,10/6/2022,3461,2470,4070,3340
Maharashtra,Nashik,Lasalgaon,Onion,Other,7/10/2022,10/7/2022,5291,1820,3650,3150
Maharashtra,Nashik,Lasalgaon,Onion,Red,7/10/2022,10/7/2022,4700,2330,4070,3450
Maharashtra,Nashik,Lasalgaon,Onion,Other,8/10/2022,10/8/2022,3906,1890,3400,2900
Maharashtra,Nashik,Lasalgaon,Onion,Red,8/10/2022,10/8/2022,3900,2110,3910,3230
Maharashtra,Nashik,Lasalgaon,Onion,Other,10/10/2022,10/10/2022,7426,2270,4430,3270
Maharashtra,Nashik,Lasalgaon,Onion,Red,10/10/2022,10/10/2022,5765,2720,4890,3650
Maharashtra,Nashik,Lasalgaon,Onion,Other,11/10/2022,10/11/2022,5959,2000,4070,2910
Maharashtra,Nashik,Lasalgaon,Onion,Red,11/10/2022,10/11/2022,5463,2240,4100,3220
Maharashtra,Nashik,Lasalgaon,Onion,Other,12/10/2022,10/12/2022,7622,1960,4200,3140
Maharashtra,Nashik,Lasalgaon,Onion,Red,12/10/2022,10/12/2022,7536,2380,3950,3270
Maharashtra,Nashik,Lasalgaon,Onion,Other,13/10/2022,10/13/2022,3952,2000,3530,2880
Maharashtra,Nashik,Lasalgaon,Onion,Red,13/10/2022,10/13/2022,5063,1960,4160,3130
Maharashtra,Nashik,Lasalgaon,Onion,Other,14/10/2022,10/14/2022,5289,2360,4660,3390
Maharashtra,Nashik,Lasalgaon,Onion,Red,14/10/2022,10/14/2022,4736,2290,4820,3920
Maharashtra,Nashik,Lasalgaon,Onion,Other,15/10/2022,10/15/2022,7096,2270,4420,3310
Maharashtra,Nashik,Lasalgaon,Onion,Red,15/10/2022,10/15/2022,5059,2570,4810,3640
Maharashtra,Nashik,Lasalgaon,Onion,Other,17/10/2022,10/17/2022,6800,1840,3810,3120
Maharashtra,Nashik,Lasalgaon,Onion,Red,17/10/2022,10/17/2022,3628,2590,4210,3520
Maharashtra,Nashik,Lasalgaon,Onion,Other,18/10/2022,10/18/2022,7894,2020,3650,2960
Maharashtra,Nashik,Lasalgaon,Onion,Red,18/10/2022,10/18/2022,4456,1820,3700,3190
Maharashtra,Nashik,Lasalgaon,Onion,Other,19/10/2022,10/19/2022,4411,1680,4000,2990
Maharashtra,Nashik,Lasalgaon,Onion,Red,19/10/2022,10/19/2022,6442,2430,4120,3320
Maharashtra,Nashik,Lasalgaon,Onion,Other,20/10/2022,10/20/2022,7354,1970,3830,2970
Maharashtra,Nashik,Lasalgaon,Onion,Red,20/10/2022,10/20/2022,5511,2280,4290,3250
Maharashtra,Nashik,Lasalgaon,Onion,Other,21/10/2022,10/21/2022,3721,2350,4260,3150
Maharashtra,Nashik,Lasalgaon,Onion,Red,21/10/2022,10/21/2022,6297,2210,4660,3610
Maharashtra,Nashik,Lasalgaon,Onion,Other,22/10/2022,10/22/2022,3617,2040,4020,3360
Maharashtra,Nashik,Lasalgaon,Onion,Red,22/10/2022,10/22/2022,4435,2520,5010,3790
Maharashtra,Nashik,Lasalgaon,Onion,Other,24/10/2022,10/24/2022,5404,1700,3950,2980
Maharashtra,Nashik,Lasalgaon,Onion,Red,24/10/2022,10/24/2022,7225,2290,4550,3350
Maharashtra,Nashik,Lasalgaon,Onion,Other,25/10/2022,10/25/2022,7296,2140,4120,3070
Maharashtra,Nashik,Lasalgaon,Onion,Red,25/10/2022,10/25/2022,6076,1980,3970,3320
Maharashtra,Nashik,Lasalgaon,Onion,Other,26/10/2022,10/26/2022,5129,1660,3880,2920
Maharashtra,Nashik,Lasalgaon,Onion,Red,26/10/2022,10/26/2022,4782,1960,3990,3370
Maharashtra,Nashik,Lasalgaon,Onion,Other,27/10/2022,10/27/2022,5240,1520,3230,2750
Maharashtra,Nashik,Lasalgaon,Onion,Red,27/10/2022,10/27/2022,6116,2160,3720,3170
Maharashtra,Nashik,Lasalgaon,Onion,Other,28/10/2022,10/28/2022,6833,1760,3520,3010
Maharashtra,Nashik,Lasalgaon,Onion,Red,28/10/2022,10/28/2022,3834,2150,4540,3340
Maharashtra,Nashik,Lasalgaon,Onion,Other,29/10/2022,10/29/2022,5610,2090,3650,2970
Maharashtra,Nashik,Lasalgaon,Onion,Red,29/10/2022,10/29/2022,7750,1990,3810,3260
Maharashtra,Nashik,Lasalgaon,Onion,Other,31/10/2022,10/31/2022,3822,2250,4230,3300
Maharashtra,Nashik,Lasalgaon,Onion,Red,31/10/2022,10/31/2022,4860,2530,4430,3730
Maharashtra,Nashik,Lasalgaon,Onion,Other,1/11/2022,11/1/2022,4124,2240,4300,3260
Maharashtra,Nashik,Lasalgaon,Onion,Red,1/11/2022,11/1/2022,6159,2300,4310,3710
Maharashtra,Nashik,Lasalgaon,Onion,Other,2/11/2022,11/2/2022,3823,2180,3880,3020
Maharashtra,Nashik,Lasalgaon,Onion,Red,2/11/2022,11/2/2022,4013,2460,4480,3300
Maharashtra,Nashik,Lasalgaon,Onion,Other,3/11/2022,11/3/2022,7631,1870,3800,3000
Maharashtra,Nashik,Lasalgaon,Onion,Red,3/11/2022,11/3/2022,7578,2340,4000,3430
Maharashtra,Nashik,Lasalgaon,Onion,Other,4/11/2022,11/4/2022,4361,2090,3700,3090
Maharashtra,Nashik,Lasalgaon,Onion,Red,4/11/2022,11/4/2022,6270,2460,4270,3400
Maharashtra,Nashik,Lasalgaon,Onion,Other,5/11/2022,11/5/2022,5049,2140,4060,3320
Maharashtra,Nashik,Lasalgaon,Onion,Red,5/11/2022,11/5/2022,4030,2690,4720,3720
Maharashtra,Nashik,Lasalgaon,Onion,Other,7/11/2022,11/7/2022,7596,1690,3740,2830
Maharashtra,Nashik,Lasalgaon,Onion,Red,7/11/2022,11/7/2022,4896,1920,3900,3210
Maharashtra,Nashik,Lasalgaon,Onion,Other,8/11/2022,11/8/2022,7687,1580,3650,2760
Maharashtra,Nashik,Lasalgaon,Onion,Red,8/11/2022,11/8/2022,5568,2030,3880,3120
Maharashtra,Nashik,Lasalgaon,Onion,Other,9/11/2022,11/9/2022,5422,2140,3660,3040
Maharashtra,Nashik,Lasalgaon,Onion,Red,9/11/2022,11/9/2022,5438,2240,4430,3400
Maharashtra,Nashik,Lasalgaon,Onion,Other,10/11/2022,11/10/2022,7150,1990,4170,3060
Maharashtra,Nashik,Lasalgaon,Onion,Red,10/11/2022,11/10/2022,4466,2460,4840,3480
Maharashtra,Nashik,Lasalgaon,Onion,Other,11/11/2022,11/11/2022,3887,2140,4200,3040
Maharashtra,Nashik,Lasalgaon,Onion,Red,11/11/2022,11/11/2022,5630,2280,4000,3370
Maharashtra,Nashik,Lasalgaon,Onion,Other,12/11/2022,11/12/2022,8460,1720,3330,2790
Maharashtra,Nashik,Lasalgaon,Onion,Red,12/11/2022,11/12/2022,7517,1910,3830,3100
Maharashtra,Nashik,Lasalgaon,Onion,Other,14/11/2022,11/14/2022,4491,2130,4360,3140
Maharashtra,Nashik,Lasalgaon,Onion,Red,14/11/2022,11/14/2022,5730,2700,4900,3610
Maharashtra,Nashik,Lasalgaon,Onion,Other,15/11/2022,11/15/2022,8077,1750,3750,3110
Maharashtra,Nashik,Lasalgaon,Onion,Red,15/11/2022,11/15/2022,6470,2370,4490,3610
Maharashtra,Nashik,Lasalgaon,Onion,Other,16/11/2022,11/16/2022,4544,1970,3770,2830
Maharashtra,Nashik,Lasalgaon,Onion,Red,16/11/2022,11/16/2022,5636,2350,3820,3170
Maharashtra,Nashik,Lasalgaon,Onion,Other,17/11/2022,11/17/2022,7720,1820,3610,2910
Maharashtra,Nashik,Lasalgaon,Onion,Red,17/11/2022,11/17/2022,6155,1760,4300,3180
Maharashtra,Nashik,Lasalgaon,Onion,Other,18/11/2022,11/18/2022,8052,1610,3330,2870
Maharashtra,Nashik,Lasalgaon,Onion,Red,18/11/2022,11/18/2022,6312,2320,3990,3230
Maharashtra,Nashik,Lasalgaon,Onion,Other,19/11/2022,11/19/2022,7870,2170,4100,2940
Maharashtra,Nashik,Lasalgaon,Onion,Red,19/11/2022,11/19/2022,7211,2410,3960,3290
Maharashtra,Nashik,Lasalgaon,Onion,Other,21/11/2022,11/21/2022,4946,1800,3540,2680
Maharashtra,Nashik,Lasalgaon,Onion,Red,21/11/2022,11/21/2022,5394,1900,3920,3020
Maharashtra,Nashik,Lasalgaon,Onion,Other,22/11/2022,11/22/2022,3849,1950,3540,2650
Maharashtra,Nashik,Lasalgaon,Onion,Red,22/11/2022,11/22/2022,3699,2070,3920,2940
Maharashtra,Nashik,Lasalgaon,Onion,Other,23/11/2022,11/23/2022,5651,1930,4050,3010
Maharashtra,Nashik,Lasalgaon,Onion,Red,23/11/2022,11/23/2022,4577,1880,4500,3230
Maharashtra,Nashik,Lasalgaon,Onion,Other,24/11/2022,11/24/2022,4820,1640,3350,2660
Maharashtra,Nashik,Lasalgaon,Onion,Red,24/11/2022,11/24/2022,6293,1930,3580,3010
Maharashtra,Nashik,Lasalgaon,Onion,Other,25/11/2022,11/25/2022,4972,1940,3210,2680
Maharashtra,Nashik,Lasalgaon,Onion,Red,25/11/2022,11/25/2022,5995,2060,3830,3020
Maharashtra,Nashik,Lasalgaon,Onion,Other,26/11/2022,11/26/2022,5621,1880,3300,2790
Maharashtra,Nashik,Lasalgaon,Onion,Red,26/11/2022,11/26/2022,4060,2210,4010,3100
Maharashtra,Nashik,Lasalgaon,Onion,Other,28/11/2022,11/28/2022,6235,1640,3410,2500
Maharashtra,Nashik,Lasalgaon,Onion,Red,28/11/2022,11/28/2022,6679,1750,3790,2750
Maharashtra,Nashik,Lasalgaon,Onion,Other,29/11/2022,11/29/2022,6088,1640,3160,2440
Maharashtra,Nashik,Lasalgaon,Onion,Red,29/11/2022,11/29/2022,7526,2070,3790,2770
Maharashtra,Nashik,Lasalgaon,Onion,Other,30/11/2022,11/30/2022,8211,1380,2880,2350
Maharashtra,Nashik,Lasalgaon,Onion,Red,30/11/2022,11/30/2022,4506,1780,3800,2770
Maharashtra,Nashik,Lasalgaon,Onion,Other,1/12/2022,12/1/2022,8332,1980,4160,3030
Maharashtra,Nashik,Lasalgaon,Onion,Red,1/12/2022,12/1/2022,3930,1950,4020,3400
Maharashtra,Nashik,Lasalgaon,Onion,Other,2/12/2022,12/2/2022,7253,1740,3120,2490
Maharashtra,Nashik,Lasalgaon,Onion,Red,2/12/2022,12/2/2022,6324,2040,3730,2900
Maharashtra,Nashik,Lasalgaon,Onion,Other,3/12/2022,12/3/2022,8517,1720,3310,2610
Maharashtra,Nashik,Lasalgaon,Onion,Red,3/12/2022,12/3/2022,5558,2090,3880,2860
Maharashtra,Nashik,Lasalgaon,Onion,Other,5/12/2022,12/5/2022,4322,1490,3080,2490
Maharashtra,Nashik,Lasalgaon,Onion,Red,5/12/2022,12/5/2022,8349,1790,3680,2910
Maharashtra,Nashik,Lasalgaon,Onion,Other,6/12/2022,12/6/2022,6458,1600,3220,2690
Maharashtra,Nashik,Lasalgaon,Onion,Red,6/12/2022,12/6/2022,4685,2050,3470,2990
Maharashtra,Nashik,Lasalgaon,Onion,Other,7/12/2022,12/7/2022,4969,1570,2900,2270
Maharashtra,Nashik,Lasalgaon,Onion,Red,7/12/2022,12/7/2022,7772,1830,3060,2510
Maharashtra,Nashik,Lasalgaon,Onion,Other,8/12/2022,12/8/2022,5918,1810,3870,2930
Maharashtra,Nashik,Lasalgaon,Onion,Red,8/12/2022,12/8/2022,3656,2090,4470,3280
Maharashtra,Nashik,Lasalgaon,Onion,Other,9/12/2022,12/9/2022,4867,1270,2860,2050
Maharashtra,Nashik,Lasalgaon,Onion,Red,9/12/2022,12/9/2022,8971,1620,3200,2420
Maharashtra,Nashik,Lasalgaon,Onion,Other,10/12/2022,12/10/2022,4578,1500,3250,2620
Maharashtra,Nashik,Lasalgaon,Onion,Red,10/12/2022,12/10/2022,7220,2200,4050,3030
Maharashtra,Nashik,Lasalgaon,Onion,Other,12/12/2022,12/12/2022,4662,1450,3080,2500
Maharashtra,Nashik,Lasalgaon,Onion,Red,12/12/2022,12/12/2022,7032,2060,3530,2970
Maharashtra,Nashik,Lasalgaon,Onion,Other,13/12/2022,12/13/2022,5709,1390,2960,2410
Maharashtra,Nashik,Lasalgaon,Onion,Red,13/12/2022,12/13/2022,7827,1960,3340,2840
Maharashtra,Nashik,Lasalgaon,Onion,Other,14/12/2022,12/14/2022,8072,1630,3100,2350
Maharashtra,Nashik,Lasalgaon,Onion,Red,14/12/2022,12/14/2022,5037,1570,3180,2670
Maharashtra,Nashik,Lasalgaon,Onion,Other,15/12/2022,12/15/2022,4172,1820,3600,2610
Maharashtra,Nashik,Lasalgaon,Onion,Red,15/12/2022,12/15/2022,5066,1590,3810,2880
Maharashtra,Nashik,Lasalgaon,Onion,Other,16/12/2022,12/16/2022,5651,1420,3270,2500
Maharashtra,Nashik,Lasalgaon,Onion,Red,16/12/2022,12/16/2022,4720,1790,3600,2650
Maharashtra,Nashik,Lasalgaon,Onion,Other,17/12/2022,12/17/2022,7239,1770,2890,2400
Maharashtra,Nashik,Lasalgaon,Onion,Red,17/12/2022,12/17/2022,6828,1730,3690,2750
Maharashtra,Nashik,Lasalgaon,Onion,Other,19/12/2022,12/19/2022,7162,1550,2990,2480
Maharashtra,Nashik,Lasalgaon,Onion,Red,19/12/2022,12/19/2022,6195,1880,3500,2780
Maharashtra,Nashik,Lasalgaon,Onion,Other,20/12/2022,12/20/2022,9030,1720,3080,2310
Maharashtra,Nashik,Lasalgaon,Onion,Red,20/12/2022,12/20/2022,7605,1570,3430,2570
Maharashtra,Nashik,Lasalgaon,Onion,Other,21/12/2022,12/21/2022,8456,1610,3030,2380
Maharashtra,Nashik,Lasalgaon,Onion,Red,21/12/2022,12/21/2022,8110,1820,3460,2540
Maharashtra,Nashik,Lasalgaon,Onion,Other,22/12/2022,12/22/2022,5702,1410,2510,1970
Maharashtra,Nashik,Lasalgaon,Onion,Red,22/12/2022,12/22/2022,7958,1430,2600,2200
Maharashtra,Nashik,Lasalgaon,Onion,Other,23/12/2022,12/23/2022,8593,1570,2840,2120
Maharashtra,Nashik,Lasalgaon,Onion,Red,23/12/2022,12/23/2022,8171,1560,3150,2320
Maharashtra,Nashik,Lasalgaon,Onion,Other,24/12/2022,12/24/2022,6224,1370,3230,2330
Maharashtra,Nashik,Lasalgaon,Onion,Red,24/12/2022,12/24/2022,6656,1710,3090,2610
Maharashtra,Nashik,Lasalgaon,Onion,Other,26/12/2022,12/26/2022,9201,1410,3040,2380
Maharashtra,Nashik,Lasalgaon,Onion,Red,26/12/2022,12/26/2022,7931,1960,3510,2650
Maharashtra,Nashik,Lasalgaon,Onion,Other,27/12/2022,12/27/2022,4704,1530,2670,2280
Maharashtra,Nashik,Lasalgaon,Onion,Red,27/12/2022,12/27/2022,4687,1430,3320,2500
Maharashtra,Nashik,Lasalgaon,Onion,Other,28/12/2022,12/28/2022,8298,1260,2520,1900
Maharashtra,Nashik,Lasalgaon,Onion,Red,28/12/2022,12/28/2022,6437,1370,2660,2100
Maharashtra,Nashik,Lasalgaon,Onion,Other,29/12/2022,12/29/2022,6214,1270,2820,2110
Maharashtra,Nashik,Lasalgaon,Onion,Red,29/12/2022,12/29/2022,7734,1740,2980,2420
Maharashtra,Nashik,Lasalgaon,Onion,Other,30/12/2022,12/30/2022,9584,1320,2880,2130
Maharashtra,Nashik,Lasalgaon,Onion,Red,30/12/2022,12/30/2022,7811,1510,3190,2350
Maharashtra,Nashik,Lasalgaon,Onion,Other,31/12/2022,12/31/2022,5571,1410,2480,2150
Maharashtra,Nashik,Lasalgaon,Onion,Red,31/12/2022,12/31/2022,8304,1750,3290,2380
Maharashtra,Nashik,Lasalgaon,Onion,Other,2/1/2023,1/2/2023,7578,1560,2960,2170
Maharashtra,Nashik,Lasalgaon,Onion,Red,2/1/2023,1/2/2023,8860,1710,2970,2330
Maharashtra,Nashik,Lasalgaon,Onion,Other,3/1/2023,1/3/2023,7228,1410,2400,1920
Maharashtra,Nashik,Lasalgaon,Onion,Red,3/1/2023,1/3/2023,9740,1310,2800,2130
Maharashtra,Nashik,Lasalgaon,Onion,Other,4/1/2023,1/4/2023,5777,1230,2820,2190
Maharashtra,Nashik,Lasalgaon,Onion,Red,4/1/2023,1/4/2023,5161,1390,3240,2410
Maharashtra,Nashik,Lasalgaon,Onion,Other,5/1/2023,1/5/2023,4366,1340,2640,2010
Maharashtra,Nashik,Lasalgaon,Onion,Red,5/1/2023,1/5/2023,5973,1310,2760,2200
Maharashtra,Nashik,Lasalgaon,Onion,Other,6/1/2023,1/6/2023,8123,1430,2610,2110
Maharashtra,Nashik,Lasalgaon,Onion,Red,6/1/2023,1/6/2023,8214,1720,3100,2390
Maharashtra,Nashik,Lasalgaon,Onion,Other,7/1/2023,1/7/2023,5349,1300,2830,2120
Maharashtra,Nashik,Lasalgaon,Onion,Red,7/1/2023,1/7/2023,8305,1740,3340,2470
Maharashtra,Nashik,Lasalgaon,Onion,Other,9/1/2023,1/9/2023,9536,1060,2470,1850
Maharashtra,Nashik,Lasalgaon,Onion,Red,9/1/2023,1/9/2023,9493,1410,2450,2070
Maharashtra,Nashik,Lasalgaon,Onion,Other,10/1/2023,1/10/2023,8466,1330,2680,2000
Maharashtra,Nashik,Lasalgaon,Onion,Red,10/1/2023,1/10/2023,7287,1670,2650,2250
Maharashtra,Nashik,Lasalgaon,Onion,Other,11/1/2023,1/11/2023,7122,1490,2870,2060
Maharashtra,Nashik,Lasalgaon,Onion,Red,11/1/2023,1/11/2023,6347,1660,2920,2320
Maharashtra,Nashik,Lasalgaon,Onion,Other,12/1/2023,1/12/2023,4563,1530,2480,2040
Maharashtra,Nashik,Lasalgaon,Onion,Red,12/1/2023,1/12/2023,9362,1610,2940,2250
Maharashtra,Nashik,Lasalgaon,Onion,Other,13/01/2023,1/13/2023,5834,1240,2250,1920
Maharashtra,Nashik,Lasalgaon,Onion,Red,13/01/2023,1/13/2023,4771,1230,2580,2140
Maharashtra,Nashik,Lasalgaon,Onion,Other,14/01/2023,1/14/2023,8265,1390,2640,2020
Maharashtra,Nashik,Lasalgaon,Onion,Red,14/01/2023,1/14/2023,7614,1610,3090,2260
Maharashtra,Nashik,Lasalgaon,Onion,Other,16/01/2023,1/16/2023,7493,1140,2580,1880
Maharashtra,Nashik,Lasalgaon,Onion,Red,16/01/2023,1/16/2023,6365,1580,2510,2170
Maharashtra,Nashik,Lasalgaon,Onion,Other,17/01/2023,1/17/2023,8866,1270,2560,1870
Maharashtra,Nashik,Lasalgaon,Onion,Red,17/01/2023,1/17/2023,7988,1450,3000,2150
Maharashtra,Nashik,Lasalgaon,Onion,Other,18/01/2023,1/18/2023,5331,1140,2440,1820
Maharashtra,Nashik,Lasalgaon,Onion,Red,18/01/2023,1/18/2023,6746,1470,2420,1970
Maharashtra,Nashik,Lasalgaon,Onion,Other,19/01/2023,1/19/2023,8691,1050,2230,1870
Maharashtra,Nashik,Lasalgaon,Onion,Red,19/01/2023,1/19/2023,8775,1180,2430,2010
Maharashtra,Nashik,Lasalgaon,Onion,Other,20/01/2023,1/20/2023,8534,990,2200,1780
Maharashtra,Nashik,Lasalgaon,Onion,Red,20/01/2023,1/20/2023,9540,1100,2670,1940
Maharashtra,Nashik,Lasalgaon,Onion,Other,21/01/2023,1/21/2023,8199,950,2150,1720
Maharashtra,Nashik,Lasalgaon,Onion,Red,21/01/2023,1/21/2023,8470,1180,2600,1910
Maharashtra,Nashik,Lasalgaon,Onion,Other,23/01/2023,1/23/2023,6146,1380,2190,1860
Maharashtra,Nashik,Lasalgaon,Onion,Red,23/01/2023,1/23/2023,7315,1310,2600,2040
Maharashtra,Nashik,Lasalgaon,Onion,Other,24/01/2023,1/24/2023,5057,1230,2350,1820
Maharashtra,Nashik,Lasalgaon,Onion,Red,24/01/2023,1/24/2023,7102,1270,2440,1970
Maharashtra,Nashik,Lasalgaon,Onion,Other,25/01/2023,1/25/2023,9375,930,2120,1690
Maharashtra,Nashik,Lasalgaon,Onion,Red,25/01/2023,1/25/2023,5756,1360,2470,1930
Maharashtra,Nashik,Lasalgaon,Onion,Other,26/01/2023,1/26/2023,8341,1440,2510,1910
Maharashtra,Nashik,Lasalgaon,Onion,Red,26/01/2023,1/26/2023,8806,1340,2560,2070
Maharashtra,Nashik,Lasalgaon,Onion,Other,27/01/2023,1/27/2023,8576,1070,1950,1670
Maharashtra,Nashik,Lasalgaon,Onion,Red,27/01/2023,1/27/2023,6413,1050,2270,1870
Maharashtra,Nashik,Lasalgaon,Onion,Other,28/01/2023,1/28/2023,6994,900,2120,1630
Maharashtra,Nashik,Lasalgaon,Onion,Red,28/01/2023,1/28/2023,8439,1400,2430,1900
Maharashtra,Nashik,Lasalgaon,Onion,Other,30/01/2023,1/30/2023,4699,1150,2280,1660
Maharashtra,Nashik,Lasalgaon,Onion,Red,30/01/2023,1/30/2023,4948,1160,2400,1820
Maharashtra,Nashik,Lasalgaon,Onion,Other,31/01/2023,1/31/2023,4858,1040,2280,1630
Maharashtra,Nashik,Lasalgaon,Onion,Red,31/01/2023,1/31/2023,7321,1260,2360,1820
Maharashtra,Nashik,Lasalgaon,Onion,Other,1/2/2023,2/1/2023,7153,950,2170,1580
Maharashtra,Nashik,Lasalgaon,Onion,Red,1/2/2023,2/1/2023,9401,1280,2250,1800
Maharashtra,Nashik,Lasalgaon,Onion,Other,2/2/2023,2/2/2023,7191,980,1730,1440
Maharashtra,Nashik,Lasalgaon,Onion,Red,2/2/2023,2/2/2023,5792,950,1890,1630
Maharashtra,Nashik,Lasalgaon,Onion,Other,3/2/2023,2/3/2023,8958,900,1680,1380
Maharashtra,Nashik,Lasalgaon,Onion,Red,3/2/2023,2/3/2023,9765,1150,2070,1670
Maharashtra,Nashik,Lasalgaon,Onion,Other,4/2/2023,2/4/2023,9741,980,1860,1620
Maharashtra,Nashik,Lasalgaon,Onion,Red,4/2/2023,2/4/2023,6551,1320,2190,1850
Maharashtra,Nashik,Lasalgaon,Onion,Other,6/2/2023,2/6/2023,7167,1130,1860,1570
Maharashtra,Nashik,Lasalgaon,Onion,Red,6/2/2023,2/6/2023,4486,1030,2260,1810
Maharashtra,Nashik,Lasalgaon,Onion,Other,7/2/2023,2/7/2023,6049,1040,1680,1440
Maharashtra,Nashik,Lasalgaon,Onion,Red,7/2/2023,2/7/2023,9310,1000,2070,1660
Maharashtra,Nashik,Lasalgaon,Onion,Other,8/2/2023,2/8/2023,9518,740,1540,1310
Maharashtra,Nashik,Lasalgaon,Onion,Red,8/2/2023,2/8/2023,8852,930,1930,1450
Maharashtra,Nashik,Lasalgaon,Onion,Other,9/2/2023,2/9/2023,4696,920,1720,1470
Maharashtra,Nashik,Lasalgaon,Onion,Red,9/2/2023,2/9/2023,5850,1030,1950,1690
Maharashtra,Nashik,Lasalgaon,Onion,Other,10/2/2023,2/10/2023,8429,740,1790,1300
Maharashtra,Nashik,Lasalgaon,Onion,Red,10/2/2023,2/10/2023,8820,1070,1790,1450
Maharashtra,Nashik,Lasalgaon,Onion,Other,11/2/2023,2/11/2023,10451,810,1620,1410
Maharashtra,Nashik,Lasalgaon,Onion,Red,11/2/2023,2/11/2023,6631,1010,2110,1520
Maharashtra,Nashik,Lasalgaon,Onion,Other,13/02/2023,2/13/2023,10634,870,1620,1260
Maharashtra,Nashik,Lasalgaon,Onion,Red,13/02/2023,2/13/2023,6781,750,1780,1340
Maharashtra,Nashik,Lasalgaon,Onion,Other,14/02/2023,2/14/2023,5992,860,1560,1320
Maharashtra,Nashik,Lasalgaon,Onion,Red,14/02/2023,2/14/2023,6626,900,1780,1420
Maharashtra,Nashik,Lasalgaon,Onion,Other,15/02/2023,2/15/2023,5469,900,1530,1310
Maharashtra,Nashik,Lasalgaon,Onion,Red,15/02/2023,2/15/2023,9818,1080,1920,1470
Maharashtra,Nashik,Lasalgaon,Onion,Other,16/02/2023,2/16/2023,5176,710,1520,1270
Maharashtra,Nashik,Lasalgaon,Onion,Red,16/02/2023,2/16/2023,5358,860,1830,1460
Maharashtra,Nashik,Lasalgaon,Onion,Other,17/02/2023,2/17/2023,7495,770,1580,1250
Maharashtra,Nashik,Lasalgaon,Onion,Red,17/02/2023,2/17/2023,5377,920,1870,1350
Maharashtra,Nashik,Lasalgaon,Onion,Other,18/02/2023,2/18/2023,10462,810,1860,1370
Maharashtra,Nashik,Lasalgaon,Onion,Red,18/02/2023,2/18/2023,10052,1040,1800,1530
Maharashtra,Nashik,Lasalgaon,Onion,Other,20/02/2023,2/20/2023,5628,710,1710,1270
Maharashtra,Nashik,Lasalgaon,Onion,Red,20/02/2023,2/20/2023,6273,860,1870,1450
Maharashtra,Nashik,Lasalgaon,Onion,Other,21/02/2023,2/21/2023,10595,730,1680,1280
Maharashtra,Nashik,Lasalgaon,Onion,Red,21/02/2023,2/21/2023,6700,870,1940,1500
Maharashtra,Nashik,Lasalgaon,Onion,Other,22/02/2023,2/22/2023,11295,660,1230,1060
Maharashtra,Nashik,Lasalgaon,Onion,Red,22/02/2023,2/22/2023,7286,790,1500,1170
Maharashtra,Nashik,Lasalgaon,Onion,Other,23/02/2023,2/23/2023,6738,630,1280,1010
Maharashtra,Nashik,Lasalgaon,Onion,Red,23/02/2023,2/23/2023,10250,680,1490,1160
Maharashtra,Nashik,Lasalgaon,Onion,Other,24/02/2023,2/24/2023,11124,870,1490,1180
Maharashtra,Nashik,Lasalgaon,Onion,Red,24/02/2023,2/24/2023,8688,830,1650,1360
Maharashtra,Nashik,Lasalgaon,Onion,Other,25/02/2023,2/25/2023,6529,760,1620,1240
Maharashtra,Nashik,Lasalgaon,Onion,Red,25/02/2023,2/25/2023,10251,750,1850,1340
Maharashtra,Nashik,Lasalgaon,Onion,Other,27/02/2023,2/27/2023,6698,660,1380,1150
Maharashtra,Nashik,Lasalgaon,Onion,Red,27/02/2023,2/27/2023,10471,990,1620,1360
Maharashtra,Nashik,Lasalgaon,Onion,Other,28/02/2023,2/28/2023,10904,700,1490,1220
Maharashtra,Nashik,Lasalgaon,Onion,Red,28/02/2023,2/28/2023,5923,830,1680,1370
Maharashtra,Nashik,Lasalgaon,Onion,Other,1/3/2023,3/1/2023,8505,720,1340,1060
Maharashtra,Nashik,Lasalgaon,Onion,Red,1/3/2023,3/1/2023,9845,680,1590,1180
Maharashtra,Nashik,Lasalgaon,Onion,Other,2/3/2023,3/2/2023,9689,600,1440,1070
Maharashtra,Nashik,Lasalgaon,Onion,Red,2/3/2023,3/2/2023,7731,870,1440,1190
Maharashtra,Nashik,Lasalgaon,Onion,Other,3/3/2023,3/3/2023,9594,670,1200,1030
Maharashtra,Nashik,Lasalgaon,Onion,Red,3/3/2023,3/3/2023,6611,740,1520,1120
Maharashtra,Nashik,Lasalgaon,Onion,Other,4/3/2023,3/4/2023,9529,630,1410,1070
Maharashtra,Nashik,Lasalgaon,Onion,Red,4/3/2023,3/4/2023,6501,920,1590,1240
Maharashtra,Nashik,Lasalgaon,Onion,Other,6/3/2023,3/6/2023,5085,650,1180,990
Maharashtra,Nashik,Lasalgaon,Onion,Red,6/3/2023,3/6/2023,5162,670,1480,1080
Maharashtra,Nashik,Lasalgaon,Onion,Other,7/3/2023,3/7/2023,7604,820,1540,1100
Maharashtra,Nashik,Lasalgaon,Onion,Red,7/3/2023,3/7/2023,9548,900,1420,1220
Maharashtra,Nashik,Lasalgaon,Onion,Other,8/3/2023,3/8/2023,10778,600,1090,920
Maharashtra,Nashik,Lasalgaon,Onion,Red,8/3/2023,3/8/2023,5936,660,1380,1050
Maharashtra,Nashik,Lasalgaon,Onion,Other,9/3/2023,3/9/2023,6131,610,1200,940
Maharashtra,Nashik,Lasalgaon,Onion,Red,9/3/2023,3/9/2023,6125,720,1290,1040
Maharashtra,Nashik,Lasalgaon,Onion,Other,10/3/2023,3/10/2023,8366,710,1300,1020
Maharashtra,Nashik,Lasalgaon,Onion,Red,10/3/2023,3/10/2023,10906,630,1500,1090
Maharashtra,Nashik,Lasalgaon,Onion,Other,11/3/2023,3/11/2023,10430,820,1530,1100
Maharashtra,Nashik,Lasalgaon,Onion,Red,11/3/2023,3/11/2023,8661,700,1730,1250
Maharashtra,Nashik,Lasalgaon,Onion,Other,13/03/2023,3/13/2023,5953,570,1170,930
Maharashtra,Nashik,Lasalgaon,Onion,Red,13/03/2023,3/13/2023,5133,670,1460,1070
Maharashtra,Nashik,Lasalgaon,Onion,Other,14/03/2023,3/14/2023,5199,680,1270,920
Maharashtra,Nashik,Lasalgaon,Onion,Red,14/03/2023,3/14/2023,9941,720,1350,1030
Maharashtra,Nashik,Lasalgaon,Onion,Other,15/03/2023,3/15/2023,7600,530,1140,940
Maharashtra,Nashik,Lasalgaon,Onion,Red,15/03/2023,3/15/2023,8545,680,1460,1060
Maharashtra,Nashik,Lasalgaon,Onion,Other,16/03/2023,3/16/2023,8979,580,1270,910
Maharashtra,Nashik,Lasalgaon,Onion,Red,16/03/2023,3/16/2023,9982,680,1340,1010
Maharashtra,Nashik,Lasalgaon,Onion,Other,17/03/2023,3/17/2023,10021,610,1120,840
Maharashtra,Nashik,Lasalgaon,Onion,Red,17/03/2023,3/17/2023,10440,720,1300,960
Maharashtra,Nashik,Lasalgaon,Onion,Other,18/03/2023,3/18/2023,9879,650,1430,1050
Maharashtra,Nashik,Lasalgaon,Onion,Red,18/03/2023,3/18/2023,6487,820,1640,1170
Maharashtra,Nashik,Lasalgaon,Onion,Other,20/03/2023,3/20/2023,10954,560,1080,910
Maharashtra,Nashik,Lasalgaon,Onion,Red,20/03/2023,3/20/2023,8450,710,1440,1060
Maharashtra,Nashik,Lasalgaon,Onion,Other,21/03/2023,3/21/2023,5069,530,1180,850
Maharashtra,Nashik,Lasalgaon,Onion,Red,21/03/2023,3/21/2023,11606,690,1280,920
Maharashtra,Nashik,Lasalgaon,Onion,Other,22/03/2023,3/22/2023,6493,570,1040,900
Maharashtra,Nashik,Lasalgaon,Onion,Red,22/03/2023,3/22/2023,8511,750,1170,1010
Maharashtra,Nashik,Lasalgaon,Onion,Other,23/03/2023,3/23/2023,8984,490,1170,860
Maharashtra,Nashik,Lasalgaon,Onion,Red,23/03/2023,3/23/2023,11393,690,1260,950
Maharashtra,Nashik,Lasalgaon,Onion,Other,24/03/2023,3/24/2023,10523,650,1240,980
Maharashtra,Nashik,Lasalgaon,Onion,Red,24/03/2023,3/24/2023,9968,750,1490,1100
Maharashtra,Nashik,Lasalgaon,Onion,Other,25/03/2023,3/25/2023,9538,520,1140,880
Maharashtra,Nashik,Lasalgaon,Onion,Red,25/03/2023,3/25/2023,5562,720,1110,960
Maharashtra,Nashik,Lasalgaon,Onion,Other,27/03/2023,3/27/2023,9988,600,1140,840
Maharashtra,Nashik,Lasalgaon,Onion,Red,27/03/2023,3/27/2023,5571,670,1130,920
Maharashtra,Nashik,Lasalgaon,Onion,Other,28/03/2023,3/28/2023,11398,550,1100,890
Maharashtra,Nashik,Lasalgaon,Onion,Red,28/03/2023,3/28/2023,6949,570,1370,1020
Maharashtra,Nashik,Lasalgaon,Onion,Other,29/03/2023,3/29/2023,10178,620,1150,900
Maharashtra,Nashik,Lasalgaon,Onion,Red,29/03/2023,3/29/2023,9786,650,1200,980
Maharashtra,Nashik,Lasalgaon,Onion,Other,30/03/2023,3/30/2023,10900,600,1060,820
Maharashtra,Nashik,Lasalgaon,Onion,Red,30/03/2023,3/30/2023,8359,670,1160,920
Maharashtra,Nashik,Lasalgaon,Onion,Other,31/03/2023,3/31/2023,5949,560,1030,760
Maharashtra,Nashik,Lasalgaon,Onion,Red,31/03/2023,3/31/2023,9085,540,1130,800
Maharashtra,Nashik,Lasalgaon,Onion,Other,1/4/2023,4/1/2023,9875,530,1070,860
Maharashtra,Nashik,Lasalgaon,Onion,Red,1/4/2023,4/1/2023,9646,640,1270,980
Maharashtra,Nashik,Lasalgaon,Onion,Other,3/4/2023,4/3/2023,8513,450,960,780
Maharashtra,Nashik,Lasalgaon,Onion,Red,3/4/2023,4/3/2023,5354,560,1160,900
Maharashtra,Nashik,Lasalgaon,Onion,Other,4/4/2023,4/4/2023,7074,460,880,700
Maharashtra,Nashik,Lasalgaon,Onion,Red,4/4/2023,4/4/2023,9677,580,950,790
Maharashtra,Nashik,Lasalgaon,Onion,Other,5/4/2023,4/5/2023,8376,590,970,820
Maharashtra,Nashik,Lasalgaon,Onion,Red,5/4/2023,4/5/2023,7910,600,1080,940
Maharashtra,Nashik,Lasalgaon,Onion,Other,6/4/2023,4/6/2023,7199,650,1040,880
Maharashtra,Nashik,Lasalgaon,Onion,Red,6/4/2023,4/6/2023,10081,610,1210,960
Maharashtra,Nashik,Lasalgaon,Onion,Other,7/4/2023,4/7/2023,8545,550,1080,790
Maharashtra,Nashik,Lasalgaon,Onion,Red,7/4/2023,4/7/2023,6485,590,1050,880
Maharashtra,Nashik,Lasalgaon,Onion,Other,8/4/2023,4/8/2023,6369,580,1010,790
Maharashtra,Nashik,Lasalgaon,Onion,Red,8/4/2023,4/8/2023,9212,510,1060,850
Maharashtra,Nashik,Lasalgaon,Onion,Other,10/4/2023,4/10/2023,5662,470,860,710
Maharashtra,Nashik,Lasalgaon,Onion,Red,10/4/2023,4/10/2023,5705,430,930,770
Maharashtra,Nashik,Lasalgaon,Onion,Other,11/4/2023,4/11/2023,10721,600,1130,870
Maharashtra,Nashik,Lasalgaon,Onion,Red,11/4/2023,4/11/2023,7608,580,1310,950
Maharashtra,Nashik,Lasalgaon,Onion,Other,12/4/2023,4/12/2023,6054,420,1020,730
Maharashtra,Nashik,Lasalgaon,Onion,Red,12/4/2023,4/12/2023,5575,490,970,790
Maharashtra,Nashik,Lasalgaon,Onion,Other,13/04/2023,4/13/2023,9362,520,1000,850
Maharashtra,Nashik,Lasalgaon,Onion,Red,13/04/2023,4/13/2023,6825,700,1130,940
Maharashtra,Nashik,Lasalgaon,Onion,Other,14/04/2023,4/14/2023,10661,540,1020,730
Maharashtra,Nashik,Lasalgaon,Onion,Red,14/04/2023,4/14/2023,6683,500,1030,820
Maharashtra,Nashik,Lasalgaon,Onion,Other,15/04/2023,4/15/2023,9206,530,1140,900
Maharashtra,Nashik,Lasalgaon,Onion,Red,15/04/2023,4/15/2023,4945,620,1220,990
Maharashtra,Nashik,Lasalgaon,Onion,Other,17/04/2023,4/17/2023,8735,620,1100,830
Maharashtra,Nashik,Lasalgaon,Onion,Red,17/04/2023,4/17/2023,8893,560,1300,930
Maharashtra,Nashik,Lasalgaon,Onion,Other,18/04/2023,4/18/2023,6483,630,1010,880
Maharashtra,Nashik,Lasalgaon,Onion,Red,18/04/2023,4/18/2023,9426,690,1390,1010
Maharashtra,Nashik,Lasalgaon,Onion,Other,19/04/2023,4/19/2023,9235,510,980,740
Maharashtra,Nashik,Lasalgaon,Onion,Red,19/04/2023,4/19/2023,8790,490,1100,800
Maharashtra,Nashik,Lasalgaon,Onion,Other,20/04/2023,4/20/2023,5402,490,1090,800
Maharashtra,Nashik,Lasalgaon,Onion,Red,20/04/2023,4/20/2023,9991,590,1150,910
Maharashtra,Nashik,Lasalgaon,Onion,Other,21/04/2023,4/21/2023,5778,580,1020,790
Maharashtra,Nashik,Lasalgaon,Onion,Red,21/04/2023,4/21/2023,6335,510,1210,860
Maharashtra,Nashik,Lasalgaon,Onion,Other,22/04/2023,4/22/2023,9130,560,1030,770
Maharashtra,Nashik,Lasalgaon,Onion,Red,22/04/2023,4/22/2023,7961,500,1240,900
Maharashtra,Nashik,Lasalgaon,Onion,Other,24/04/2023,4/24/2023,10043,580,990,840
Maharashtra,Nashik,Lasalgaon,Onion,Red,24/04/2023,4/24/2023,5735,600,1200,970
Maharashtra,Nashik,Lasalgaon,Onion,Other,25/04/2023,4/25/2023,7521,510,1150,830
Maharashtra,Nashik,Lasalgaon,Onion,Red,25/04/2023,4/25/2023,8902,640,1080,930
Maharashtra,Nashik,Lasalgaon,Onion,Other,26/04/2023,4/26/2023,10190,630,1110,880
Maharashtra,Nashik,Lasalgaon,Onion,Red,26/04/2023,4/26/2023,5437,580,1270,980
Maharashtra,Nashik,Lasalgaon,Onion,Other,27/04/2023,4/27/2023,10135,550,1020,800
Maharashtra,Nashik,Lasalgaon,Onion,Red,27/04/2023,4/27/2023,9925,570,1030,880
Maharashtra,Nashik,Lasalgaon,Onion,Other,28/04/2023,4/28/2023,6052,660,1130,950
Maharashtra,Nashik,Lasalgaon,Onion,Red,28/04/2023,4/28/2023,7970,610,1320,1070
Maharashtra,Nashik,Lasalgaon,Onion,Other,29/04/2023,4/29/2023,8614,550,1080,920
Maharashtra,Nashik,Lasalgaon,Onion,Red,29/04/2023,4/29/2023,7232,730,1490,1060
Maharashtra,Nashik,Lasalgaon,Onion,Other,1/5/2023,5/1/2023,5365,600,1140,880
Maharashtra,Nashik,Lasalgaon,Onion,Red,1/5/2023,5/1/2023,7371,570,1160,1000
Maharashtra,Nashik,Lasalgaon,Onion,Other,2/5/2023,5/2/2023,10364,580,1050,860
Maharashtra,Nashik,Lasalgaon,Onion,Red,2/5/2023,5/2/2023,8417,690,1310,970
Maharashtra,Nashik,Lasalgaon,Onion,Other,3/5/2023,5/3/2023,6183,560,1160,950
Maharashtra,Nashik,Lasalgaon,Onion,Red,3/5/2023,5/3/2023,9161,720,1390,1050
Maharashtra,Nashik,Lasalgaon,Onion,Other,4/5/2023,5/4/2023,7751,630,1100,860
Maharashtra,Nashik,Lasalgaon,Onion,Red,4/5/2023,5/4/2023,5835,640,1150,960
Maharashtra,Nashik,Lasalgaon,Onion,Other,5/5/2023,5/5/2023,8603,510,1160,840
Maharashtra,Nashik,Lasalgaon,Onion,Red,5/5/2023,5/5/2023,11294,600,1230,930
Maharashtra,Nashik,Lasalgaon,Onion,Other,6/5/2023,5/6/2023,9642,530,1100,870
Maharashtra,Nashik,Lasalgaon,Onion,Red,6/5/2023,5/6/2023,9460,590,1260,980
Maharashtra,Nashik,Lasalgaon,Onion,Other,8/5/2023,5/8/2023,11315,730,1280,1010
Maharashtra,Nashik,Lasalgaon,Onion,Red,8/5/2023,5/8/2023,7306,640,1300,1130
Maharashtra,Nashik,Lasalgaon,Onion,Other,9/5/2023,5/9/2023,6013,680,1240,1050
Maharashtra,Nashik,Lasalgaon,Onion,Red,9/5/2023,5/9/2023,9088,880,1670,1220
Maharashtra,Nashik,Lasalgaon,Onion,Other,10/5/2023,5/10/2023,9470,610,1290,1030
Maharashtra,Nashik,Lasalgaon,Onion,Red,10/5/2023,5/10/2023,10903,790,1390,1200
Maharashtra,Nashik,Lasalgaon,Onion,Other,11/5/2023,5/11/2023,5601,640,1310,950
Maharashtra,Nashik,Lasalgaon,Onion,Red,11/5/2023,5/11/2023,7548,710,1370,1080
Maharashtra,Nashik,Lasalgaon,Onion,Other,12/5/2023,5/12/2023,5234,540,1130,970
Maharashtra,Nashik,Lasalgaon,Onion,Red,12/5/2023,5/12/2023,6179,700,1480,1110
Maharashtra,Nashik,Lasalgaon,Onion,Other,13/05/2023,5/13/2023,9335,650,1410,1080
Maharashtra,Nashik,Lasalgaon,Onion,Red,13/05/2023,5/13/2023,8702,800,1540,1250
Maharashtra,Nashik,Lasalgaon,Onion,Other,15/05/2023,5/15/2023,5419,640,1290,1020
Maharashtra,Nashik,Lasalgaon,Onion,Red,15/05/2023,5/15/2023,5615,760,1420,1150
Maharashtra,Nashik,Lasalgaon,Onion,Other,16/05/2023,5/16/2023,5071,650,1210,1030
Maharashtra,Nashik,Lasalgaon,Onion,Red,16/05/2023,5/16/2023,6171,820,1590,1150
Maharashtra,Nashik,Lasalgaon,Onion,Other,17/05/2023,5/17/2023,6755,610,1180,940
Maharashtra,Nashik,Lasalgaon,Onion,Red,17/05/2023,5/17/2023,5239,730,1250,1060
Maharashtra,Nashik,Lasalgaon,Onion,Other,18/05/2023,5/18/2023,8082,720,1400,1110
Maharashtra,Nashik,Lasalgaon,Onion,Red,18/05/2023,5/18/2023,7910,810,1590,1280
Maharashtra,Nashik,Lasalgaon,Onion,Other,19/05/2023,5/19/2023,7447,830,1490,1200
Maharashtra,Nashik,Lasalgaon,Onion,Red,19/05/2023,5/19/2023,7543,840,1740,1350
Maharashtra,Nashik,Lasalgaon,Onion,Other,20/05/2023,5/20/2023,11151,810,1470,1110
Maharashtra,Nashik,Lasalgaon,Onion,Red,20/05/2023,5/20/2023,5764,860,1760,1260
Maharashtra,Nashik,Lasalgaon,Onion,Other,22/05/2023,5/22/2023,6225,840,1410,1120
Maharashtra,Nashik,Lasalgaon,Onion,Red,22/05/2023,5/22/2023,6780,810,1620,1240
Maharashtra,Nashik,Lasalgaon,Onion,Other,23/05/2023,5/23/2023,7416,680,1380,1110
Maharashtra,Nashik,Lasalgaon,Onion,Red,23/05/2023,5/23/2023,7079,720,1690,1260
Maharashtra,Nashik,Lasalgaon,Onion,Other,24/05/2023,5/24/2023,6925,720,1480,1150
Maharashtra,Nashik,Lasalgaon,Onion,Red,24/05/2023,5/24/2023,8582,920,1590,1360
Maharashtra,Nashik,Lasalgaon,Onion,Other,25/05/2023,5/25/2023,10358,830,1520,1310
Maharashtra,Nashik,Lasalgaon,Onion,Red,25/05/2023,5/25/2023,7715,1020,1790,1520
Maharashtra,Nashik,Lasalgaon,Onion,Other,26/05/2023,5/26/2023,9699,750,1520,1120
Maharashtra,Nashik,Lasalgaon,Onion,Red,26/05/2023,5/26/2023,6935,740,1710,1260
Maharashtra,Nashik,Lasalgaon,Onion,Other,27/05/2023,5/27/2023,8606,820,1830,1370
Maharashtra,Nashik,Lasalgaon,Onion,Red,27/05/2023,5/27/2023,7596,840,1970,1520
Maharashtra,Nashik,Lasalgaon,Onion,Other,29/05/2023,5/29/2023,9777,790,1470,1190
Maharashtra,Nashik,Lasalgaon,Onion,Red,29/05/2023,5/29/2023,9737,1000,1690,1360
Maharashtra,Nashik,Lasalgaon,Onion,Other,30/05/2023,5/30/2023,7952,770,1340,1050
Maharashtra,Nashik,Lasalgaon,Onion,Red,30/05/2023,5/30/2023,6907,800,1420,1170
Maharashtra,Nashik,Lasalgaon,Onion,Other,31/05/2023,5/31/2023,8212,900,1540,1260
Maharashtra,Nashik,Lasalgaon,Onion,Red,31/05/2023,5/31/2023,5643,1070,1760,1430
Maharashtra,Nashik,Lasalgaon,Onion,Other,1/6/2023,6/1/2023,11324,630,1480,1080
Maharashtra,Nashik,Lasalgaon,Onion,Red,1/6/2023,6/1/2023,10270,810,1640,1220
Maharashtra,Nashik,Lasalgaon,Onion,Other,2/6/2023,6/2/2023,4816,740,1490,1270
Maharashtra,Nashik,Lasalgaon,Onion,Red,2/6/2023,6/2/2023,6142,870,1780,1430
Maharashtra,Nashik,Lasalgaon,Onion,Other,3/6/2023,6/3/2023,4785,790,1760,1300
Maharashtra,Nashik,Lasalgaon,Onion,Red,3/6/2023,6/3/2023,9087,1030,1990,1430
Maharashtra,Nashik,Lasalgaon,Onion,Other,5/6/2023,6/5/2023,9549,800,1890,1350
Maharashtra,Nashik,Lasalgaon,Onion,Red,5/6/2023,6/5/2023,7928,1050,1880,1520
Maharashtra,Nashik,Lasalgaon,Onion,Other,6/6/2023,6/6/2023,6833,1000,1690,1450
Maharashtra,Nashik,Lasalgaon,Onion,Red,6/6/2023,6/6/2023,5507,1070,2050,1690
Maharashtra,Nashik,Lasalgaon,Onion,Other,7/6/2023,6/7/2023,10648,870,1560,1340
Maharashtra,Nashik,Lasalgaon,Onion,Red,7/6/2023,6/7/2023,5695,1030,1950,1460
Maharashtra,Nashik,Lasalgaon,Onion,Other,8/6/2023,6/8/2023,8205,1080,1930,1440
Maharashtra,Nashik,Lasalgaon,Onion,Red,8/6/2023,6/8/2023,4547,1240,2040,1720
Maharashtra,Nashik,Lasalgaon,Onion,Other,9/6/2023,6/9/2023,6397,770,1800,1350
Maharashtra,Nashik,Lasalgaon,Onion,Red,9/6/2023,6/9/2023,6525,1030,2100,1520
Maharashtra,Nashik,Lasalgaon,Onion,Other,10/6/2023,6/10/2023,5213,800,1630,1400
Maharashtra,Nashik,Lasalgaon,Onion,Red,10/6/2023,6/10/2023,8873,990,1910,1550
Maharashtra,Nashik,Lasalgaon,Onion,Other,12/6/2023,6/12/2023,8983,970,1750,1480
Maharashtra,Nashik,Lasalgaon,Onion,Red,12/6/2023,6/12/2023,9519,1050,1970,1680
Maharashtra,Nashik,Lasalgaon,Onion,Other,13/06/2023,6/13/2023,6807,1000,1890,1370
Maharashtra,Nashik,Lasalgaon,Onion,Red,13/06/2023,6/13/2023,9089,940,1960,1510
Maharashtra,Nashik,Lasalgaon,Onion,Other,14/06/2023,6/14/2023,10164,1120,1830,1510
Maharashtra,Nashik,Lasalgaon,Onion,Red,14/06/2023,6/14/2023,9018,1230,2020,1660
Maharashtra,Nashik,Lasalgaon,Onion,Other,15/06/2023,6/15/2023,8878,1120,1920,1590
Maharashtra,Nashik,Lasalgaon,Onion,Red,15/06/2023,6/15/2023,5445,1240,2150,1730
Maharashtra,Nashik,Lasalgaon,Onion,Other,16/06/2023,6/16/2023,7224,1150,2100,1550
Maharashtra,Nashik,Lasalgaon,Onion,Red,16/06/2023,6/16/2023,5450,1110,2070,1690
Maharashtra,Nashik,Lasalgaon,Onion,Other,17/06/2023,6/17/2023,8558,840,1790,1290
Maharashtra,Nashik,Lasalgaon,Onion,Red,17/06/2023,6/17/2023,10886,930,1640,1390
Maharashtra,Nashik,Lasalgaon,Onion,Other,19/06/2023,6/19/2023,7660,1030,2080,1630
Maharashtra,Nashik,Lasalgaon,Onion,Red,19/06/2023,6/19/2023,9648,1090,2440,1840
Maharashtra,Nashik,Lasalgaon,Onion,Other,20/06/2023,6/20/2023,6558,1030,2020,1520
Maharashtra,Nashik,Lasalgaon,Onion,Red,20/06/2023,6/20/2023,9578,1250,2250,1750
Maharashtra,Nashik,Lasalgaon,Onion,Other,21/06/2023,6/21/2023,5021,930,2030,1680
Maharashtra,Nashik,Lasalgaon,Onion,Red,21/06/2023,6/21/2023,7042,1210,2610,1900
Maharashtra,Nashik,Lasalgaon,Onion,Other,22/06/2023,6/22/2023,7101,990,2210,1610
Maharashtra,Nashik,Lasalgaon,Onion,Red,22/06/2023,6/22/2023,9916,1300,2230,1840
Maharashtra,Nashik,Lasalgaon,Onion,Other,23/06/2023,6/23/2023,9666,1030,2320,1820
Maharashtra,Nashik,Lasalgaon,Onion,Red,23/06/2023,6/23/2023,5946,1500,2400,2060
Maharashtra,Nashik,Lasalgaon,Onion,Other,24/06/2023,6/24/2023,6671,1090,1870,1560
Maharashtra,Nashik,Lasalgaon,Onion,Red,24/06/2023,6/24/2023,8819,1190,2210,1740
Maharashtra,Nashik,Lasalgaon,Onion,Other,26/06/2023,6/26/2023,5335,1030,1890,1630
Maharashtra,Nashik,Lasalgaon,Onion,Red,26/06/2023,6/26/2023,9599,1140,2300,1860
Maharashtra,Nashik,Lasalgaon,Onion,Other,27/06/2023,6/27/2023,6511,980,1970,1600
Maharashtra,Nashik,Lasalgaon,Onion,Red,27/06/2023,6/27/2023,6647,1240,2330,1820
Maharashtra,Nashik,Lasalgaon,Onion,Other,28/06/2023,6/28/2023,8735,1230,2050,1740
Maharashtra,Nashik,Lasalgaon,Onion,Red,28/06/2023,6/28/2023,8984,1210,2260,1940
Maharashtra,Nashik,Lasalgaon,Onion,Other,29/06/2023,6/29/2023,5731,1190,1900,1630
Maharashtra,Nashik,Lasalgaon,Onion,Red,29/06/2023,6/29/2023,6057,1300,2460,1850
Maharashtra,Nashik,Lasalgaon,Onion,Other,30/06/2023,6/30/2023,4730,1110,2350,1700
Maharashtra,Nashik,Lasalgaon,Onion,Red,30/06/2023,6/30/2023,6819,1320,2430,1880
Maharashtra,Nashik,Lasalgaon,Onion,Other,1/7/2023,7/1/2023,7007,1300,2340,1770
Maharashtra,Nashik,Lasalgaon,Onion,Red,1/7/2023,7/1/2023,8715,1310,2630,1970
Maharashtra,Nashik,Lasalgaon,Onion,Other,3/7/2023,7/3/2023,6784,1130,2430,1860
Maharashtra,Nashik,Lasalgaon,Onion,Red,3/7/2023,7/3/2023,5040,1420,2670,2130
Maharashtra,Nashik,Lasalgaon,Onion,Other,4/7/2023,7/4/2023,5125,1500,2690,2110
Maharashtra,Nashik,Lasalgaon,Onion,Red,4/7/2023,7/4/2023,6265,1490,3160,2350
Maharashtra,Nashik,Lasalgaon,Onion,Other,5/7/2023,7/5/2023,4810,1150,2590,1920
Maharashtra,Nashik,Lasalgaon,Onion,Red,5/7/2023,7/5/2023,4460,1480,2720,2270
Maharashtra,Nashik,Lasalgaon,Onion,Other,6/7/2023,7/6/2023,8600,1280,2480,1860
Maharashtra,Nashik,Lasalgaon,Onion,Red,6/7/2023,7/6/2023,7173,1470,3050,2330
Maharashtra,Nashik,Lasalgaon,Onion,Other,7/7/2023,7/7/2023,9184,1610,2600,2170
Maharashtra,Nashik,Lasalgaon,Onion,Red,7/7/2023,7/7/2023,5603,1310,2870,2340
Maharashtra,Nashik,Lasalgaon,Onion,Other,8/7/2023,7/8/2023,8147,1360,2530,1870
Maharashtra,Nashik,Lasalgaon,Onion,Red,8/7/2023,7/8/2023,8851,1350,2920,2110
Maharashtra,Nashik,Lasalgaon,Onion,Other,10/7/2023,7/10/2023,5919,1490,2920,2250
Maharashtra,Nashik,Lasalgaon,Onion,Red,10/7/2023,7/10/2023,5801,1620,2950,2520
Maharashtra,Nashik,Lasalgaon,Onion,Other,11/7/2023,7/11/2023,7644,1530,2660,2070
Maharashtra,Nashik,Lasalgaon,Onion,Red,11/7/2023,7/11/2023,4443,1360,3070,2320
Maharashtra,Nashik,Lasalgaon,Onion,Other,12/7/2023,7/12/2023,8760,1330,2530,2180
Maharashtra,Nashik,Lasalgaon,Onion,Red,12/7/2023,7/12/2023,4437,1450,2750,2360
Maharashtra,Nashik,Lasalgaon,Onion,Other,13/07/2023,7/13/2023,8869,1400,2450,1990
Maharashtra,Nashik,Lasalgaon,Onion,Red,13/07/2023,7/13/2023,7938,1290,2800,2200
Maharashtra,Nashik,Lasalgaon,Onion,Other,14/07/2023,7/14/2023,6822,1650,2710,2240
Maharashtra,Nashik,Lasalgaon,Onion,Red,14/07/2023,7/14/2023,4144,1910,3070,2630
Maharashtra,Nashik,Lasalgaon,Onion,Other,15/07/2023,7/15/2023,6662,1330,2640,2210
Maharashtra,Nashik,Lasalgaon,Onion,Red,15/07/2023,7/15/2023,5624,1600,2890,2390
Maharashtra,Nashik,Lasalgaon,Onion,Other,17/07/2023,7/17/2023,6125,1530,3010,2240
Maharashtra,Nashik,Lasalgaon,Onion,Red,17/07/2023,7/17/2023,8157,1520,3180,2520
Maharashtra,Nashik,Lasalgaon,Onion,Other,18/07/2023,7/18/2023,4293,1750,2740,2340
Maharashtra,Nashik,Lasalgaon,Onion,Red,18/07/2023,7/18/2023,4545,1520,3260,2610
Maharashtra,Nashik,Lasalgaon,Onion,Other,19/07/2023,7/19/2023,9350,1530,2740,2080
Maharashtra,Nashik,Lasalgaon,Onion,Red,19/07/2023,7/19/2023,5355,1710,2920,2290
Maharashtra,Nashik,Lasalgaon,Onion,Other,20/07/2023,7/20/2023,4459,1490,2490,2150
Maharashtra,Nashik,Lasalgaon,Onion,Red,20/07/2023,7/20/2023,7601,1590,3100,2370
Maharashtra,Nashik,Lasalgaon,Onion,Other,21/07/2023,7/21/2023,8254,1580,2830,2410
Maharashtra,Nashik,Lasalgaon,Onion,Red,21/07/2023,7/21/2023,5838,1970,3100,2660
Maharashtra,Nashik,Lasalgaon,Onion,Other,22/07/2023,7/22/2023,8584,1530,2580,2110
Maharashtra,Nashik,Lasalgaon,Onion,Red,22/07/2023,7/22/2023,5068,1610,3070,2360
Maharashtra,Nashik,Lasalgaon,Onion,Other,24/07/2023,7/24/2023,8292,1580,2740,2210
Maharashtra,Nashik,Lasalgaon,Onion,Red,24/07/2023,7/24/2023,9240,1530,3220,2390
Maharashtra,Nashik,Lasalgaon,Onion,Other,25/07/2023,7/25/2023,7478,1620,3260,2410
Maharashtra,Nashik,Lasalgaon,Onion,Red,25/07/2023,7/25/2023,4187,1690,3220,2670
Maharashtra,Nashik,Lasalgaon,Onion,Other,26/07/2023,7/26/2023,8442,1670,2940,2390
Maharashtra,Nashik,Lasalgaon,Onion,Red,26/07/2023,7/26/2023,3903,1880,3260,2670
Maharashtra,Nashik,Lasalgaon,Onion,Other,27/07/2023,7/27/2023,9168,1400,3100,2300
Maharashtra,Nashik,Lasalgaon,Onion,Red,27/07/2023,7/27/2023,5104,1860,3420,2630
Maharashtra,Nashik,Lasalgaon,Onion,Other,28/07/2023,7/28/2023,8798,1540,2700,2160
Maharashtra,Nashik,Lasalgaon,Onion,Red,28/07/2023,7/28/2023,5761,1520,3300,2430
Maharashtra,Nashik,Lasalgaon,Onion,Other,29/07/2023,7/29/2023,6712,1530,3760,2710
Maharashtra,Nashik,Lasalgaon,Onion,Red,29/07/2023,7/29/2023,7853,1920,4010,2950
Maharashtra,Nashik,Lasalgaon,Onion,Other,31/07/2023,7/31/2023,6996,1440,3020,2570
Maharashtra,Nashik,Lasalgaon,Onion,Red,31/07/2023,7/31/2023,5306,1790,3640,2880
Maharashtra,Nashik,Lasalgaon,Onion,Other,1/8/2023,8/1/2023,7875,1770,3710,2650
Maharashtra,Nashik,Lasalgaon,Onion,Red,1/8/2023,8/1/2023,5287,1780,3570,2940
Maharashtra,Nashik,Lasalgaon,Onion,Other,2/8/2023,8/2/2023,5068,1720,3050,2530
Maharashtra,Nashik,Lasalgaon,Onion,Red,2/8/2023,8/2/2023,5005,2040,3870,2820
Maharashtra,Nashik,Lasalgaon,Onion,Other,3/8/2023,8/3/2023,6455,1890,3640,2690
Maharashtra,Nashik,Lasalgaon,Onion,Red,3/8/2023,8/3/2023,4375,2190,3680,2990
Maharashtra,Nashik,Lasalgaon,Onion,Other,4/8/2023,8/4/2023,8264,1860,3020,2580
Maharashtra,Nashik,Lasalgaon,Onion,Red,4/8/2023,8/4/2023,3784,1840,3980,3030
Maharashtra,Nashik,Lasalgaon,Onion,Other,5/8/2023,8/5/2023,6451,1730,3340,2780
Maharashtra,Nashik,Lasalgaon,Onion,Red,5/8/2023,8/5/2023,4678,2280,3910,3170
Maharashtra,Nashik,Lasalgaon,Onion,Other,7/8/2023,8/7/2023,6911,1550,3760,2690
Maharashtra,Nashik,Lasalgaon,Onion,Red,7/8/2023,8/7/2023,7795,2010,3860,3100
Maharashtra,Nashik,Lasalgaon,Onion,Other,8/8/2023,8/8/2023,7108,1420,3320,2470
Maharashtra,Nashik,Lasalgaon,Onion,Red,8/8/2023,8/8/2023,7118,1810,3250,2700
Maharashtra,Nashik,Lasalgaon,Onion,Other,9/8/2023,8/9/2023,7914,1790,3110,2510
Maharashtra,Nashik,Lasalgaon,Onion,Red,9/8/2023,8/9/2023,8417,1620,3750,2910
Maharashtra,Nashik,Lasalgaon,Onion,Other,10/8/2023,8/10/2023,5936,1830,3270,2530
Maharashtra,Nashik,Lasalgaon,Onion,Red,10/8/2023,8/10/2023,6368,1620,3920,2820
Maharashtra,Nashik,Lasalgaon,Onion,Other,11/8/2023,8/11/2023,8815,1520,3270,2510
Maharashtra,Nashik,Lasalgaon,Onion,Red,11/8/2023,8/11/2023,7995,1960,3430,2710
Maharashtra,Nashik,Lasalgaon,Onion,Other,12/8/2023,8/12/2023,5710,1810,2970,2430
Maharashtra,Nashik,Lasalgaon,Onion,Red,12/8/2023,8/12/2023,7700,2010,3170,2680
Maharashtra,Nashik,Lasalgaon,Onion,Other,14/08/2023,8/14/2023,4369,1490,3370,2710
Maharashtra,Nashik,Lasalgaon,Onion,Red,14/08/2023,8/14/2023,5620,1960,4170,3100
Maharashtra,Nashik,Lasalgaon,Onion,Other,15/08/2023,8/15/2023,5097,2000,4100,3000
Maharashtra,Nashik,Lasalgaon,Onion,Red,15/08/2023,8/15/2023,4893,2270,4110,3180
Maharashtra,Nashik,Lasalgaon,Onion,Other,16/08/2023,8/16/2023,8647,1750,3130,2590
Maharashtra,Nashik,Lasalgaon,Onion,Red,16/08/2023,8/16/2023,3983,1860,3850,2790
Maharashtra,Nashik,Lasalgaon,Onion,Other,17/08/2023,8/17/2023,4277,1600,3610,2870
Maharashtra,Nashik,Lasalgaon,Onion,Red,17/08/2023,8/17/2023,6395,2010,4320,3180
Maharashtra,Nashik,Lasalgaon,Onion,Other,18/08/2023,8/18/2023,6015,1950,3500,2640
Maharashtra,Nashik,Lasalgaon,Onion,Red,18/08/2023,8/18/2023,6318,1940,4220,3060
Maharashtra,Nashik,Lasalgaon,Onion,Other,19/08/2023,8/19/2023,6922,1590,3570,2680
Maharashtra,Nashik,Lasalgaon,Onion,Red,19/08/2023,8/19/2023,4497,2040,4100,3140
Maharashtra,Nashik,Lasalgaon,Onion,Other,21/08/2023,8/21/2023,6750,1750,3750,2770
Maharashtra,Nashik,Lasalgaon,Onion,Red,21/08/2023,8/21/2023,6012,2090,4370,3160
Maharashtra,Nashik,Lasalgaon,Onion,Other,22/08/2023,8/22/2023,8391,1550,3160,2740
Maharashtra,Nashik,Lasalgaon,Onion,Red,22/08/2023,8/22/2023,7585,1940,3890,3070
Maharashtra,Nashik,Lasalgaon,Onion,Other,23/08/2023,8/23/2023,4314,1900,4240,3120
Maharashtra,Nashik,Lasalgaon,Onion,Red,23/08/2023,8/23/2023,4328,2040,4360,3640
Maharashtra,Nashik,Lasalgaon,Onion,Other,24/08/2023,8/24/2023,4029,1800,4000,3030
Maharashtra,Nashik,Lasalgaon,Onion,Red,24/08/2023,8/24/2023,7625,1910,4200,3290
Maharashtra,Nashik,Lasalgaon,Onion,Other,25/08/2023,8/25/2023,4226,2100,4070,3120
Maharashtra,Nashik,Lasalgaon,Onion,Red,25/08/2023,8/25/2023,5114,2370,4480,3600
Maharashtra,Nashik,Lasalgaon,Onion,Other,26/08/2023,8/26/2023,8771,1690,3160,2710
Maharashtra,Nashik,Lasalgaon,Onion,Red,26/08/2023,8/26/2023,7847,1750,3700,3040
Maharashtra,Nashik,Lasalgaon,Onion,Other,28/08/2023,8/28/2023,4802,1710,3220,2730
Maharashtra,Nashik,Lasalgaon,Onion,Red,28/08/2023,8/28/2023,7415,1710,3850,3060
Maharashtra,Nashik,Lasalgaon,Onion,Other,29/08/2023,8/29/2023,7318,1920,4020,3260
Maharashtra,Nashik,Lasalgaon,Onion,Red,29/08/2023,8/29/2023,5084,2150,5170,3790
Maharashtra,Nashik,Lasalgaon,Onion,Other,30/08/2023,8/30/2023,7568,1770,3840,2870
Maharashtra,Nashik,Lasalgaon,Onion,Red,30/08/2023,8/30/2023,3806,1960,4590,3290
Maharashtra,Nashik,Lasalgaon,Onion,Other,31/08/2023,8/31/2023,5562,2080,4170,3000
Maharashtra,Nashik,Lasalgaon,Onion,Red,31/08/2023,8/31/2023,4742,1830,4290,3290
Maharashtra,Nashik,Lasalgaon,Onion,Other,1/9/2023,9/1/2023,5769,1630,3680,2900
Maharashtra,Nashik,Lasalgaon,Onion,Red,1/9/2023,9/1/2023,4504,2080,3940,3000
Maharashtra,Nashik,Lasalgaon,Onion,Other,2/9/2023,9/2/2023,8585,1690,3780,2880
Maharashtra,Nashik,Lasalgaon,Onion,Red,2/9/2023,9/2/2023,5433,2150,4110,3150
Maharashtra,Nashik,Lasalgaon,Onion,Other,4/9/2023,9/4/2023,4891,2320,3980,3130
Maharashtra,Nashik,Lasalgaon,Onion,Red,4/9/2023,9/4/2023,6659,2450,4110,3480
Maharashtra,Nashik,Lasalgaon,Onion,Other,5/9/2023,9/5/2023,8123,2230,4190,3000
Maharashtra,Nashik,Lasalgaon,Onion,Red,5/9/2023,9/5/2023,5981,2190,4080,3370
Maharashtra,Nashik,Lasalgaon,Onion,Other,6/9/2023,9/6/2023,4098,1770,3680,2800
Maharashtra,Nashik,Lasalgaon,Onion,Red,6/9/2023,9/6/2023,7090,1910,3580,3100
Maharashtra,Nashik,Lasalgaon,Onion,Other,7/9/2023,9/7/2023,6512,2190,3410,2950
Maharashtra,Nashik,Lasalgaon,Onion,Red,7/9/2023,9/7/2023,3556,2340,4480,3320
Maharashtra,Nashik,Lasalgaon,Onion,Other,8/9/2023,9/8/2023,5665,1630,3770,2920
Maharashtra,Nashik,Lasalgaon,Onion,Red,8/9/2023,9/8/2023,6261,2470,4390,3510
Maharashtra,Nashik,Lasalgaon,Onion,Other,9/9/2023,9/9/2023,6462,2240,4320,3340
Maharashtra,Nashik,Lasalgaon,Onion,Red,9/9/2023,9/9/2023,4414,2320,4670,3760
Maharashtra,Nashik,Lasalgaon,Onion,Other,11/9/2023,9/11/2023,8225,1630,3830,2950
Maharashtra,Nashik,Lasalgaon,Onion,Red,11/9/2023,9/11/2023,6414,2250,4500,3350
Maharashtra,Nashik,Lasalgaon,Onion,Other,12/9/2023,9/12/2023,4801,2460,4160,3450
Maharashtra,Nashik,Lasalgaon,Onion,Red,12/9/2023,9/12/2023,6637,2290,4870,3860
Maharashtra,Nashik,Lasalgaon,Onion,Other,13/09/2023,9/13/2023,6315,2090,3700,2890
Maharashtra,Nashik,Lasalgaon,Onion,Red,13/09/2023,9/13/2023,6756,2240,3950,3110
Maharashtra,Nashik,Lasalgaon,Onion,Other,14/09/2023,9/14/2023,7570,2300,4320,3100
Maharashtra,Nashik,Lasalgaon,Onion,Red,14/09/2023,9/14/2023,6641,1980,4500,3230
Maharashtra,Nashik,Lasalgaon,Onion,Other,15/09/2023,9/15/2023,7010,1900,4070,3430
Maharashtra,Nashik,Lasalgaon,Onion,Red,15/09/2023,9/15/2023,5198,2550,4660,3750
Maharashtra,Nashik,Lasalgaon,Onion,Other,16/09/2023,9/16/2023,4852,2010,3760,3190
Maharashtra,Nashik,Lasalgaon,Onion,Red,16/09/2023,9/16/2023,5196,2720,4590,3640
Maharashtra,Nashik,Lasalgaon,Onion,Other,18/09/2023,9/18/2023,5136,2250,4440,3350
Maharashtra,Nashik,Lasalgaon,Onion,Red,18/09/2023,9/18/2023,7062,2090,5190,3750
Maharashtra,Nashik,Lasalgaon,Onion,Other,19/09/2023,9/19/2023,4049,2350,4250,3270
Maharashtra,Nashik,Lasalgaon,Onion,Red,19/09/2023,9/19/2023,4567,2360,5240,3760
Maharashtra,Nashik,Lasalgaon,Onion,Other,20/09/2023,9/20/2023,4592,1650,3470,2940
Maharashtra,Nashik,Lasalgaon,Onion,Red,20/09/2023,9/20/2023,4884,2280,3710,3180
Maharashtra,Nashik,Lasalgaon,Onion,Other,21/09/2023,9/21/2023,6473,2170,4170,3470
Maharashtra,Nashik,Lasalgaon,Onion,Red,21/09/2023,9/21/2023,4846,2860,4760,4020
Maharashtra,Nashik,Lasalgaon,Onion,Other,22/09/2023,9/22/2023,4611,2130,3920,3050
Maharashtra,Nashik,Lasalgaon,Onion,Red,22/09/2023,9/22/2023,7179,2060,4700,3370
Maharashtra,Nashik,Lasalgaon,Onion,Other,23/09/2023,9/23/2023,3862,2140,3940,3170
Maharashtra,Nashik,Lasalgaon,Onion,Red,23/09/2023,9/23/2023,4402,2300,4740,3650
Maharashtra,Nashik,Lasalgaon,Onion,Other,25/09/2023,9/25/2023,5389,1980,3740,3170
Maharashtra,Nashik,Lasalgaon,Onion,Red,25/09/2023,9/25/2023,4965,1990,4340,3570
Maharashtra,Nashik,Lasalgaon,Onion,Other,26/09/2023,9/26/2023,5255,2260,4780,3730
Maharashtra,Nashik,Lasalgaon,Onion,Red,26/09/2023,9/26/2023,5065,2470,5470,4030
Maharashtra,Nashik,Lasalgaon,Onion,Other,27/09/2023,9/27/2023,6578,2360,4590,3290
Maharashtra,Nashik,Lasalgaon,Onion,Red,27/09/2023,9/27/2023,5973,2300,4480,3670
Maharashtra,Nashik,Lasalgaon,Onion,Other,28/09/2023,9/28/2023,5348,2340,3970,3220
Maharashtra,Nashik,Lasalgaon,Onion,Red,28/09/2023,9/28/2023,7394,2650,4850,3620
Maharashtra,Nashik,Lasalgaon,Onion,Other,29/09/2023,9/29/2023,6074,2080,4350,3170
Maharashtra,Nashik,Lasalgaon,Onion,Red,29/09/2023,9/29/2023,5330,2220,4640,3690
Maharashtra,Nashik,Lasalgaon,Onion,Other,30/09/2023,9/30/2023,7118,1870,4090,3270
Maharashtra,Nashik,Lasalgaon,Onion,Red,30/09/2023,9/30/2023,4663,2330,4930,3620
Maharashtra,Nashik,Lasalgaon,Onion,Other,2/10/2023,10/2/2023,6246,3210,5490,4300
Maharashtra,Nashik,Lasalgaon,Onion,Red,2/10/2023,10/2/2023,3749,3200,6240,4920
Maharashtra,Nashik,Lasalgaon,Onion,Other,3/10/2023,10/3/2023,3408,2970,5380,4640
Maharashtra,Nashik,Lasalgaon,Onion,Red,3/10/2023,10/3/2023,4229,2910,6710,4910
Maharashtra,Nashik,Lasalgaon,Onion,Other,4/10/2023,10/4/2023,6085,2690,5410,4270
Maharashtra,Nashik,Lasalgaon,Onion,Red,4/10/2023,10/4/2023,4942,3120,5760,4710
Maharashtra,Nashik,Lasalgaon,Onion,Other,5/10/2023,10/5/2023,6002,2790,5770,4190
Maharashtra,Nashik,Lasalgaon,Onion,Red,5/10/2023,10/5/2023,2779,3130,5840,4700
Maharashtra,Nashik,Lasalgaon,Onion,Other,6/10/2023,10/6/2023,5168,3100,6020,4980
Maharashtra,Nashik,Lasalgaon,Onion,Red,6/10/2023,10/6/2023,2281,3960,7260,5550
Maharashtra,Nashik,Lasalgaon,Onion,Other,7/10/2023,10/7/2023,4109,3080,6000,4290
Maharashtra,Nashik,Lasalgaon,Onion,Red,7/10/2023,10/7/2023,5393,3100,6430,4840
Maharashtra,Nashik,Lasalgaon,Onion,Other,9/10/2023,10/9/2023,4179,3220,5530,4680
Maharashtra,Nashik,Lasalgaon,Onion,Red,9/10/2023,10/9/2023,4755,3630,6200,5140
Maharashtra,Nashik,Lasalgaon,Onion,Other,10/10/2023,10/10/2023,6450,2860,5540,4120
Maharashtra,Nashik,Lasalgaon,Onion,Red,10/10/2023,10/10/2023,4455,2950,6250,4730
Maharashtra,Nashik,Lasalgaon,Onion,Other,11/10/2023,10/11/2023,4164,2650,5860,4800
Maharashtra,Nashik,Lasalgaon,Onion,Red,11/10/2023,10/11/2023,3791,3160,7420,5390
Maharashtra,Nashik,Lasalgaon,Onion,Other,12/10/2023,10/12/2023,2367,3140,6320,4900
Maharashtra,Nashik,Lasalgaon,Onion,Red,12/10/2023,10/12/2023,3792,3410,6490,5480
Maharashtra,Nashik,Lasalgaon,Onion,Other,13/10/2023,10/13/2023,6578,2580,4830,4010
Maharashtra,Nashik,Lasalgaon,Onion,Red,13/10/2023,10/13/2023,4443,2510,6110,4470
Maharashtra,Nashik,Lasalgaon,Onion,Other,14/10/2023,10/14/2023,5128,3060,5030,4120
Maharashtra,Nashik,Lasalgaon,Onion,Red,14/10/2023,10/14/2023,4237,3540,6480,4730
Maharashtra,Nashik,Lasalgaon,Onion,Other,16/10/2023,10/16/2023,5400,2720,5450,4410
Maharashtra,Nashik,Lasalgaon,Onion,Red,16/10/2023,10/16/2023,5317,3170,5520,4760
Maharashtra,Nashik,Lasalgaon,Onion,Other,17/10/2023,10/17/2023,3645,2870,5270,4370
Maharashtra,Nashik,Lasalgaon,Onion,Red,17/10/2023,10/17/2023,5285,3340,5770,4980
Maharashtra,Nashik,Lasalgaon,Onion,Other,18/10/2023,10/18/2023,5764,2910,5650,4460
Maharashtra,Nashik,Lasalgaon,Onion,Red,18/10/2023,10/18/2023,3563,3500,6210,5090
Maharashtra,Nashik,Lasalgaon,Onion,Other,19/10/2023,10/19/2023,5471,2730,5460,4660
Maharashtra,Nashik,Lasalgaon,Onion,Red,19/10/2023,10/19/2023,3621,3800,7120,5210
Maharashtra,Nashik,Lasalgaon,Onion,Other,20/10/2023,10/20/2023,2528,2660,6120,4710
Maharashtra,Nashik,Lasalgaon,Onion,Red,20/10/2023,10/20/2023,2711,3410,7680,5550
Maharashtra,Nashik,Lasalgaon,Onion,Other,21/10/2023,10/21/2023,5304,3360,6090,4780
Maharashtra,Nashik,Lasalgaon,Onion,Red,21/10/2023,10/21/2023,2775,2870,7100,5140
Maharashtra,Nashik,Lasalgaon,Onion,Other,23/10/2023,10/23/2023,3294,3170,5830,4430
Maharashtra,Nashik,Lasalgaon,Onion,Red,23/10/2023,10/23/2023,2968,3730,6150,5080
Maharashtra,Nashik,Lasalgaon,Onion,Other,24/10/2023,10/24/2023,4548,3210,5330,4490
Maharashtra,Nashik,Lasalgaon,Onion,Red,24/10/2023,10/24/2023,5418,3340,6580,4820
Maharashtra,Nashik,Lasalgaon,Onion,Other,25/10/2023,10/25/2023,4923,2960,5470,4640
Maharashtra,Nashik,Lasalgaon,Onion,Red,25/10/2023,10/25/2023,2100,4010,7160,5360
Maharashtra,Nashik,Lasalgaon,Onion,Other,26/10/2023,10/26/2023,3859,3520,6810,5120
Maharashtra,Nashik,Lasalgaon,Onion,Red,26/10/2023,10/26/2023,3504,3400,7930,5720
Maharashtra,Nashik,Lasalgaon,Onion,Other,27/10/2023,10/27/2023,4282,3130,5840,4260
Maharashtra,Nashik,Lasalgaon,Onion,Red,27/10/2023,10/27/2023,3496,2580,5380,4630
Maharashtra,Nashik,Lasalgaon,Onion,Other,28/10/2023,10/28/2023,2506,3230,6340,4770
Maharashtra,Nashik,Lasalgaon,Onion,Red,28/10/2023,10/28/2023,2287,3200,6940,5600
Maharashtra,Nashik,Lasalgaon,Onion,Other,30/10/2023,10/30/2023,5492,3200,6000,4490
Maharashtra,Nashik,Lasalgaon,Onion,Red,30/10/2023,10/30/2023,3177,3380,6590,4940
Maharashtra,Nashik,Lasalgaon,Onion,Other,31/10/2023,10/31/2023,5754,3160,5920,4240
Maharashtra,Nashik,Lasalgaon,Onion,Red,31/10/2023,10/31/2023,5818,3130,5920,4630
Maharashtra,Nashik,Lasalgaon,Onion,Other,1/11/2023,11/1/2023,3351,3740,7520,6100
Maharashtra,Nashik,Lasalgaon,Onion,Red,1/11/2023,11/1/2023,1796,3970,9500,6850
Maharashtra,Nashik,Lasalgaon,Onion,Other,2/11/2023,11/2/2023,3129,4080,7490,5890
Maharashtra,Nashik,Lasalgaon,Onion,Red,2/11/2023,11/2/2023,2250,4360,9320,6700
Maharashtra,Nashik,Lasalgaon,Onion,Other,3/11/2023,11/3/2023,1794,3700,7560,6080
Maharashtra,Nashik,Lasalgaon,Onion,Red,3/11/2023,11/3/2023,1512,4940,8270,6770
Maharashtra,Nashik,Lasalgaon,Onion,Other,4/11/2023,11/4/2023,3317,4450,7110,6080
Maharashtra,Nashik,Lasalgaon,Onion,Red,4/11/2023,11/4/2023,1928,4430,8840,6710
Maharashtra,Nashik,Lasalgaon,Onion,Other,6/11/2023,11/6/2023,3161,3920,6740,5490
Maharashtra,Nashik,Lasalgaon,Onion,Red,6/11/2023,11/6/2023,2549,3890,8220,6120
Maharashtra,Nashik,Lasalgaon,Onion,Other,7/11/2023,11/7/2023,1754,4410,6970,5960
Maharashtra,Nashik,Lasalgaon,Onion,Red,7/11/2023,11/7/2023,2055,3740,8430,6440
Maharashtra,Nashik,Lasalgaon,Onion,Other,8/11/2023,11/8/2023,2172,3810,7460,5650
Maharashtra,Nashik,Lasalgaon,Onion,Red,8/11/2023,11/8/2023,2978,4550,7610,6160
Maharashtra,Nashik,Lasalgaon,Onion,Other,9/11/2023,11/9/2023,3190,3820,7190,5310
Maharashtra,Nashik,Lasalgaon,Onion,Red,9/11/2023,11/9/2023,3171,3990,7250,5970
Maharashtra,Nashik,Lasalgaon,Onion,Other,10/11/2023,11/10/2023,2109,3630,7070,6120
Maharashtra,Nashik,Lasalgaon,Onion,Red,10/11/2023,11/10/2023,1429,3980,8650,6770
Maharashtra,Nashik,Lasalgaon,Onion,Other,11/11/2023,11/11/2023,4496,3830,7170,5530
Maharashtra,Nashik,Lasalgaon,Onion,Red,11/11/2023,11/11/2023,2847,4750,8660,6330
Maharashtra,Nashik,Lasalgaon,Onion,Other,13/11/2023,11/13/2023,2530,4630,7220,6240
Maharashtra,Nashik,Lasalgaon,Onion,Red,13/11/2023,11/13/2023,1705,4080,8870,6880
Maharashtra,Nashik,Lasalgaon,Onion,Other,14/11/2023,11/14/2023,3136,4630,8040,6240
Maharashtra,Nashik,Lasalgaon,Onion,Red,14/11/2023,11/14/2023,1163,4540,9310,7390
Maharashtra,Nashik,Lasalgaon,Onion,Other,15/11/2023,11/15/2023,3700,3650,7050,5440
Maharashtra,Nashik,Lasalgaon,Onion,Red,15/11/2023,11/15/2023,3131,3640,7200,5860
Maharashtra,Nashik,Lasalgaon,Onion,Other,16/11/2023,11/16/2023,2546,3100,6490,5560
Maharashtra,Nashik,Lasalgaon,Onion,Red,16/11/2023,11/16/2023,2896,3390,7420,6130
Maharashtra,Nashik,Lasalgaon,Onion,Other,17/11/2023,11/17/2023,2640,4130,7590,5630
Maharashtra,Nashik,Lasalgaon,Onion,Red,17/11/2023,11/17/2023,1652,4550,7630,6190
Maharashtra,Nashik,Lasalgaon,Onion,Other,18/11/2023,11/18/2023,1791,4330,7590,6330
Maharashtra,Nashik,Lasalgaon,Onion,Red,18/11/2023,11/18/2023,978,4520,9660,7010
Maharashtra,Nashik,Lasalgaon,Onion,Other,20/11/2023,11/20/2023,2193,4360,7380,6340
Maharashtra,Nashik,Lasalgaon,Onion,Red,20/11/2023,11/20/2023,1124,4690,8210,7030
Maharashtra,Nashik,Lasalgaon,Onion,Other,21/11/2023,11/21/2023,4115,3290,7260,5660
Maharashtra,Nashik,Lasalgaon,Onion,Red,21/11/2023,11/21/2023,1292,3700,8770,6690
Maharashtra,Nashik,Lasalgaon,Onion,Other,22/11/2023,11/22/2023,2547,3630,7810,5980
Maharashtra,Nashik,Lasalgaon,Onion,Red,22/11/2023,11/22/2023,2496,3960,8490,6640
Maharashtra,Nashik,Lasalgaon,Onion,Other,23/11/2023,11/23/2023,2424,3460,7560,5610
Maharashtra,Nashik,Lasalgaon,Onion,Red,23/11/2023,11/23/2023,1440,4410,8780,6330
Maharashtra,Nashik,Lasalgaon,Onion,Other,24/11/2023,11/24/2023,3535,4240,7330,6140
Maharashtra,Nashik,Lasalgaon,Onion,Red,24/11/2023,11/24/2023,1188,4530,8010,6720
Maharashtra,Nashik,Lasalgaon,Onion,Other,25/11/2023,11/25/2023,2961,3710,7310,5530
Maharashtra,Nashik,Lasalgaon,Onion,Red,25/11/2023,11/25/2023,2213,4240,8380,6010
Maharashtra,Nashik,Lasalgaon,Onion,Other,27/11/2023,11/27/2023,2522,3800,7300,5530
Maharashtra,Nashik,Lasalgaon,Onion,Red,27/11/2023,11/27/2023,2862,4090,8040,6230
Maharashtra,Nashik,Lasalgaon,Onion,Other,28/11/2023,11/28/2023,3509,3490,6370,5170
Maharashtra,Nashik,Lasalgaon,Onion,Red,28/11/2023,11/28/2023,3072,3470,8000,5860
Maharashtra,Nashik,Lasalgaon,Onion,Other,29/11/2023,11/29/2023,4748,3090,6410,5370
Maharashtra,Nashik,Lasalgaon,Onion,Red,29/11/2023,11/29/2023,3010,4250,7110,6120
Maharashtra,Nashik,Lasalgaon,Onion,Other,30/11/2023,11/30/2023,2652,2770,6490,4770
Maharashtra,Nashik,Lasalgaon,Onion,Red,30/11/2023,11/30/2023,2599,3180,6420,5230
Maharashtra,Nashik,Lasalgaon,Onion,Other,1/12/2023,12/1/2023,2308,3660,8300,6000
Maharashtra,Nashik,Lasalgaon,Onion,Red,1/12/2023,12/1/2023,2023,4180,8520,6720
Maharashtra,Nashik,Lasalgaon,Onion,Other,2/12/2023,12/2/2023,3360,4260,7880,5880
Maharashtra,Nashik,Lasalgaon,Onion,Red,2/12/2023,12/2/2023,2120,3790,7720,6680
Maharashtra,Nashik,Lasalgaon,Onion,Other,4/12/2023,12/4/2023,3040,3610,7140,6090
Maharashtra,Nashik,Lasalgaon,Onion,Red,4/12/2023,12/4/2023,1002,4870,8360,7010
Maharashtra,Nashik,Lasalgaon,Onion,Other,5/12/2023,12/5/2023,2326,4510,8830,6530
Maharashtra,Nashik,Lasalgaon,Onion,Red,5/12/2023,12/5/2023,2293,3990,9200,6970
Maharashtra,Nashik,Lasalgaon,Onion,Other,6/12/2023,12/6/2023,1913,4530,8310,6300
Maharashtra,Nashik,Lasalgaon,Onion,Red,6/12/2023,12/6/2023,1225,5110,8710,6890
Maharashtra,Nashik,Lasalgaon,Onion,Other,7/12/2023,12/7/2023,3256,3820,7030,5990
Maharashtra,Nashik,Lasalgaon,Onion,Red,7/12/2023,12/7/2023,1594,4660,8740,6570
Maharashtra,Nashik,Lasalgaon,Onion,Other,8/12/2023,12/8/2023,1958,3980,6930,5550
Maharashtra,Nashik,Lasalgaon,Onion,Red,8/12/2023,12/8/2023,3772,3690,7580,5950
Maharashtra,Nashik,Lasalgaon,Onion,Other,9/12/2023,12/9/2023,2171,4010,6520,5660
Maharashtra,Nashik,Lasalgaon,Onion,Red,9/12/2023,12/9/2023,1633,4120,7600,6270
Maharashtra,Nashik,Lasalgaon,Onion,Other,11/12/2023,12/11/2023,2472,3430,7340,5260
Maharashtra,Nashik,Lasalgaon,Onion,Red,11/12/2023,12/11/2023,3884,3600,7970,5760
Maharashtra,Nashik,Lasalgaon,Onion,Other,12/12/2023,12/12/2023,3415,3530,8260,6220
Maharashtra,Nashik,Lasalgaon,Onion,Red,12/12/2023,12/12/2023,1371,4480,8680,6810
Maharashtra,Nashik,Lasalgaon,Onion,Other,13/12/2023,12/13/2023,2769,4110,6990,6050
Maharashtra,Nashik,Lasalgaon,Onion,Red,13/12/2023,12/13/2023,1166,4740,8520,7090
Maharashtra,Nashik,Lasalgaon,Onion,Other,14/12/2023,12/14/2023,2349,3980,8060,5920
Maharashtra,Nashik,Lasalgaon,Onion,Red,14/12/2023,12/14/2023,2038,4730,8620,6450
Maharashtra,Nashik,Lasalgaon,Onion,Other,15/12/2023,12/15/2023,2844,4060,6720,5480
Maharashtra,Nashik,Lasalgaon,Onion,Red,15/12/2023,12/15/2023,2169,3570,8200,6070
Maharashtra,Nashik,Lasalgaon,Onion,Other,16/12/2023,12/16/2023,3589,3330,6550,5220
Maharashtra,Nashik,Lasalgaon,Onion,Red,16/12/2023,12/16/2023,3941,3980,7550,5580
Maharashtra,Nashik,Lasalgaon,Onion,Other,18/12/2023,12/18/2023,4516,3130,6440,5450
Maharashtra,Nashik,Lasalgaon,Onion,Red,18/12/2023,12/18/2023,3407,4350,7850,6090
Maharashtra,Nashik,Lasalgaon,Onion,Other,19/12/2023,12/19/2023,3497,3480,6960,5840
Maharashtra,Nashik,Lasalgaon,Onion,Red,19/12/2023,12/19/2023,1708,4120,7870,6650
Maharashtra,Nashik,Lasalgaon,Onion,Other,20/12/2023,12/20/2023,4572,3760,6990,5450
Maharashtra,Nashik,Lasalgaon,Onion,Red,20/12/2023,12/20/2023,3472,4450,7780,6090
Maharashtra,Nashik,Lasalgaon,Onion,Other,21/12/2023,12/21/2023,3988,2900,6390,4850
Maharashtra,Nashik,Lasalgaon,Onion,Red,21/12/2023,12/21/2023,2116,3660,7090,5360
Maharashtra,Nashik,Lasalgaon,Onion,Other,22/12/2023,12/22/2023,3670,3100,6900,5270
Maharashtra,Nashik,Lasalgaon,Onion,Red,22/12/2023,12/22/2023,3269,3870,7110,5800
Maharashtra,Nashik,Lasalgaon,Onion,Other,23/12/2023,12/23/2023,4742,3110,6970,5280
Maharashtra,Nashik,Lasalgaon,Onion,Red,23/12/2023,12/23/2023,1877,3620,7410,6100
Maharashtra,Nashik,Lasalgaon,Onion,Other,25/12/2023,12/25/2023,4065,2780,6760,4940
Maharashtra,Nashik,Lasalgaon,Onion,Red,25/12/2023,12/25/2023,2483,3550,7120,5760
Maharashtra,Nashik,Lasalgaon,Onion,Other,26/12/2023,12/26/2023,5018,2950,6000,4470
Maharashtra,Nashik,Lasalgaon,Onion,Red,26/12/2023,12/26/2023,4957,3000,6320,4930
Maharashtra,Nashik,Lasalgaon,Onion,Other,27/12/2023,12/27/2023,3468,3350,7550,5650
Maharashtra,Nashik,Lasalgaon,Onion,Red,27/12/2023,12/27/2023,2646,4750,7710,6470
Maharashtra,Nashik,Lasalgaon,Onion,Other,28/12/2023,12/28/2023,4831,3320,6270,5030
Maharashtra,Nashik,Lasalgaon,Onion,Red,28/12/2023,12/28/2023,2522,3040,7050,5510
Maharashtra,Nashik,Lasalgaon,Onion,Other,29/12/2023,12/29/2023,4158,3620,5990,5050
Maharashtra,Nashik,Lasalgaon,Onion,Red,29/12/2023,12/29/2023,3594,3150,7760,5700
Maharashtra,Nashik,Lasalgaon,Onion,Other,30/12/2023,12/30/2023,2806,3080,6940,5410
Maharashtra,Nashik,Lasalgaon,Onion,Red,30/12/2023,12/30/2023,3097,4540,8320,6100
Maharashtra,Nashik,Lasalgaon,Onion,Other,1/1/2024,1/1/2024,5210,3270,5520,4480
Maharashtra,Nashik,Lasalgaon,Onion,Red,1/1/2024,1/1/2024,3307,3550,5880,5090
Maharashtra,Nashik,Lasalgaon,Onion,Other,2/1/2024,1/2/2024,4296,3200,5430,4520
Maharashtra,Nashik,Lasalgaon,Onion,Red,2/1/2024,1/2/2024,4765,3310,5860,4930
Maharashtra,Nashik,Lasalgaon,Onion,Other,3/1/2024,1/3/2024,6295,2770,5250,4190
Maharashtra,Nashik,Lasalgaon,Onion,Red,3/1/2024,1/3/2024,3771,3340,5850,4610
Maharashtra,Nashik,Lasalgaon,Onion,Other,4/1/2024,1/4/2024,4091,2700,5530,4090
Maharashtra,Nashik,Lasalgaon,Onion,Red,4/1/2024,1/4/2024,2878,2630,5680,4480
Maharashtra,Nashik,Lasalgaon,Onion,Other,5/1/2024,1/5/2024,5916,2860,5400,4410
Maharashtra,Nashik,Lasalgaon,Onion,Red,5/1/2024,1/5/2024,3255,2950,7090,5190
Maharashtra,Nashik,Lasalgaon,Onion,Other,6/1/2024,1/6/2024,5120,2520,5990,4410
Maharashtra,Nashik,Lasalgaon,Onion,Red,6/1/2024,1/6/2024,4210,2790,5940,5020
Maharashtra,Nashik,Lasalgaon,Onion,Other,8/1/2024,1/8/2024,5247,3150,5970,4540
Maharashtra,Nashik,Lasalgaon,Onion,Red,8/1/2024,1/8/2024,4802,3450,6310,5190
Maharashtra,Nashik,Lasalgaon,Onion,Other,9/1/2024,1/9/2024,2920,2910,5260,4190
Maharashtra,Nashik,Lasalgaon,Onion,Red,9/1/2024,1/9/2024,5708,2640,6150,4690
Maharashtra,Nashik,Lasalgaon,Onion,Other,10/1/2024,1/10/2024,2872,2600,5150,4240
Maharashtra,Nashik,Lasalgaon,Onion,Red,10/1/2024,1/10/2024,2788,3100,6480,5130
Maharashtra,Nashik,Lasalgaon,Onion,Other,11/1/2024,1/11/2024,5192,3030,5760,4160
Maharashtra,Nashik,Lasalgaon,Onion,Red,11/1/2024,1/11/2024,2931,2580,6150,4600
Maharashtra,Nashik,Lasalgaon,Onion,Other,12/1/2024,1/12/2024,5425,3010,6010,4330
Maharashtra,Nashik,Lasalgaon,Onion,Red,12/1/2024,1/12/2024,5207,3400,6000,4940
Maharashtra,Nashik,Lasalgaon,Onion,Other,13/01/2024,1/13/2024,6464,2740,4410,3830
Maharashtra,Nashik,Lasalgaon,Onion,Red,13/01/2024,1/13/2024,5369,2560,5820,4240
Maharashtra,Nashik,Lasalgaon,Onion,Other,15/01/2024,1/15/2024,3900,2050,4960,3660
Maharashtra,Nashik,Lasalgaon,Onion,Red,15/01/2024,1/15/2024,4579,2650,5530,4250
Maharashtra,Nashik,Lasalgaon,Onion,Other,16/01/2024,1/16/2024,3214,2180,5180,3800
Maharashtra,Nashik,Lasalgaon,Onion,Red,16/01/2024,1/16/2024,3227,3140,5060,4210
Maharashtra,Nashik,Lasalgaon,Onion,Other,17/01/2024,1/17/2024,3379,2460,4990,3660
Maharashtra,Nashik,Lasalgaon,Onion,Red,17/01/2024,1/17/2024,3484,2920,5140,4120
Maharashtra,Nashik,Lasalgaon,Onion,Other,18/01/2024,1/18/2024,6239,2360,4980,3670
Maharashtra,Nashik,Lasalgaon,Onion,Red,18/01/2024,1/18/2024,3334,2670,5630,4120
Maharashtra,Nashik,Lasalgaon,Onion,Other,19/01/2024,1/19/2024,5205,2610,5220,3960
Maharashtra,Nashik,Lasalgaon,Onion,Red,19/01/2024,1/19/2024,3522,2790,5810,4500
Maharashtra,Nashik,Lasalgaon,Onion,Other,20/01/2024,1/20/2024,7250,1920,4100,3330
Maharashtra,Nashik,Lasalgaon,Onion,Red,20/01/2024,1/20/2024,3894,2310,4930,3690
Maharashtra,Nashik,Lasalgaon,Onion,Other,22/01/2024,1/22/2024,6036,1980,4460,3420
Maharashtra,Nashik,Lasalgaon,Onion,Red,22/01/2024,1/22/2024,6620,2260,4830,3810
Maharashtra,Nashik,Lasalgaon,Onion,Other,23/01/2024,1/23/2024,5351,2600,4540,3490
Maharashtra,Nashik,Lasalgaon,Onion,Red,23/01/2024,1/23/2024,3368,2500,5080,3920
Maharashtra,Nashik,Lasalgaon,Onion,Other,24/01/2024,1/24/2024,3795,2100,4630,3590
Maharashtra,Nashik,Lasalgaon,Onion,Red,24/01/2024,1/24/2024,5406,2260,5340,4080
Maharashtra,Nashik,Lasalgaon,Onion,Other,25/01/2024,1/25/2024,6259,2170,3770,3240
Maharashtra,Nashik,Lasalgaon,Onion,Red,25/01/2024,1/25/2024,6969,2420,4810,3660
Maharashtra,Nashik,Lasalgaon,Onion,Other,26/01/2024,1/26/2024,5545,1900,4610,3390
Maharashtra,Nashik,Lasalgaon,Onion,Red,26/01/2024,1/26/2024,4699,2720,4690,3820
Maharashtra,Nashik,Lasalgaon,Onion,Other,27/01/2024,1/27/2024,6711,2000,4820,3530
Maharashtra,Nashik,Lasalgaon,Onion,Red,27/01/2024,1/27/2024,3149,2440,4930,3980
Maharashtra,Nashik,Lasalgaon,Onion,Other,29/01/2024,1/29/2024,7212,1900,4000,3340
Maharashtra,Nashik,Lasalgaon,Onion,Red,29/01/2024,1/29/2024,3937,2460,4840,3700
Maharashtra,Nashik,Lasalgaon,Onion,Other,30/01/2024,1/30/2024,7218,2180,4590,3330
Maharashtra,Nashik,Lasalgaon,Onion,Red,30/01/2024,1/30/2024,3555,2610,5000,3750
Maharashtra,Nashik,Lasalgaon,Onion,Other,31/01/2024,1/31/2024,7551,1770,3820,3210
Maharashtra,Nashik,Lasalgaon,Onion,Red,31/01/2024,1/31/2024,5801,2140,4990,3580
Maharashtra,Nashik,Lasalgaon,Onion,Other,1/2/2024,2/1/2024,8297,1530,3590,2570
Maharashtra,Nashik,Lasalgaon,Onion,Red,1/2/2024,2/1/2024,7395,1530,3820,2760
Maharashtra,Nashik,Lasalgaon,Onion,Other,2/2/2024,2/2/2024,7822,1750,3110,2580
Maharashtra,Nashik,Lasalgaon,Onion,Red,2/2/2024,2/2/2024,3767,1610,3620,2840
Maharashtra,Nashik,Lasalgaon,Onion,Other,3/2/2024,2/3/2024,4294,1420,3280,2440
Maharashtra,Nashik,Lasalgaon,Onion,Red,3/2/2024,2/3/2024,7285,1910,3690,2670
Maharashtra,Nashik,Lasalgaon,Onion,Other,5/2/2024,2/5/2024,7631,1520,3070,2360
Maharashtra,Nashik,Lasalgaon,Onion,Red,5/2/2024,2/5/2024,8538,1690,3170,2560
Maharashtra,Nashik,Lasalgaon,Onion,Other,6/2/2024,2/6/2024,7765,1700,2810,2410
Maharashtra,Nashik,Lasalgaon,Onion,Red,6/2/2024,2/6/2024,3916,1880,3470,2640
Maharashtra,Nashik,Lasalgaon,Onion,Other,7/2/2024,2/7/2024,7601,1380,3220,2310
Maharashtra,Nashik,Lasalgaon,Onion,Red,7/2/2024,2/7/2024,7808,1530,3480,2520
Maharashtra,Nashik,Lasalgaon,Onion,Other,8/2/2024,2/8/2024,6951,1320,3120,2240
Maharashtra,Nashik,Lasalgaon,Onion,Red,8/2/2024,2/8/2024,8594,1760,2980,2410
Maharashtra,Nashik,Lasalgaon,Onion,Other,9/2/2024,2/9/2024,8984,1620,3070,2290
Maharashtra,Nashik,Lasalgaon,Onion,Red,9/2/2024,2/9/2024,8318,1600,3320,2620
Maharashtra,Nashik,Lasalgaon,Onion,Other,10/2/2024,2/10/2024,8416,1600,2590,2230
Maharashtra,Nashik,Lasalgaon,Onion,Red,10/2/2024,2/10/2024,6447,1530,3160,2580
Maharashtra,Nashik,Lasalgaon,Onion,Other,12/2/2024,2/12/2024,4953,1580,2950,2390
Maharashtra,Nashik,Lasalgaon,Onion,Red,12/2/2024,2/12/2024,6623,1750,3100,2480
Maharashtra,Nashik,Lasalgaon,Onion,Other,13/02/2024,2/13/2024,8629,1590,2680,2300
Maharashtra,Nashik,Lasalgaon,Onion,Red,13/02/2024,2/13/2024,8887,1940,3290,2600
Maharashtra,Nashik,Lasalgaon,Onion,Other,14/02/2024,2/14/2024,5633,1190,2550,1940
Maharashtra,Nashik,Lasalgaon,Onion,Red,14/02/2024,2/14/2024,5662,1310,2660,2300
Maharashtra,Nashik,Lasalgaon,Onion,Other,15/02/2024,2/15/2024,5668,1400,3200,2290
Maharashtra,Nashik,Lasalgaon,Onion,Red,15/02/2024,2/15/2024,5383,1540,2850,2420
Maharashtra,Nashik,Lasalgaon,Onion,Other,16/02/2024,2/16/2024,6230,1500,2560,2140
Maharashtra,Nashik,Lasalgaon,Onion,Red,16/02/2024,2/16/2024,8243,1300,3200,2350
Maharashtra,Nashik,Lasalgaon,Onion,Other,17/02/2024,2/17/2024,7179,1540,2590,2080
Maharashtra,Nashik,Lasalgaon,Onion,Red,17/02/2024,2/17/2024,9403,1420,2980,2290
Maharashtra,Nashik,Lasalgaon,Onion,Other,19/02/2024,2/19/2024,8265,1260,2830,2030
Maharashtra,Nashik,Lasalgaon,Onion,Red,19/02/2024,2/19/2024,7114,1350,2440,2110
Maharashtra,Nashik,Lasalgaon,Onion,Other,20/02/2024,2/20/2024,6273,1190,2340,2020
Maharashtra,Nashik,Lasalgaon,Onion,Red,20/02/2024,2/20/2024,9224,1680,3200,2290
Maharashtra,Nashik,Lasalgaon,Onion,Other,21/02/2024,2/21/2024,8248,1370,2630,2040
Maharashtra,Nashik,Lasalgaon,Onion,Red,21/02/2024,2/21/2024,4666,1520,3150,2390
Maharashtra,Nashik,Lasalgaon,Onion,Other,22/02/2024,2/22/2024,4411,1500,2640,2060
Maharashtra,Nashik,Lasalgaon,Onion,Red,22/02/2024,2/22/2024,6354,1670,3010,2270
Maharashtra,Nashik,Lasalgaon,Onion,Other,23/02/2024,2/23/2024,5366,1150,2440,1780
Maharashtra,Nashik,Lasalgaon,Onion,Red,23/02/2024,2/23/2024,5967,1200,2420,2100
Maharashtra,Nashik,Lasalgaon,Onion,Other,24/02/2024,2/24/2024,6291,1030,2260,1870
Maharashtra,Nashik,Lasalgaon,Onion,Red,24/02/2024,2/24/2024,7431,1150,2690,2070
Maharashtra,Nashik,Lasalgaon,Onion,Other,26/02/2024,2/26/2024,4360,1420,2630,1890
Maharashtra,Nashik,Lasalgaon,Onion,Red,26/02/2024,2/26/2024,4584,1470,2570,2070
Maharashtra,Nashik,Lasalgaon,Onion,Other,27/02/2024,2/27/2024,8895,1140,2280,1730
Maharashtra,Nashik,Lasalgaon,Onion,Red,27/02/2024,2/27/2024,6140,1130,2310,1880
Maharashtra,Nashik,Lasalgaon,Onion,Other,28/02/2024,2/28/2024,6913,1090,2210,1740
Maharashtra,Nashik,Lasalgaon,Onion,Red,28/02/2024,2/28/2024,5928,1450,2570,2030
Maharashtra,Nashik,Lasalgaon,Onion,Other,29/02/2024,2/29/2024,4707,1180,2450,1860
Maharashtra,Nashik,Lasalgaon,Onion,Red,29/02/2024,2/29/2024,4363,1380,2440,2110
Maharashtra,Nashik,Lasalgaon,Onion,Other,1/3/2024,3/1/2024,5684,850,1670,1210
Maharashtra,Nashik,Lasalgaon,Onion,Red,1/3/2024,3/1/2024,5373,970,1780,1390
Maharashtra,Nashik,Lasalgaon,Onion,Other,2/3/2024,3/2/2024,7900,920,1950,1410
Maharashtra,Nashik,Lasalgaon,Onion,Red,2/3/2024,3/2/2024,5199,1230,2110,1650
Maharashtra,Nashik,Lasalgaon,Onion,Other,4/3/2024,3/4/2024,7809,790,1570,1190
Maharashtra,Nashik,Lasalgaon,Onion,Red,4/3/2024,3/4/2024,5234,750,1680,1320
Maharashtra,Nashik,Lasalgaon,Onion,Other,5/3/2024,3/5/2024,8038,1010,1610,1350
Maharashtra,Nashik,Lasalgaon,Onion,Red,5/3/2024,3/5/2024,8402,1020,2130,1540
Maharashtra,Nashik,Lasalgaon,Onion,Other,6/3/2024,3/6/2024,10267,850,1650,1240
Maharashtra,Nashik,Lasalgaon,Onion,Red,6/3/2024,3/6/2024,5072,790,1880,1350
Maharashtra,Nashik,Lasalgaon,Onion,Other,7/3/2024,3/7/2024,5346,760,1550,1340
Maharashtra,Nashik,Lasalgaon,Onion,Red,7/3/2024,3/7/2024,5898,870,1970,1530
Maharashtra,Nashik,Lasalgaon,Onion,Other,8/3/2024,3/8/2024,6828,840,1600,1220
Maharashtra,Nashik,Lasalgaon,Onion,Red,8/3/2024,3/8/2024,9613,840,1740,1410
Maharashtra,Nashik,Lasalgaon,Onion,Other,9/3/2024,3/9/2024,9390,790,1290,1110
Maharashtra,Nashik,Lasalgaon,Onion,Red,9/3/2024,3/9/2024,10647,800,1680,1260
Maharashtra,Nashik,Lasalgaon,Onion,Other,11/3/2024,3/11/2024,7780,680,1580,1170
Maharashtra,Nashik,Lasalgaon,Onion,Red,11/3/2024,3/11/2024,6521,770,1810,1360
Maharashtra,Nashik,Lasalgaon,Onion,Other,12/3/2024,3/12/2024,4901,730,1440,1050
Maharashtra,Nashik,Lasalgaon,Onion,Red,12/3/2024,3/12/2024,6169,810,1580,1170
Maharashtra,Nashik,Lasalgaon,Onion,Other,13/03/2024,3/13/2024,5560,770,1510,1110
Maharashtra,Nashik,Lasalgaon,Onion,Red,13/03/2024,3/13/2024,6982,880,1660,1240
Maharashtra,Nashik,Lasalgaon,Onion,Other,14/03/2024,3/14/2024,8439,780,1530,1160
Maharashtra,Nashik,Lasalgaon,Onion,Red,14/03/2024,3/14/2024,10420,960,1730,1330
Maharashtra,Nashik,Lasalgaon,Onion,Other,15/03/2024,3/15/2024,9454,780,1400,1060
Maharashtra,Nashik,Lasalgaon,Onion,Red,15/03/2024,3/15/2024,7543,900,1400,1200
Maharashtra,Nashik,Lasalgaon,Onion,Other,16/03/2024,3/16/2024,7731,840,1640,1180
Maharashtra,Nashik,Lasalgaon,Onion,Red,16/03/2024,3/16/2024,9072,900,1760,1280
Maharashtra,Nashik,Lasalgaon,Onion,Other,18/03/2024,3/18/2024,8972,860,1610,1150
Maharashtra,Nashik,Lasalgaon,Onion,Red,18/03/2024,3/18/2024,6340,910,1490,1240
Maharashtra,Nashik,Lasalgaon,Onion,Other,19/03/2024,3/19/2024,6779,720,1410,1080
Maharashtra,Nashik,Lasalgaon,Onion,Red,19/03/2024,3/19/2024,7339,860,1620,1170
Maharashtra,Nashik,Lasalgaon,Onion,Other,20/03/2024,3/20/2024,7441,830,1510,1210
Maharashtra,Nashik,Lasalgaon,Onion,Red,20/03/2024,3/20/2024,7583,830,1620,1340
Maharashtra,Nashik,Lasalgaon,Onion,Other,21/03/2024,3/21/2024,9747,820,1440,1160
Maharashtra,Nashik,Lasalgaon,Onion,Red,21/03/2024,3/21/2024,9704,730,1690,1330
Maharashtra,Nashik,Lasalgaon,Onion,Other,22/03/2024,3/22/2024,8599,710,1450,1050
Maharashtra,Nashik,Lasalgaon,Onion,Red,22/03/2024,3/22/2024,9252,890,1740,1250
Maharashtra,Nashik,Lasalgaon,Onion,Other,23/03/2024,3/23/2024,10120,650,1340,1040
Maharashtra,Nashik,Lasalgaon,Onion,Red,23/03/2024,3/23/2024,6566,740,1620,1170
Maharashtra,Nashik,Lasalgaon,Onion,Other,25/03/2024,3/25/2024,6852,660,1390,1030
Maharashtra,Nashik,Lasalgaon,Onion,Red,25/03/2024,3/25/2024,8184,680,1530,1200
Maharashtra,Nashik,Lasalgaon,Onion,Other,26/03/2024,3/26/2024,11041,730,1480,1060
Maharashtra,Nashik,Lasalgaon,Onion,Red,26/03/2024,3/26/2024,5858,810,1490,1170
Maharashtra,Nashik,Lasalgaon,Onion,Other,27/03/2024,3/27/2024,9461,780,1480,1130
Maharashtra,Nashik,Lasalgaon,Onion,Red,27/03/2024,3/27/2024,5720,770,1600,1200
Maharashtra,Nashik,Lasalgaon,Onion,Other,28/03/2024,3/28/2024,10175,740,1190,1020
Maharashtra,Nashik,Lasalgaon,Onion,Red,28/03/2024,3/28/2024,10765,680,1440,1130
Maharashtra,Nashik,Lasalgaon,Onion,Other,29/03/2024,3/29/2024,7793,580,1310,950
Maharashtra,Nashik,Lasalgaon,Onion,Red,29/03/2024,3/29/2024,7341,720,1360,1080
Maharashtra,Nashik,Lasalgaon,Onion,Other,30/03/2024,3/30/2024,10026,750,1310,1070
Maharashtra,Nashik,Lasalgaon,Onion,Red,30/03/2024,3/30/2024,5856,840,1610,1170
Maharashtra,Nashik,Lasalgaon,Onion,Other,1/4/2024,4/1/2024,10815,530,1030,890
Maharashtra,Nashik,Lasalgaon,Onion,Red,1/4/2024,4/1/2024,7878,610,1240,990
Maharashtra,Nashik,Lasalgaon,Onion,Other,2/4/2024,4/2/2024,8591,600,1080,830
Maharashtra,Nashik,Lasalgaon,Onion,Red,2/4/2024,4/2/2024,9096,580,1150,950
Maharashtra,Nashik,Lasalgaon,Onion,Other,3/4/2024,4/3/2024,7785,580,1140,890
Maharashtra,Nashik,Lasalgaon,Onion,Red,3/4/2024,4/3/2024,6712,700,1250,990
Maharashtra,Nashik,Lasalgaon,Onion,Other,4/4/2024,4/4/2024,9840,570,1120,860
Maharashtra,Nashik,Lasalgaon,Onion,Red,4/4/2024,4/4/2024,10276,610,1150,990
Maharashtra,Nashik,Lasalgaon,Onion,Other,5/4/2024,4/5/2024,5447,490,1070,860
Maharashtra,Nashik,Lasalgaon,Onion,Red,5/4/2024,4/5/2024,6100,620,1250,950
Maharashtra,Nashik,Lasalgaon,Onion,Other,6/4/2024,4/6/2024,11221,560,1180,870
Maharashtra,Nashik,Lasalgaon,Onion,Red,6/4/2024,4/6/2024,7047,730,1340,970
Maharashtra,Nashik,Lasalgaon,Onion,Other,8/4/2024,4/8/2024,8412,500,1160,830
Maharashtra,Nashik,Lasalgaon,Onion,Red,8/4/2024,4/8/2024,5551,590,1270,940
Maharashtra,Nashik,Lasalgaon,Onion,Other,9/4/2024,4/9/2024,6525,460,920,750
Maharashtra,Nashik,Lasalgaon,Onion,Red,9/4/2024,4/9/2024,11257,470,1060,810
Maharashtra,Nashik,Lasalgaon,Onion,Other,10/4/2024,4/10/2024,11714,430,1010,740
Maharashtra,Nashik,Lasalgaon,Onion,Red,10/4/2024,4/10/2024,9078,520,1020,840
Maharashtra,Nashik,Lasalgaon,Onion,Other,11/4/2024,4/11/2024,11505,560,1100,830
Maharashtra,Nashik,Lasalgaon,Onion,Red,11/4/2024,4/11/2024,7541,560,1350,970
Maharashtra,Nashik,Lasalgaon,Onion,Other,12/4/2024,4/12/2024,7666,560,1150,870
Maharashtra,Nashik,Lasalgaon,Onion,Red,12/4/2024,4/12/2024,8342,580,1290,1020
Maharashtra,Nashik,Lasalgaon,Onion,Other,13/04/2024,4/13/2024,7123,480,1050,820
Maharashtra,Nashik,Lasalgaon,Onion,Red,13/04/2024,4/13/2024,5371,570,1060,880
Maharashtra,Nashik,Lasalgaon,Onion,Other,15/04/2024,4/15/2024,10795,540,1020,880
Maharashtra,Nashik,Lasalgaon,Onion,Red,15/04/2024,4/15/2024,8058,590,1400,1020
Maharashtra,Nashik,Lasalgaon,Onion,Other,16/04/2024,4/16/2024,7702,660,1130,910
Maharashtra,Nashik,Lasalgaon,Onion,Red,16/04/2024,4/16/2024,9486,640,1380,1000
Maharashtra,Nashik,Lasalgaon,Onion,Other,17/04/2024,4/17/2024,6601,490,990,820
Maharashtra,Nashik,Lasalgaon,Onion,Red,17/04/2024,4/17/2024,7579,610,1060,900
Maharashtra,Nashik,Lasalgaon,Onion,Other,18/04/2024,4/18/2024,5930,440,910,780
Maharashtra,Nashik,Lasalgaon,Onion,Red,18/04/2024,4/18/2024,5435,640,1180,890
Maharashtra,Nashik,Lasalgaon,Onion,Other,19/04/2024,4/19/2024,8334,520,1000,780
Maharashtra,Nashik,Lasalgaon,Onion,Red,19/04/2024,4/19/2024,9998,530,1020,860
Maharashtra,Nashik,Lasalgaon,Onion,Other,20/04/2024,4/20/2024,7326,510,1190,910
Maharashtra,Nashik,Lasalgaon,Onion,Red,20/04/2024,4/20/2024,7341,700,1350,990
Maharashtra,Nashik,Lasalgaon,Onion,Other,22/04/2024,4/22/2024,6284,520,1010,820
Maharashtra,Nashik,Lasalgaon,Onion,Red,22/04/2024,4/22/2024,9210,670,1090,920
Maharashtra,Nashik,Lasalgaon,Onion,Other,23/04/2024,4/23/2024,11218,600,1030,850
Maharashtra,Nashik,Lasalgaon,Onion,Red,23/04/2024,4/23/2024,5521,670,1300,960
Maharashtra,Nashik,Lasalgaon,Onion,Other,24/04/2024,4/24/2024,11182,680,1100,950
Maharashtra,Nashik,Lasalgaon,Onion,Red,24/04/2024,4/24/2024,9403,600,1400,1070
Maharashtra,Nashik,Lasalgaon,Onion,Other,25/04/2024,4/25/2024,10713,490,1150,860
Maharashtra,Nashik,Lasalgaon,Onion,Red,25/04/2024,4/25/2024,5032,660,1190,1000
Maharashtra,Nashik,Lasalgaon,Onion,Other,26/04/2024,4/26/2024,7871,620,1240,920
Maharashtra,Nashik,Lasalgaon,Onion,Red,26/04/2024,4/26/2024,8426,620,1490,1080
Maharashtra,Nashik,Lasalgaon,Onion,Other,27/04/2024,4/27/2024,6954,690,1210,930
Maharashtra,Nashik,Lasalgaon,Onion,Red,27/04/2024,4/27/2024,7567,790,1390,1050
Maharashtra,Nashik,Lasalgaon,Onion,Other,29/04/2024,4/29/2024,10624,580,1020,800
Maharashtra,Nashik,Lasalgaon,Onion,Red,29/04/2024,4/29/2024,9772,670,1270,930
Maharashtra,Nashik,Lasalgaon,Onion,Other,30/04/2024,4/30/2024,8318,520,1230,900
Maharashtra,Nashik,Lasalgaon,Onion,Red,30/04/2024,4/30/2024,5947,600,1230,1040
Maharashtra,Nashik,Lasalgaon,Onion,Other,1/5/2024,5/1/2024,6800,580,1330,980
Maharashtra,Nashik,Lasalgaon,Onion,Red,1/5/2024,5/1/2024,9586,800,1430,1120
Maharashtra,Nashik,Lasalgaon,Onion,Other,2/5/2024,5/2/2024,11570,610,990,850
Maharashtra,Nashik,Lasalgaon,Onion,Red,2/5/2024,5/2/2024,9159,630,1160,920
Maharashtra,Nashik,Lasalgaon,Onion,Other,3/5/2024,5/3/2024,9746,710,1150,950
Maharashtra,Nashik,Lasalgaon,Onion,Red,3/5/2024,5/3/2024,6254,660,1360,1030
Maharashtra,Nashik,Lasalgaon,Onion,Other,4/5/2024,5/4/2024,8740,580,1280,980
Maharashtra,Nashik,Lasalgaon,Onion,Red,4/5/2024,5/4/2024,8136,730,1430,1090
Maharashtra,Nashik,Lasalgaon,Onion,Other,6/5/2024,5/6/2024,11453,600,1280,950
Maharashtra,Nashik,Lasalgaon,Onion,Red,6/5/2024,5/6/2024,5910,800,1480,1080
Maharashtra,Nashik,Lasalgaon,Onion,Other,7/5/2024,5/7/2024,6736,580,1190,900
Maharashtra,Nashik,Lasalgaon,Onion,Red,7/5/2024,5/7/2024,7858,540,1150,970
Maharashtra,Nashik,Lasalgaon,Onion,Other,8/5/2024,5/8/2024,10747,600,1450,1050
Maharashtra,Nashik,Lasalgaon,Onion,Red,8/5/2024,5/8/2024,5523,840,1540,1150
Maharashtra,Nashik,Lasalgaon,Onion,Other,9/5/2024,5/9/2024,8852,700,1160,940
Maharashtra,Nashik,Lasalgaon,Onion,Red,9/5/2024,5/9/2024,9834,740,1450,1050
Maharashtra,Nashik,Lasalgaon,Onion,Other,10/5/2024,5/10/2024,10759,670,1160,990
Maharashtra,Nashik,Lasalgaon,Onion,Red,10/5/2024,5/10/2024,10731,770,1360,1170
Maharashtra,Nashik,Lasalgaon,Onion,Other,11/5/2024,5/11/2024,5272,790,1480,1090
Maharashtra,Nashik,Lasalgaon,Onion,Red,11/5/2024,5/11/2024,10525,730,1680,1220
Maharashtra,Nashik,Lasalgaon,Onion,Other,13/05/2024,5/13/2024,6410,530,1260,910
Maharashtra,Nashik,Lasalgaon,Onion,Red,13/05/2024,5/13/2024,6555,570,1280,970
Maharashtra,Nashik,Lasalgaon,Onion,Other,14/05/2024,5/14/2024,8118,690,1260,1060
Maharashtra,Nashik,Lasalgaon,Onion,Red,14/05/2024,5/14/2024,4873,750,1620,1180
Maharashtra,Nashik,Lasalgaon,Onion,Other,15/05/2024,5/15/2024,8380,630,1250,1080
Maharashtra,Nashik,Lasalgaon,Onion,Red,15/05/2024,5/15/2024,6351,730,1490,1220
Maharashtra,Nashik,Lasalgaon,Onion,Other,16/05/2024,5/16/2024,9959,640,1450,1130
Maharashtra,Nashik,Lasalgaon,Onion,Red,16/05/2024,5/16/2024,8338,760,1840,1340
Maharashtra,Nashik,Lasalgaon,Onion,Other,17/05/2024,5/17/2024,8995,630,1580,1140
Maharashtra,Nashik,Lasalgaon,Onion,Red,17/05/2024,5/17/2024,5005,780,1580,1370
Maharashtra,Nashik,Lasalgaon,Onion,Other,18/05/2024,5/18/2024,8181,790,1490,1220
Maharashtra,Nashik,Lasalgaon,Onion,Red,18/05/2024,5/18/2024,6408,930,1640,1420
Maharashtra,Nashik,Lasalgaon,Onion,Other,20/05/2024,5/20/2024,6233,800,1500,1190
Maharashtra,Nashik,Lasalgaon,Onion,Red,20/05/2024,5/20/2024,6202,920,1810,1320
Maharashtra,Nashik,Lasalgaon,Onion,Other,21/05/2024,5/21/2024,6630,890,1600,1190
Maharashtra,Nashik,Lasalgaon,Onion,Red,21/05/2024,5/21/2024,10112,830,1620,1300
Maharashtra,Nashik,Lasalgaon,Onion,Other,22/05/2024,5/22/2024,8981,730,1660,1200
Maharashtra,Nashik,Lasalgaon,Onion,Red,22/05/2024,5/22/2024,9779,1040,1810,1400
Maharashtra,Nashik,Lasalgaon,Onion,Other,23/05/2024,5/23/2024,9787,850,1320,1150
Maharashtra,Nashik,Lasalgaon,Onion,Red,23/05/2024,5/23/2024,8800,980,1630,1320
Maharashtra,Nashik,Lasalgaon,Onion,Other,24/05/2024,5/24/2024,9870,950,1700,1310
Maharashtra,Nashik,Lasalgaon,Onion,Red,24/05/2024,5/24/2024,7265,910,1790,1480
Maharashtra,Nashik,Lasalgaon,Onion,Other,25/05/2024,5/25/2024,9973,780,1430,1140
Maharashtra,Nashik,Lasalgaon,Onion,Red,25/05/2024,5/25/2024,8836,720,1710,1300
Maharashtra,Nashik,Lasalgaon,Onion,Other,27/05/2024,5/27/2024,9045,890,1730,1260
Maharashtra,Nashik,Lasalgaon,Onion,Red,27/05/2024,5/27/2024,9295,860,1940,1420
Maharashtra,Nashik,Lasalgaon,Onion,Other,28/05/2024,5/28/2024,10610,1010,1940,1390
Maharashtra,Nashik,Lasalgaon,Onion,Red,28/05/2024,5/28/2024,5251,940,1920,1530
Maharashtra,Nashik,Lasalgaon,Onion,Other,29/05/2024,5/29/2024,8913,820,1720,1320
Maharashtra,Nashik,Lasalgaon,Onion,Red,29/05/2024,5/29/2024,6509,1030,1750,1460
Maharashtra,Nashik,Lasalgaon,Onion,Other,30/05/2024,5/30/2024,7946,850,1540,1130
Maharashtra,Nashik,Lasalgaon,Onion,Red,30/05/2024,5/30/2024,9775,900,1540,1240
Maharashtra,Nashik,Lasalgaon,Onion,Other,31/05/2024,5/31/2024,6396,880,1610,1370
Maharashtra,Nashik,Lasalgaon,Onion,Red,31/05/2024,5/31/2024,5050,950,2010,1500
Maharashtra,Nashik,Lasalgaon,Onion,Other,1/6/2024,6/1/2024,5752,970,1920,1430
Maharashtra,Nashik,Lasalgaon,Onion,Red,1/6/2024,6/1/2024,8182,1100,2270,1640
Maharashtra,Nashik,Lasalgaon,Onion,Other,3/6/2024,6/3/2024,10253,910,1970,1480
Maharashtra,Nashik,Lasalgaon,Onion,Red,3/6/2024,6/3/2024,5781,930,2310,1690
Maharashtra,Nashik,Lasalgaon,Onion,Other,4/6/2024,6/4/2024,10402,1060,2030,1480
Maharashtra,Nashik,Lasalgaon,Onion,Red,4/6/2024,6/4/2024,6847,1050,2170,1650
Maharashtra,Nashik,Lasalgaon,Onion,Other,5/6/2024,6/5/2024,9831,930,1690,1330
Maharashtra,Nashik,Lasalgaon,Onion,Red,5/6/2024,6/5/2024,8578,980,1630,1410
Maharashtra,Nashik,Lasalgaon,Onion,Other,6/6/2024,6/6/2024,10338,920,1660,1290
Maharashtra,Nashik,Lasalgaon,Onion,Red,6/6/2024,6/6/2024,9430,940,1740,1350
Maharashtra,Nashik,Lasalgaon,Onion,Other,7/6/2024,6/7/2024,8009,850,1990,1430
Maharashtra,Nashik,Lasalgaon,Onion,Red,7/6/2024,6/7/2024,6520,1070,1900,1560
Maharashtra,Nashik,Lasalgaon,Onion,Other,8/6/2024,6/8/2024,8164,1010,2000,1560
Maharashtra,Nashik,Lasalgaon,Onion,Red,8/6/2024,6/8/2024,9100,1200,2000,1700
Maharashtra,Nashik,Lasalgaon,Onion,Other,10/6/2024,6/10/2024,5882,1020,2080,1660
Maharashtra,Nashik,Lasalgaon,Onion,Red,10/6/2024,6/10/2024,10099,1410,2420,1900
Maharashtra,Nashik,Lasalgaon,Onion,Other,11/6/2024,6/11/2024,10343,890,1590,1370
Maharashtra,Nashik,Lasalgaon,Onion,Red,11/6/2024,6/11/2024,8296,1100,2040,1540
Maharashtra,Nashik,Lasalgaon,Onion,Other,12/6/2024,6/12/2024,9529,1080,2250,1610
Maharashtra,Nashik,Lasalgaon,Onion,Red,12/6/2024,6/12/2024,5630,1330,2300,1770
Maharashtra,Nashik,Lasalgaon,Onion,Other,13/06/2024,6/13/2024,7458,1210,1980,1720
Maharashtra,Nashik,Lasalgaon,Onion,Red,13/06/2024,6/13/2024,5199,1150,2640,1930
Maharashtra,Nashik,Lasalgaon,Onion,Other,14/06/2024,6/14/2024,6112,900,2020,1460
Maharashtra,Nashik,Lasalgaon,Onion,Red,14/06/2024,6/14/2024,7511,950,1950,1670
Maharashtra,Nashik,Lasalgaon,Onion,Other,15/06/2024,6/15/2024,9919,1000,1700,1460
Maharashtra,Nashik,Lasalgaon,Onion,Red,15/06/2024,6/15/2024,10081,1200,2350,1680
Maharashtra,Nashik,Lasalgaon,Onion,Other,17/06/2024,6/17/2024,6519,1060,1790,1510
Maharashtra,Nashik,Lasalgaon,Onion,Red,17/06/2024,6/17/2024,7852,930,2050,1620
Maharashtra,Nashik,Lasalgaon,Onion,Other,18/06/2024,6/18/2024,7695,880,2000,1570
Maharashtra,Nashik,Lasalgaon,Onion,Red,18/06/2024,6/18/2024,4833,1340,2470,1850
Maharashtra,Nashik,Lasalgaon,Onion,Other,19/06/2024,6/19/2024,10489,920,2030,1600
Maharashtra,Nashik,Lasalgaon,Onion,Red,19/06/2024,6/19/2024,8477,1140,2330,1750
Maharashtra,Nashik,Lasalgaon,Onion,Other,20/06/2024,6/20/2024,5533,1160,2260,1650
Maharashtra,Nashik,Lasalgaon,Onion,Red,20/06/2024,6/20/2024,8894,1160,2610,1870
Maharashtra,Nashik,Lasalgaon,Onion,Other,21/06/2024,6/21/2024,6528,1110,2240,1760
Maharashtra,Nashik,Lasalgaon,Onion,Red,21/06/2024,6/21/2024,8868,1140,2480,1880
Maharashtra,Nashik,Lasalgaon,Onion,Other,22/06/2024,6/22/2024,7211,1060,2300,1670
Maharashtra,Nashik,Lasalgaon,Onion,Red,22/06/2024,6/22/2024,7063,1130,2270,1910
Maharashtra,Nashik,Lasalgaon,Onion,Other,24/06/2024,6/24/2024,4845,1270,2490,1810
Maharashtra,Nashik,Lasalgaon,Onion,Red,24/06/2024,6/24/2024,9463,1500,2550,2040
Maharashtra,Nashik,Lasalgaon,Onion,Other,25/06/2024,6/25/2024,8892,1270,2540,1820
Maharashtra,Nashik,Lasalgaon,Onion,Red,25/06/2024,6/25/2024,6350,1260,2590,2010
Maharashtra,Nashik,Lasalgaon,Onion,Other,26/06/2024,6/26/2024,9798,1040,2250,1750
Maharashtra,Nashik,Lasalgaon,Onion,Red,26/06/2024,6/26/2024,4786,1400,2230,1920
Maharashtra,Nashik,Lasalgaon,Onion,Other,27/06/2024,6/27/2024,7914,990,2180,1750
Maharashtra,Nashik,Lasalgaon,Onion,Red,27/06/2024,6/27/2024,6287,1270,2460,1910
Maharashtra,Nashik,Lasalgaon,Onion,Other,28/06/2024,6/28/2024,6006,1210,2290,1950
Maharashtra,Nashik,Lasalgaon,Onion,Red,28/06/2024,6/28/2024,4985,1280,2810,2220
Maharashtra,Nashik,Lasalgaon,Onion,Other,29/06/2024,6/29/2024,7765,1190,1980,1710
Maharashtra,Nashik,Lasalgaon,Onion,Red,29/06/2024,6/29/2024,9365,1110,2190,1900
Maharashtra,Nashik,Lasalgaon,Onion,Other,1/7/2024,7/1/2024,7140,1260,2400,1840
Maharashtra,Nashik,Lasalgaon,Onion,Red,1/7/2024,7/1/2024,5598,1320,2850,2080
Maharashtra,Nashik,Lasalgaon,Onion,Other,2/7/2024,7/2/2024,9464,1230,2410,1750
Maharashtra,Nashik,Lasalgaon,Onion,Red,2/7/2024,7/2/2024,8358,1350,2670,1910
Maharashtra,Nashik,Lasalgaon,Onion,Other,3/7/2024,7/3/2024,9659,1460,2730,2000
Maharashtra,Nashik,Lasalgaon,Onion,Red,3/7/2024,7/3/2024,4161,1480,2600,2260
Maharashtra,Nashik,Lasalgaon,Onion,Other,4/7/2024,7/4/2024,9910,1100,2150,1720
Maharashtra,Nashik,Lasalgaon,Onion,Red,4/7/2024,7/4/2024,9400,1250,2740,2010
Maharashtra,Nashik,Lasalgaon,Onion,Other,5/7/2024,7/5/2024,6476,1160,2190,1650
Maharashtra,Nashik,Lasalgaon,Onion,Red,5/7/2024,7/5/2024,5142,1050,2240,1840
Maharashtra,Nashik,Lasalgaon,Onion,Other,6/7/2024,7/6/2024,8304,1290,2640,1900
Maharashtra,Nashik,Lasalgaon,Onion,Red,6/7/2024,7/6/2024,8314,1530,2800,2080
Maharashtra,Nashik,Lasalgaon,Onion,Other,8/7/2024,7/8/2024,6994,1340,2550,1860
Maharashtra,Nashik,Lasalgaon,Onion,Red,8/7/2024,7/8/2024,5868,1120,2740,2030
Maharashtra,Nashik,Lasalgaon,Onion,Other,9/7/2024,7/9/2024,6763,1720,3010,2340
Maharashtra,Nashik,Lasalgaon,Onion,Red,9/7/2024,7/9/2024,7938,1600,3230,2640
Maharashtra,Nashik,Lasalgaon,Onion,Other,10/7/2024,7/10/2024,6963,1120,2490,1960
Maharashtra,Nashik,Lasalgaon,Onion,Red,10/7/2024,7/10/2024,4948,1490,2770,2180
Maharashtra,Nashik,Lasalgaon,Onion,Other,11/7/2024,7/11/2024,7359,1310,2980,2250
Maharashtra,Nashik,Lasalgaon,Onion,Red,11/7/2024,7/11/2024,8846,1770,3000,2530
Maharashtra,Nashik,Lasalgaon,Onion,Other,12/7/2024,7/12/2024,8317,1380,3060,2300
Maharashtra,Nashik,Lasalgaon,Onion,Red,12/7/2024,7/12/2024,7275,1630,3230,2600
Maharashtra,Nashik,Lasalgaon,Onion,Other,13/07/2024,7/13/2024,7794,1240,2650,2210
Maharashtra,Nashik,Lasalgaon,Onion,Red,13/07/2024,7/13/2024,8577,1400,3410,2450
Maharashtra,Nashik,Lasalgaon,Onion,Other,15/07/2024,7/15/2024,8575,1730,2890,2380
Maharashtra,Nashik,Lasalgaon,Onion,Red,15/07/2024,7/15/2024,6657,1590,3380,2690
Maharashtra,Nashik,Lasalgaon,Onion,Other,16/07/2024,7/16/2024,7552,1460,3160,2350
Maharashtra,Nashik,Lasalgaon,Onion,Red,16/07/2024,7/16/2024,7212,1510,3000,2530
Maharashtra,Nashik,Lasalgaon,Onion,Other,17/07/2024,7/17/2024,4812,1290,2570,2100
Maharashtra,Nashik,Lasalgaon,Onion,Red,17/07/2024,7/17/2024,7153,1540,3130,2340
Maharashtra,Nashik,Lasalgaon,Onion,Other,18/07/2024,7/18/2024,7784,1450,2950,2270
Maharashtra,Nashik,Lasalgaon,Onion,Red,18/07/2024,7/18/2024,7304,1760,3400,2550
Maharashtra,Nashik,Lasalgaon,Onion,Other,19/07/2024,7/19/2024,7777,1630,3290,2350
Maharashtra,Nashik,Lasalgaon,Onion,Red,19/07/2024,7/19/2024,8376,1780,3310,2590
Maharashtra,Nashik,Lasalgaon,Onion,Other,20/07/2024,7/20/2024,8381,1550,2960,2230
Maharashtra,Nashik,Lasalgaon,Onion,Red,20/07/2024,7/20/2024,5487,1440,3300,2510
Maharashtra,Nashik,Lasalgaon,Onion,Other,22/07/2024,7/22/2024,4150,1550,2770,2260
Maharashtra,Nashik,Lasalgaon,Onion,Red,22/07/2024,7/22/2024,7296,1750,3050,2590
Maharashtra,Nashik,Lasalgaon,Onion,Other,23/07/2024,7/23/2024,8095,1550,3430,2490
Maharashtra,Nashik,Lasalgaon,Onion,Red,23/07/2024,7/23/2024,5476,1550,3440,2750
Maharashtra,Nashik,Lasalgaon,Onion,Other,24/07/2024,7/24/2024,9298,1620,3060,2350
Maharashtra,Nashik,Lasalgaon,Onion,Red,24/07/2024,7/24/2024,7447,2020,3440,2730
Maharashtra,Nashik,Lasalgaon,Onion,Other,25/07/2024,7/25/2024,4904,1480,3030,2410
Maharashtra,Nashik,Lasalgaon,Onion,Red,25/07/2024,7/25/2024,6370,1730,3510,2670
Maharashtra,Nashik,Lasalgaon,Onion,Other,26/07/2024,7/26/2024,7334,1730,3300,2380
Maharashtra,Nashik,Lasalgaon,Onion,Red,26/07/2024,7/26/2024,7888,1950,3170,2680
Maharashtra,Nashik,Lasalgaon,Onion,Other,27/07/2024,7/27/2024,5582,1500,3170,2440
Maharashtra,Nashik,Lasalgaon,Onion,Red,27/07/2024,7/27/2024,8225,1810,3310,2670
Maharashtra,Nashik,Lasalgaon,Onion,Other,29/07/2024,7/29/2024,6143,1440,3180,2330
Maharashtra,Nashik,Lasalgaon,Onion,Red,29/07/2024,7/29/2024,5625,1740,3480,2650
Maharashtra,Nashik,Lasalgaon,Onion,Other,30/07/2024,7/30/2024,4261,1490,3060,2510
Maharashtra,Nashik,Lasalgaon,Onion,Red,30/07/2024,7/30/2024,8741,1630,3280,2670
Maharashtra,Nashik,Lasalgaon,Onion,Other,31/07/2024,7/31/2024,7851,1550,3260,2770
Maharashtra,Nashik,Lasalgaon,Onion,Red,31/07/2024,7/31/2024,5419,2120,3760,3140
Maharashtra,Nashik,Lasalgaon,Onion,Other,1/8/2024,8/1/2024,7362,1560,3600,2770
Maharashtra,Nashik,Lasalgaon,Onion,Red,1/8/2024,8/1/2024,4843,2320,4210,3110
Maharashtra,Nashik,Lasalgaon,Onion,Other,2/8/2024,8/2/2024,8328,1920,3730,2750
Maharashtra,Nashik,Lasalgaon,Onion,Red,2/8/2024,8/2/2024,7243,1790,3700,3150
Maharashtra,Nashik,Lasalgaon,Onion,Other,3/8/2024,8/3/2024,3755,1620,3700,2810
Maharashtra,Nashik,Lasalgaon,Onion,Red,3/8/2024,8/3/2024,3927,1780,3860,3120
Maharashtra,Nashik,Lasalgaon,Onion,Other,5/8/2024,8/5/2024,5393,1660,3030,2530
Maharashtra,Nashik,Lasalgaon,Onion,Red,5/8/2024,8/5/2024,4142,1890,3860,2900
Maharashtra,Nashik,Lasalgaon,Onion,Other,6/8/2024,8/6/2024,8770,1750,3810,2750
Maharashtra,Nashik,Lasalgaon,Onion,Red,6/8/2024,8/6/2024,7339,2010,3740,3060
Maharashtra,Nashik,Lasalgaon,Onion,Other,7/8/2024,8/7/2024,4901,1850,3300,2620
Maharashtra,Nashik,Lasalgaon,Onion,Red,7/8/2024,8/7/2024,4307,1960,3840,2880
Maharashtra,Nashik,Lasalgaon,Onion,Other,8/8/2024,8/8/2024,7603,1610,3450,2570
Maharashtra,Nashik,Lasalgaon,Onion,Red,8/8/2024,8/8/2024,4438,1930,3250,2820
Maharashtra,Nashik,Lasalgaon,Onion,Other,9/8/2024,8/9/2024,4250,1520,3280,2620
Maharashtra,Nashik,Lasalgaon,Onion,Red,9/8/2024,8/9/2024,6541,2000,3850,2860
Maharashtra,Nashik,Lasalgaon,Onion,Other,10/8/2024,8/10/2024,6036,1900,3560,2890
Maharashtra,Nashik,Lasalgaon,Onion,Red,10/8/2024,8/10/2024,7676,2140,4100,3280
Maharashtra,Nashik,Lasalgaon,Onion,Other,12/8/2024,8/12/2024,4561,1770,3500,2650
Maharashtra,Nashik,Lasalgaon,Onion,Red,12/8/2024,8/12/2024,6309,1880,4170,3030
Maharashtra,Nashik,Lasalgaon,Onion,Other,13/08/2024,8/13/2024,5471,1790,3530,2740
Maharashtra,Nashik,Lasalgaon,Onion,Red,13/08/2024,8/13/2024,4272,2060,3560,3050
Maharashtra,Nashik,Lasalgaon,Onion,Other,14/08/2024,8/14/2024,7221,1970,3210,2710
Maharashtra,Nashik,Lasalgaon,Onion,Red,14/08/2024,8/14/2024,7242,1910,3800,3040
Maharashtra,Nashik,Lasalgaon,Onion,Other,15/08/2024,8/15/2024,7076,2050,4090,3150
Maharashtra,Nashik,Lasalgaon,Onion,Red,15/08/2024,8/15/2024,6695,2370,4600,3530
Maharashtra,Nashik,Lasalgaon,Onion,Other,16/08/2024,8/16/2024,5496,1890,3330,2840
Maharashtra,Nashik,Lasalgaon,Onion,Red,16/08/2024,8/16/2024,5840,2040,4380,3220
Maharashtra,Nashik,Lasalgaon,Onion,Other,17/08/2024,8/17/2024,5658,1810,3520,3040
Maharashtra,Nashik,Lasalgaon,Onion,Red,17/08/2024,8/17/2024,5401,2350,4290,3400
Maharashtra,Nashik,Lasalgaon,Onion,Other,19/08/2024,8/19/2024,5810,1900,3220,2710
Maharashtra,Nashik,Lasalgaon,Onion,Red,19/08/2024,8/19/2024,7288,2110,4200,3100
Maharashtra,Nashik,Lasalgaon,Onion,Other,20/08/2024,8/20/2024,8090,1600,3350,2780
Maharashtra,Nashik,Lasalgaon,Onion,Red,20/08/2024,8/20/2024,3818,2330,4480,3220
Maharashtra,Nashik,Lasalgaon,Onion,Other,21/08/2024,8/21/2024,6892,2300,4350,3320
Maharashtra,Nashik,Lasalgaon,Onion,Red,21/08/2024,8/21/2024,3950,2340,4500,3770
Maharashtra,Nashik,Lasalgaon,Onion,Other,22/08/2024,8/22/2024,7781,1970,4000,2910
Maharashtra,Nashik,Lasalgaon,Onion,Red,22/08/2024,8/22/2024,4368,1930,3800,3210
Maharashtra,Nashik,Lasalgaon,Onion,Other,23/08/2024,8/23/2024,5525,1750,4060,2990
Maharashtra,Nashik,Lasalgaon,Onion,Red,23/08/2024,8/23/2024,5113,2470,4110,3390
Maharashtra,Nashik,Lasalgaon,Onion,Other,24/08/2024,8/24/2024,4535,2290,4100,3170
Maharashtra,Nashik,Lasalgaon,Onion,Red,24/08/2024,8/24/2024,5882,2240,4950,3550
Maharashtra,Nashik,Lasalgaon,Onion,Other,26/08/2024,8/26/2024,7023,1950,3740,2980
Maharashtra,Nashik,Lasalgaon,Onion,Red,26/08/2024,8/26/2024,5430,2490,4420,3460
Maharashtra,Nashik,Lasalgaon,Onion,Other,27/08/2024,8/27/2024,7673,2100,3500,2850
Maharashtra,Nashik,Lasalgaon,Onion,Red,27/08/2024,8/27/2024,7901,2180,4240,3150
Maharashtra,Nashik,Lasalgaon,Onion,Other,28/08/2024,8/28/2024,7063,1870,4180,3200
Maharashtra,Nashik,Lasalgaon,Onion,Red,28/08/2024,8/28/2024,6541,2180,4820,3610
Maharashtra,Nashik,Lasalgaon,Onion,Other,29/08/2024,8/29/2024,7211,2040,3640,2970
Maharashtra,Nashik,Lasalgaon,Onion,Red,29/08/2024,8/29/2024,5194,2190,4430,3410
Maharashtra,Nashik,Lasalgaon,Onion,Other,30/08/2024,8/30/2024,7685,1700,3930,3010
Maharashtra,Nashik,Lasalgaon,Onion,Red,30/08/2024,8/30/2024,5454,1850,3900,3340
Maharashtra,Nashik,Lasalgaon,Onion,Other,31/08/2024,8/31/2024,5574,1790,3580,2960
Maharashtra,Nashik,Lasalgaon,Onion,Red,31/08/2024,8/31/2024,6652,2000,4160,3360
Maharashtra,Nashik,Lasalgaon,Onion,Other,2/9/2024,9/2/2024,8143,2020,3790,2980
Maharashtra,Nashik,Lasalgaon,Onion,Red,2/9/2024,9/2/2024,6663,2040,4470,3360
Maharashtra,Nashik,Lasalgaon,Onion,Other,3/9/2024,9/3/2024,4173,2060,4190,3180
Maharashtra,Nashik,Lasalgaon,Onion,Red,3/9/2024,9/3/2024,4640,2130,4590,3540
Maharashtra,Nashik,Lasalgaon,Onion,Other,4/9/2024,9/4/2024,3833,1830,3440,2700
Maharashtra,Nashik,Lasalgaon,Onion,Red,4/9/2024,9/4/2024,5238,2060,3800,3020
Maharashtra,Nashik,Lasalgaon,Onion,Other,5/9/2024,9/5/2024,5560,1860,4330,3130
Maharashtra,Nashik,Lasalgaon,Onion,Red,5/9/2024,9/5/2024,3635,1950,4130,3490
Maharashtra,Nashik,Lasalgaon,Onion,Other,6/9/2024,9/6/2024,7579,1900,3640,2930
Maharashtra,Nashik,Lasalgaon,Onion,Red,6/9/2024,9/6/2024,6684,2030,4190,3310
Maharashtra,Nashik,Lasalgaon,Onion,Other,7/9/2024,9/7/2024,5554,2350,4310,3440
Maharashtra,Nashik,Lasalgaon,Onion,Red,7/9/2024,9/7/2024,6762,2840,5030,3830
Maharashtra,Nashik,Lasalgaon,Onion,Other,9/9/2024,9/9/2024,7985,2330,3920,3190
Maharashtra,Nashik,Lasalgaon,Onion,Red,9/9/2024,9/9/2024,5293,1960,4740,3440
Maharashtra,Nashik,Lasalgaon,Onion,Other,10/9/2024,9/10/2024,5527,2450,3870,3290
Maharashtra,Nashik,Lasalgaon,Onion,Red,10/9/2024,9/10/2024,3730,2110,4800,3590
Maharashtra,Nashik,Lasalgaon,Onion,Other,11/9/2024,9/11/2024,5985,2040,4220,3080
Maharashtra,Nashik,Lasalgaon,Onion,Red,11/9/2024,9/11/2024,6908,1910,4380,3400
Maharashtra,Nashik,Lasalgaon,Onion,Other,12/9/2024,9/12/2024,4506,2240,4300,3350
Maharashtra,Nashik,Lasalgaon,Onion,Red,12/9/2024,9/12/2024,4187,2260,5110,3670
Maharashtra,Nashik,Lasalgaon,Onion,Other,13/09/2024,9/13/2024,7777,1880,4150,3270
Maharashtra,Nashik,Lasalgaon,Onion,Red,13/09/2024,9/13/2024,4183,2380,5130,3750
Maharashtra,Nashik,Lasalgaon,Onion,Other,14/09/2024,9/14/2024,6106,2550,4420,3480
Maharashtra,Nashik,Lasalgaon,Onion,Red,14/09/2024,9/14/2024,4121,2160,4750,3920
Maharashtra,Nashik,Lasalgaon,Onion,Other,16/09/2024,9/16/2024,6570,1970,4480,3210
Maharashtra,Nashik,Lasalgaon,Onion,Red,16/09/2024,9/16/2024,3913,2260,4960,3550
Maharashtra,Nashik,Lasalgaon,Onion,Other,17/09/2024,9/17/2024,3569,2080,4920,3700
Maharashtra,Nashik,Lasalgaon,Onion,Red,17/09/2024,9/17/2024,6446,2370,4890,4110
Maharashtra,Nashik,Lasalgaon,Onion,Other,18/09/2024,9/18/2024,5999,2310,4280,3500
Maharashtra,Nashik,Lasalgaon,Onion,Red,18/09/2024,9/18/2024,5590,2560,4810,4060
Maharashtra,Nashik,Lasalgaon,Onion,Other,19/09/2024,9/19/2024,6359,2310,4260,3240
Maharashtra,Nashik,Lasalgaon,Onion,Red,19/09/2024,9/19/2024,6176,2280,4500,3600
Maharashtra,Nashik,Lasalgaon,Onion,Other,20/09/2024,9/20/2024,5281,2460,4600,3310
Maharashtra,Nashik,Lasalgaon,Onion,Red,20/09/2024,9/20/2024,5100,2770,4990,3880
Maharashtra,Nashik,Lasalgaon,Onion,Other,21/09/2024,9/21/2024,6966,2430,4470,3320
Maharashtra,Nashik,Lasalgaon,Onion,Red,21/09/2024,9/21/2024,4164,2130,4540,3660
Maharashtra,Nashik,Lasalgaon,Onion,Other,23/09/2024,9/23/2024,5232,2160,4470,3470
Maharashtra,Nashik,Lasalgaon,Onion,Red,23/09/2024,9/23/2024,6896,2250,4340,3700
Maharashtra,Nashik,Lasalgaon,Onion,Other,24/09/2024,9/24/2024,3455,2020,3900,3380
Maharashtra,Nashik,Lasalgaon,Onion,Red,24/09/2024,9/24/2024,6986,2630,4530,3920
Maharashtra,Nashik,Lasalgaon,Onion,Other,25/09/2024,9/25/2024,3679,2000,4420,3440
Maharashtra,Nashik,Lasalgaon,Onion,Red,25/09/2024,9/25/2024,3468,2650,4880,3760
Maharashtra,Nashik,Lasalgaon,Onion,Other,26/09/2024,9/26/2024,7516,2470,4640,3360
Maharashtra,Nashik,Lasalgaon,Onion,Red,26/09/2024,9/26/2024,7023,2200,4580,3880
Maharashtra,Nashik,Lasalgaon,Onion,Other,27/09/2024,9/27/2024,7101,2120,3670,3010
Maharashtra,Nashik,Lasalgaon,Onion,Red,27/09/2024,9/27/2024,4598,2420,4530,3370
Maharashtra,Nashik,Lasalgaon,Onion,Other,28/09/2024,9/28/2024,5759,1970,3610,3030
Maharashtra,Nashik,Lasalgaon,Onion,Red,28/09/2024,9/28/2024,7229,2110,4160,3240
Maharashtra,Nashik,Lasalgaon,Onion,Other,30/09/2024,9/30/2024,5122,2070,4090,3030
Maharashtra,Nashik,Lasalgaon,Onion,Red,30/09/2024,9/30/2024,4874,2310,4040,3400
Maharashtra,Nashik,Lasalgaon,Onion,Other,1/10/2024,10/1/2024,5218,2660,5130,3690
Maharashtra,Nashik,Lasalgaon,Onion,Red,1/10/2024,10/1/2024,3083,2790,5280,4210
Maharashtra,Nashik,Lasalgaon,Onion,Other,2/10/2024,10/2/2024,3416,2580,4980,3630
Maharashtra,Nashik,Lasalgaon,Onion,Red,2/10/2024,10/2/2024,3717,2640,4740,4030
Maharashtra,Nashik,Lasalgaon,Onion,Other,3/10/2024,10/3/2024,5260,2350,3910,3350
Maharashtra,Nashik,Lasalgaon,Onion,Red,3/10/2024,10/3/2024,4376,2640,4560,3850
Maharashtra,Nashik,Lasalgaon,Onion,Other,4/10/2024,10/4/2024,7714,2530,4600,3390
Maharashtra,Nashik,Lasalgaon,Onion,Red,4/10/2024,10/4/2024,5516,2690,5110,3750
Maharashtra,Nashik,Lasalgaon,Onion,Other,5/10/2024,10/5/2024,3989,2030,3410,2850
Maharashtra,Nashik,Lasalgaon,Onion,Red,5/10/2024,10/5/2024,7967,2390,3720,3230
Maharashtra,Nashik,Lasalgaon,Onion,Other,7/10/2024,10/7/2024,4636,2190,4310,3180
Maharashtra,Nashik,Lasalgaon,Onion,Red,7/10/2024,10/7/2024,4224,2590,4960,3670
Maharashtra,Nashik,Lasalgaon,Onion,Other,8/10/2024,10/8/2024,5572,2330,3890,3210
Maharashtra,Nashik,Lasalgaon,Onion,Red,8/10/2024,10/8/2024,5320,2530,5110,3730
Maharashtra,Nashik,Lasalgaon,Onion,Other,9/10/2024,10/9/2024,5177,2170,4160,3550
Maharashtra,Nashik,Lasalgaon,Onion,Red,9/10/2024,10/9/2024,5329,2790,4560,3940
Maharashtra,Nashik,Lasalgaon,Onion,Other,10/10/2024,10/10/2024,5210,2130,4270,3500
Maharashtra,Nashik,Lasalgaon,Onion,Red,10/10/2024,10/10/2024,5551,2450,5250,3940
Maharashtra,Nashik,Lasalgaon,Onion,Other,11/10/2024,10/11/2024,7591,2570,4400,3500
Maharashtra,Nashik,Lasalgaon,Onion,Red,11/10/2024,10/11/2024,5088,2360,5280,3970
Maharashtra,Nashik,Lasalgaon,Onion,Other,12/10/2024,10/12/2024,6695,2360,4610,3340
Maharashtra,Nashik,Lasalgaon,Onion,Red,12/10/2024,10/12/2024,3868,2730,4520,3870
Maharashtra,Nashik,Lasalgaon,Onion,Other,14/10/2024,10/14/2024,6070,1650,3660,2950
Maharashtra,Nashik,Lasalgaon,Onion,Red,14/10/2024,10/14/2024,5629,2010,4040,3390
Maharashtra,Nashik,Lasalgaon,Onion,Other,15/10/2024,10/15/2024,5826,2040,4200,3060
Maharashtra,Nashik,Lasalgaon,Onion,Red,15/10/2024,10/15/2024,3709,2500,4790,3470
Maharashtra,Nashik,Lasalgaon,Onion,Other,16/10/2024,10/16/2024,4862,2230,4190,3340
Maharashtra,Nashik,Lasalgaon,Onion,Red,16/10/2024,10/16/2024,7292,2470,4200,3650
Maharashtra,Nashik,Lasalgaon,Onion,Other,17/10/2024,10/17/2024,4414,1930,4090,3380
Maharashtra,Nashik,Lasalgaon,Onion,Red,17/10/2024,10/17/2024,5751,2830,4340,3770
Maharashtra,Nashik,Lasalgaon,Onion,Other,18/10/2024,10/18/2024,7308,2130,4750,3420
Maharashtra,Nashik,Lasalgaon,Onion,Red,18/10/2024,10/18/2024,6896,2490,5060,3910
Maharashtra,Nashik,Lasalgaon,Onion,Other,19/10/2024,10/19/2024,5077,2400,4080,3330
Maharashtra,Nashik,Lasalgaon,Onion,Red,19/10/2024,10/19/2024,5822,2200,4530,3770
Maharashtra,Nashik,Lasalgaon,Onion,Other,21/10/2024,10/21/2024,8337,1900,3750,3020
Maharashtra,Nashik,Lasalgaon,Onion,Red,21/10/2024,10/21/2024,7457,2440,4220,3380
Maharashtra,Nashik,Lasalgaon,Onion,Other,22/10/2024,10/22/2024,6157,2660,4470,3580
Maharashtra,Nashik,Lasalgaon,Onion,Red,22/10/2024,10/22/2024,5352,2370,4720,3880
Maharashtra,Nashik,Lasalgaon,Onion,Other,23/10/2024,10/23/2024,4560,2440,4570,3310
Maharashtra,Nashik,Lasalgaon,Onion,Red,23/10/2024,10/23/2024,5270,2360,4910,3750
Maharashtra,Nashik,Lasalgaon,Onion,Other,24/10/2024,10/24/2024,5734,2180,3800,3240
Maharashtra,Nashik,Lasalgaon,Onion,Red,24/10/2024,10/24/2024,4490,2780,5190,3780
Maharashtra,Nashik,Lasalgaon,Onion,Other,25/10/2024,10/25/2024,5284,2280,4300,3690
Maharashtra,Nashik,Lasalgaon,Onion,Red,25/10/2024,10/25/2024,3209,2790,4790,4160
Maharashtra,Nashik,Lasalgaon,Onion,Other,26/10/2024,10/26/2024,4771,2100,3900,3190
Maharashtra,Nashik,Lasalgaon,Onion,Red,26/10/2024,10/26/2024,5494,2500,4100,3460
Maharashtra,Nashik,Lasalgaon,Onion,Other,28/10/2024,10/28/2024,3491,2300,4170,3320
Maharashtra,Nashik,Lasalgaon,Onion,Red,28/10/2024,10/28/2024,3568,2560,4920,3760
Maharashtra,Nashik,Lasalgaon,Onion,Other,29/10/2024,10/29/2024,5353,2040,4360,3450
Maharashtra,Nashik,Lasalgaon,Onion,Red,29/10/2024,10/29/2024,6126,2750,5230,3860
Maharashtra,Nashik,Lasalgaon,Onion,Other,30/10/2024,10/30/2024,6805,1950,4160,3150
Maharashtra,Nashik,Lasalgaon,Onion,Red,30/10/2024,10/30/2024,6037,2610,4440,3510
Maharashtra,Nashik,Lasalgaon,Onion,Other,31/10/2024,10/31/2024,8131,1950,3900,3040
Maharashtra,Nashik,Lasalgaon,Onion,Red,31/10/2024,10/31/2024,5757,2130,4760,3410
Maharashtra,Nashik,Lasalgaon,Onion,Other,1/11/2024,11/1/2024,3636,1800,3940,3120
Maharashtra,Nashik,Lasalgaon,Onion,Red,1/11/2024,11/1/2024,6289,2200,4800,3440
Maharashtra,Nashik,Lasalgaon,Onion,Other,2/11/2024,11/2/2024,7686,2040,3860,3160
Maharashtra,Nashik,Lasalgaon,Onion,Red,2/11/2024,11/2/2024,5773,2090,4510,3570
Maharashtra,Nashik,Lasalgaon,Onion,Other,4/11/2024,11/4/2024,6775,2080,4330,3480
Maharashtra,Nashik,Lasalgaon,Onion,Red,4/11/2024,11/4/2024,3136,2560,4880,3900
Maharashtra,Nashik,Lasalgaon,Onion,Other,5/11/2024,11/5/2024,3399,2230,4130,3420
Maharashtra,Nashik,Lasalgaon,Onion,Red,5/11/2024,11/5/2024,6219,2630,4920,3860
Maharashtra,Nashik,Lasalgaon,Onion,Other,6/11/2024,11/6/2024,8273,1630,3410,2680
Maharashtra,Nashik,Lasalgaon,Onion,Red,6/11/2024,11/6/2024,8334,1700,4230,3040
Maharashtra,Nashik,Lasalgaon,Onion,Other,7/11/2024,11/7/2024,3938,1710,3510,2880
Maharashtra,Nashik,Lasalgaon,Onion,Red,7/11/2024,11/7/2024,6672,2130,3850,3310
Maharashtra,Nashik,Lasalgaon,Onion,Other,8/11/2024,11/8/2024,7011,1950,4130,2960
Maharashtra,Nashik,Lasalgaon,Onion,Red,8/11/2024,11/8/2024,6810,2120,4400,3270
Maharashtra,Nashik,Lasalgaon,Onion,Other,9/11/2024,11/9/2024,7921,2270,3860,3150
Maharashtra,Nashik,Lasalgaon,Onion,Red,9/11/2024,11/9/2024,7424,2150,4900,3550
Maharashtra,Nashik,Lasalgaon,Onion,Other,11/11/2024,11/11/2024,6715,2060,4100,3190
Maharashtra,Nashik,Lasalgaon,Onion,Red,11/11/2024,11/11/2024,4203,2650,4800,3570
Maharashtra,Nashik,Lasalgaon,Onion,Other,12/11/2024,11/12/2024,4825,2060,3620,3030
Maharashtra,Nashik,Lasalgaon,Onion,Red,12/11/2024,11/12/2024,5912,2450,4150,3370
Maharashtra,Nashik,Lasalgaon,Onion,Other,13/11/2024,11/13/2024,7926,1870,3750,3000
Maharashtra,Nashik,Lasalgaon,Onion,Red,13/11/2024,11/13/2024,6924,2060,4160,3340
Maharashtra,Nashik,Lasalgaon,Onion,Other,14/11/2024,11/14/2024,5310,2410,4390,3260
Maharashtra,Nashik,Lasalgaon,Onion,Red,14/11/2024,11/14/2024,4307,2650,4740,3710
Maharashtra,Nashik,Lasalgaon,Onion,Other,15/11/2024,11/15/2024,3974,1690,3490,2920
Maharashtra,Nashik,Lasalgaon,Onion,Red,15/11/2024,11/15/2024,6203,2330,4430,3200
Maharashtra,Nashik,Lasalgaon,Onion,Other,16/11/2024,11/16/2024,3914,2210,3860,3030
Maharashtra,Nashik,Lasalgaon,Onion,Red,16/11/2024,11/16/2024,3528,1980,4200,3420
Maharashtra,Nashik,Lasalgaon,Onion,Other,18/11/2024,11/18/2024,8401,1790,3650,3000
Maharashtra,Nashik,Lasalgaon,Onion,Red,18/11/2024,11/18/2024,6490,2000,4040,3340
Maharashtra,Nashik,Lasalgaon,Onion,Other,19/11/2024,11/19/2024,4569,2170,3700,2990
Maharashtra,Nashik,Lasalgaon,Onion,Red,19/11/2024,11/19/2024,4948,2120,4490,3440
Maharashtra,Nashik,Lasalgaon,Onion,Other,20/11/2024,11/20/2024,5988,1950,3500,2830
Maharashtra,Nashik,Lasalgaon,Onion,Red,20/11/2024,11/20/2024,4562,2140,4270,3230
Maharashtra,Nashik,Lasalgaon,Onion,Other,21/11/2024,11/21/2024,6664,1860,4340,3120
Maharashtra,Nashik,Lasalgaon,Onion,Red,21/11/2024,11/21/2024,5548,2280,4240,3560
Maharashtra,Nashik,Lasalgaon,Onion,Other,22/11/2024,11/22/2024,4572,1870,3940,2960
Maharashtra,Nashik,Lasalgaon,Onion,Red,22/11/2024,11/22/2024,5530,2290,3950,3210
Maharashtra,Nashik,Lasalgaon,Onion,Other,23/11/2024,11/23/2024,4992,1900,3860,3100
Maharashtra,Nashik,Lasalgaon,Onion,Red,23/11/2024,11/23/2024,6341,2400,4430,3590
Maharashtra,Nashik,Lasalgaon,Onion,Other,25/11/2024,11/25/2024,5723,1690,3330,2770
Maharashtra,Nashik,Lasalgaon,Onion,Red,25/11/2024,11/25/2024,7087,2040,3980,3120
Maharashtra,Nashik,Lasalgaon,Onion,Other,26/11/2024,11/26/2024,5713,1870,3670,2720
Maharashtra,Nashik,Lasalgaon,Onion,Red,26/11/2024,11/26/2024,7358,2070,4060,2960
Maharashtra,Nashik,Lasalgaon,Onion,Other,27/11/2024,11/27/2024,5636,2140,4260,3050
Maharashtra,Nashik,Lasalgaon,Onion,Red,27/11/2024,11/27/2024,3471,1980,4460,3520
Maharashtra,Nashik,Lasalgaon,Onion,Other,28/11/2024,11/28/2024,7515,1860,4010,3040
Maharashtra,Nashik,Lasalgaon,Onion,Red,28/11/2024,11/28/2024,3814,2060,4470,3250
Maharashtra,Nashik,Lasalgaon,Onion,Other,29/11/2024,11/29/2024,5128,1810,3620,2950
Maharashtra,Nashik,Lasalgaon,Onion,Red,29/11/2024,11/29/2024,4877,2380,4530,3340
Maharashtra,Nashik,Lasalgaon,Onion,Other,30/11/2024,11/30/2024,4617,1740,3780,2700
Maharashtra,Nashik,Lasalgaon,Onion,Red,30/11/2024,11/30/2024,8234,2250,4130,3040
Maharashtra,Nashik,Lasalgaon,Onion,Other,2/12/2024,12/2/2024,7008,1530,3670,2760
Maharashtra,Nashik,Lasalgaon,Onion,Red,2/12/2024,12/2/2024,5016,1780,4100,3040
Maharashtra,Nashik,Lasalgaon,Onion,Other,3/12/2024,12/3/2024,5608,1580,3390,2790
Maharashtra,Nashik,Lasalgaon,Onion,Red,3/12/2024,12/3/2024,5702,2190,4090,3040
Maharashtra,Nashik,Lasalgaon,Onion,Other,4/12/2024,12/4/2024,7030,1790,3850,2900
Maharashtra,Nashik,Lasalgaon,Onion,Red,4/12/2024,12/4/2024,6409,2280,4420,3390
Maharashtra,Nashik,Lasalgaon,Onion,Other,5/12/2024,12/5/2024,5308,1720,4050,2950
Maharashtra,Nashik,Lasalgaon,Onion,Red,5/12/2024,12/5/2024,5145,1890,4270,3280
Maharashtra,Nashik,Lasalgaon,Onion,Other,6/12/2024,12/6/2024,4849,1860,3350,2730
Maharashtra,Nashik,Lasalgaon,Onion,Red,6/12/2024,12/6/2024,6578,1980,4110,3160
Maharashtra,Nashik,Lasalgaon,Onion,Other,7/12/2024,12/7/2024,4340,1920,3860,2790
Maharashtra,Nashik,Lasalgaon,Onion,Red,7/12/2024,12/7/2024,4168,1760,3840,3130
Maharashtra,Nashik,Lasalgaon,Onion,Other,9/12/2024,12/9/2024,8229,2020,4060,3040
Maharashtra,Nashik,Lasalgaon,Onion,Red,9/12/2024,12/9/2024,4620,2650,4300,3650
Maharashtra,Nashik,Lasalgaon,Onion,Other,10/12/2024,12/10/2024,5068,1700,3320,2580
Maharashtra,Nashik,Lasalgaon,Onion,Red,10/12/2024,12/10/2024,3815,1970,3800,2850
Maharashtra,Nashik,Lasalgaon,Onion,Other,11/12/2024,12/11/2024,4993,1850,3490,2820
Maharashtra,Nashik,Lasalgaon,Onion,Red,11/12/2024,12/11/2024,7355,1880,3690,3140
Maharashtra,Nashik,Lasalgaon,Onion,Other,12/12/2024,12/12/2024,4065,1460,3520,2620
Maharashtra,Nashik,Lasalgaon,Onion,Red,12/12/2024,12/12/2024,5686,1770,3740,2900
Maharashtra,Nashik,Lasalgaon,Onion,Other,13/12/2024,12/13/2024,5791,1760,3460,2480
Maharashtra,Nashik,Lasalgaon,Onion,Red,13/12/2024,12/13/2024,7654,1510,3140,2710
Maharashtra,Nashik,Lasalgaon,Onion,Other,14/12/2024,12/14/2024,8094,1970,3920,2850
Maharashtra,Nashik,Lasalgaon,Onion,Red,14/12/2024,12/14/2024,4891,2280,4080,3220
Maharashtra,Nashik,Lasalgaon,Onion,Other,16/12/2024,12/16/2024,7066,1860,3300,2760
Maharashtra,Nashik,Lasalgaon,Onion,Red,16/12/2024,12/16/2024,4400,2190,4460,3420
Maharashtra,Nashik,Lasalgaon,Onion,Other,17/12/2024,12/17/2024,5262,1700,2980,2340
Maharashtra,Nashik,Lasalgaon,Onion,Red,17/12/2024,12/17/2024,4985,1450,3430,2600
Maharashtra,Nashik,Lasalgaon,Onion,Other,18/12/2024,12/18/2024,5352,1550,3340,2540
Maharashtra,Nashik,Lasalgaon,Onion,Red,18/12/2024,12/18/2024,8570,2050,3520,2870
Maharashtra,Nashik,Lasalgaon,Onion,Other,19/12/2024,12/19/2024,7570,1520,3320,2690
Maharashtra,Nashik,Lasalgaon,Onion,Red,19/12/2024,12/19/2024,5289,2070,3640,3040
Maharashtra,Nashik,Lasalgaon,Onion,Other,20/12/2024,12/20/2024,4948,1610,3200,2600
Maharashtra,Nashik,Lasalgaon,Onion,Red,20/12/2024,12/20/2024,8549,1770,3360,2800
Maharashtra,Nashik,Lasalgaon,Onion,Other,21/12/2024,12/21/2024,7937,1310,2870,2190
Maharashtra,Nashik,Lasalgaon,Onion,Red,21/12/2024,12/21/2024,8946,1530,2770,2380
Maharashtra,Nashik,Lasalgaon,Onion,Other,23/12/2024,12/23/2024,5700,1630,3070,2430
Maharashtra,Nashik,Lasalgaon,Onion,Red,23/12/2024,12/23/2024,7898,1550,3470,2750
Maharashtra,Nashik,Lasalgaon,Onion,Other,24/12/2024,12/24/2024,4971,1760,2920,2420
Maharashtra,Nashik,Lasalgaon,Onion,Red,24/12/2024,12/24/2024,4794,1900,3270,2690
Maharashtra,Nashik,Lasalgaon,Onion,Other,25/12/2024,12/25/2024,6391,1590,2860,2190
Maharashtra,Nashik,Lasalgaon,Onion,Red,25/12/2024,12/25/2024,4651,1550,3270,2350
Maharashtra,Nashik,Lasalgaon,Onion,Other,26/12/2024,12/26/2024,4466,1310,3070,2340
Maharashtra,Nashik,Lasalgaon,Onion,Red,26/12/2024,12/26/2024,8916,1430,3230,2540
Maharashtra,Nashik,Lasalgaon,Onion,Other,27/12/2024,12/27/2024,6320,1560,2680,2090
Maharashtra,Nashik,Lasalgaon,Onion,Red,27/12/2024,12/27/2024,6879,1430,2730,2280
Maharashtra,Nashik,Lasalgaon,Onion,Other,28/12/2024,12/28/2024,7059,1220,2580,2100
Maharashtra,Nashik,Lasalgaon,Onion,Red,28/12/2024,12/28/2024,9192,1300,2760,2320
Maharashtra,Nashik,Lasalgaon,Onion,Other,30/12/2024,12/30/2024,8232,1510,2550,2190
Maharashtra,Nashik,Lasalgaon,Onion,Red,30/12/2024,12/30/2024,7843,1720,3230,2460
Maharashtra,Nashik,Lasalgaon,Onion,Other,31/12/2024,12/31/2024,9195,1330,2840,2300
Maharashtra,Nashik,Lasalgaon,Onion,Red,31/12/2024,12/31/2024,4372,1660,3540,2550
